TAHUN,PROV,DISIC2,JAN,FEB,MAR,APR,MEI,JUN,JUL,AGS,SEP,OKT,NOP,DES,YEAR,SHIFTM,SHIFTD,DPUSDA,DNFINS,DFINSI,DNOPRO,DINDIV,DASING,CONTROW1,BUSINES1,STOCKOW1,CONTROW2,BUSINES2,STOCKOW2,STOCKOWO,NAMRTL,PPR1RTL,PROV1RTL,PPRV1RTL,PROV2RTL,PPRV2RTL,PROV3RTL,PPRV3RTL,PPRVORTL,NAMYPR,PPR1YPR,PROV1YPR,PPRV1YPR,PROV2YPR,PPRV2YPR,PROV3YPR,PPRV3YPR,PPRVOYPR,RND,COSTRD,INOV,AMDAL,PPLIHI,SPPLHI,INSPLI,SOWSTE,LIWSTE,B3WSTE,LPMNOP,LPMNON,LNMNOP,LNMNON,LPWNOP,LPWNON,LNWNOP,LNWNON,LPRNOP,LPRNON,LNPNOP,LNPNON,LTLNOF,LTLRND,ZPTVCU,ZNTVCU,ZPRVCU,ZNRVCU,ZPDVCU,ZNDVCU,EPELIU,EPEVCU,EPELIE,EPEVCE,ESOLIU,ESOVCU,ESOLIE,ESOVCE,ESDLIU,ESDVCU,ESDLIE,ESDVCE,EDILIU,EDIVCU,EDILIE,EDIVCE,ECLKGU,ECLVCU,ECLKGE,ECLVCE,ECKKGU,ECKVCU,ECKKGE,ECKVCE,ECBKGU,ECBVCU,ECBKGE,ECBVCE,ENGKGU,ENGVCU,ENGKGE,ENGVCE,EFOLIU,EFOVCU,EFOLIE,EFOVCE,ELPKGU,ELPVCU,ELPKGE,ELPVCE,ECAKGU,ECAVCU,ECAKGE,ECAVCE,ECADES,ENCVCU,ENCVCE,ENCDES,ELULIU,ELUVCU,ELULIE,ELUVCE,EFUVCU,EFUVCE,EPCKVA,EPLKHU,EPLVCU,ENPKHU,ENPVCU,MGEKIN,MGENOU,MGEKWU,ESGKHU,OEUKHU,OELKHU,IBRVCU,ILRVCU,ITXVCU,IISLOV,IISFOV,IINVCU,ICOVCU,IPKVCU,IDEVCU,IPRVCU,IRDVCU,IKLVCU,IKOVCU,IUWVCU,IOTVCU,IT1VCU,IMPOR,RDNVCU,RIMVCU,PRPRCA,EKSPOR,YPRVCU,YISVDO,YISVFO,YISVCU,YRSVCU,YKDVCU,YKFVCU,YSNVCU,YELVCU,NOPVCU,YRNVCU,YTOVCU,SRJVCU,SRDVCU,SHJVCU,SHDVCU,SFJVCU,SFDVCU,STJVCU,STDVCU,CLFPCU,CLTTCU,CLSACU,V1101,CBFPCU,CBTTCU,CBSACU,V1103,CMFPCU,CMTTCU,CMSACU,V1106,CVFPCU,CVTTCU,CVSACU,V1109,CSFPCU,CSTTCU,R601E_K4,V1110,COFPCU,COTTCU,COSACU,V1112,CTFPCU,CTTTCU,CTSACU,V1125,R1001A,R1001B,R1001C,R1001D,R1001E,R1001SUM,R1002A,RTLVCU,SRMVCU,SHFVCU,SFNVCU,STLVCU,LPRNOU,LNPNOU,LTLNOU,PENGTK,OUTPUT,IINPUT,VTLVCU,RENUM
2021,12,13,1,1,1,1,1,1,1,1,1,1,0,0,10,24,10,0.0,0.0,0.0,0.0,100.0,0.0,0,,0.0,0,,0.0,0.0,BENANG POLYESTER,76.8,32,4.5,11,8.8,36,3.7,6.2,KAIN TENUN,32.6,32,25.2,35,11.7,15,19.0,11.5,2,2,2,4,2,1,8,0,1,1,23,4,7,1,21,4,3,0,44,8,10,1,0,0,1402435.0,296881.0,70121.75,14844.1,1472556.8,311725.0,0,0,0,0,0,0,0,0,0,0,0,0,0,0,0,0,229541,275450,0,0,0,0,0,0,0,0,0,0,0,0,0,0,0,0,0,0,0,0,0,0,0,0,0,0,,0,0,,1389,27785,0,0,303235,0,30680,111613,161838,0,0,,0,0,0,0,0,134471,74706,112059,0,0,59765,52294,89647,0,37353,0,0,0,74706,112060.0,747061.373,2,5347782,0,77.43964648,2,7094545.6111078,0,0,0,0,0,0,0,0,0,768121,768121,250280,248681,156425,155426,218996,217596,625701,621703,1790334,0,0,1790334,2005174,213114,0,2218288,2291628.0,167988.0,0,2459616.0,572907,42805.0,0,615712.0,214840,16934,0,231774,286454,0,0,286454,7161337.0,440841.0,0,7602178.0,1784281.8,303235,161838,747061.373,5347782,8344197.839,7094545.6111078,0,768121,-3998,7090548,74706,99999,59765,52294,1784281.8,7862666.908666,6559916.039,1302750.8695769,10001
2020,33,32,1,1,0,1,1,1,1,1,1,1,1,1,11,23,7,0.0,0.0,0.0,0.0,100.0,0.0,0,,0.0,0,,0.0,0.0,BAHAN BAKU CAMPURAN,80.1,94,8.4,32,4.0,0,0.0,7.5,PRODUK MANUFAKTUR,37.4,35,19.7,64,17.0,0,0.0,25.9,2,2,0,5,3,0,4,1,1,1,31,5,8,1,11,2,2,0,42,7,10,1,0,1,1552762.0,348825.0,77638.1,17441.2,1630400.1,366266.2,0,0,0,0,0,0,0,0,0,0,0,0,0,0,0,0,0,0,0,0,0,0,0,0,0,0,0,0,0,0,0,0,0,0,0,0,18882,226586,0,0,0,0,0,0,,0,0,,629,12582,0,0,239168,0,20745,52164,75638,0,0,,0,0,0,0,0,56796,31553,47330,0,0,25243,22087,37864,0,15777,0,0,0,31553,47329.0,315531.594,2,3690344,0,70.98461663,2,6613676.0795241,0,0,0,0,0,0,0,0,0,544984,544984,282132,304860,176332,190538,246866,266753,705330,762151,656201,6095,0,662296,734945,75830,0,810775,839938.0,23088.0,38104,824922.0,209984,0.0,0,209984.0,78744,0,0,78744,104993,6487,4391,107089,2624805.0,111500.0,42495,2693810.0,1996666.4,239168,75638,315531.594,3690344,6317348.489,6613676.0795241,0,544984,56821,6670497,31553,47330,25243,22087,1996666.4,7158660.0588374,4320682.139,2837977.9202111,10002
2021,33,32,1,1,1,0,1,1,1,0,1,1,1,0,9,20,9,0.0,0.0,0.0,0.0,100.0,0.0,0,,0.0,0,,0.0,0.0,BAHAN BAKU CAMPURAN,61.0,32,14.6,16,7.2,12,8.9,8.3,PRODUK MANUFAKTUR,59.6,14,2.0,32,16.5,53,14.0,7.9,2,2,2,3,1,5,4,0,1,0,38,7,10,1,13,2,2,0,51,9,12,1,0,0,2504590.0,542988.0,125229.5,27149.4,2629819.5,570137.4,0,0,0,0,0,0,0,0,0,0,0,0,0,0,0,0,0,0,0,0,0,0,0,0,0,0,0,0,0,0,0,0,0,0,0,0,26719,320634,0,0,0,0,0,0,,0,0,,670,13398,0,0,334032,0,28610,130270,188892,0,0,,0,0,0,0,0,106652,59251,88876,0,0,47401,41476,71101,0,29625,0,0,0,59251,88876.0,592508.971,2,5334358,0,88.37067002,2,9215436.5031234,0,0,0,0,0,0,0,0,0,230122,230122,215390,207268,134619,129542,188467,181359,538476,518169,662296,6962,0,669258,810775,0,0,810775,824922.0,0.0,0,824922.0,209984,19874.0,0,229858.0,78744,5849,0,84593,107089,9826,0,116915,2693810.0,42511.0,0,2736321.0,3199956.9,334032,188892,592508.971,5334358,9649747.631,9215436.5031234,0,230122,-20307,9195130,59251,88876,47401,41476,3199956.9,9445558.5362006,6449790.731,2995767.8056286,10002
2022,33,32,1,1,1,1,1,1,1,1,1,1,1,1,12,24,7,0.0,0.0,0.0,0.0,100.0,0.0,0,,0.0,0,,0.0,0.0,BAHAN BAKU CAMPURAN,33.7,36,27.0,36,26.1,0,0.0,13.2,PRODUK MANUFAKTUR,62.9,18,17.9,63,11.2,14,1.4,6.6,2,0,2,4,2,5,2,1,1,1,52,9,14,2,17,3,2,0,69,12,16,2,0,0,3008757.0,668902.0,150437.85,33445.1,3159194.9,702347.1,0,0,0,0,0,0,0,0,0,0,0,0,0,0,0,0,0,0,0,0,0,0,0,0,0,0,0,0,0,0,0,0,0,0,0,0,19768,237217,0,0,0,0,0,0,,0,0,,1253,25062,0,0,262279,0,46948,101659,147406,0,0,,0,0,0,0,0,87810,48784,73175,0,0,39027,34149,58540,0,24392,0,0,0,48784,73175.0,487835.546,2,6811691,0,78.02690071,2,11272744.1206583,0,0,0,0,0,0,0,0,0,353850,353850,217354,231748,135846,144843,190185,202780,543385,579371,669258,23775,0,693033,810775,0,0,810775,824922.0,0.0,0,824922.0,229858,2286.0,0,232144.0,84593,4083,0,88676,116915,0,0,116915,2736321.0,30144.0,0,2766465.0,3861542.0,262279,147406,487835.546,6811691,11570752.822,11272744.1206583,0,353850,35986,11308730,48784,73175,39027,34149,3861542.0,11626593.641866,7709210.872,3917382.7694441,10002
2018,18,14,1,1,1,1,1,1,1,1,1,1,1,1,12,23,7,0.0,0.0,0.0,0.0,100.0,0.0,0,,0.0,0,,0.0,0.0,KAIN KATUN,70.5,21,2.7,33,9.7,33,13.1,4.0,PAKAIAN JADI,94.4,73,2.2,33,1.9,36,0.9,0.6,2,2,2,5,1,3,7,0,1,0,35,6,10,1,16,3,2,0,51,9,12,1,0,0,1305095.0,282941.0,65254.75,14147.1,1370349.8,297088.0,0,0,0,0,0,0,0,0,0,0,0,0,0,0,0,0,0,0,0,0,0,0,0,0,0,0,0,0,0,0,0,0,0,0,0,0,2327,27930,0,0,0,0,0,0,,0,0,,118,2354,0,0,30284,0,5140,12461,18068,0,0,,0,0,0,0,0,31128,17293,25940,0,0,13835,12105,20752,0,8647,0,0,0,17293,25941.0,172934.121,0,1958415,499902,86.37529026,0,4042664.0872991,0,0,0,0,0,0,0,0,0,181693,181693,67063,62304,41914,38940,58681,54516,167658,155760,783562,85172,0,868734,877590,0,0,877590,1002960.0,118601.0,0,1121561.0,250740,24308.0,0,275048.0,94028,8858,0,102886,125370,0,0,125370,3134250.0,236939.0,0,3371189.0,1667437.8,30284,18068,172934.121,2458317,4347040.586,4042664.0872991,0,181693,-11898,4030766,17293,25940,13835,12105,1667437.8,4224357.2662887,2679602.786,1544754.4800544,10003
2019,18,14,1,1,1,1,1,1,1,1,1,1,1,1,12,25,7,0.0,0.0,0.0,0.0,100.0,0.0,0,,0.0,0,,0.0,0.0,KAIN KATUN,75.2,32,10.7,32,2.1,32,6.0,6.0,PAKAIAN JADI,57.1,32,7.1,33,13.9,0,0.0,21.9,2,2,2,5,4,5,7,0,1,1,28,5,8,1,13,2,2,0,41,7,10,1,0,0,1111451.0,254886.0,55572.55,12744.3,1167023.6,267630.3,0,0,0,0,0,0,0,0,0,0,0,0,0,0,0,0,0,0,0,0,0,0,0,0,0,0,0,0,0,0,0,0,0,0,0,0,4398,52776,0,0,0,0,0,0,,0,0,,272,5438,0,0,58214,0,7680,31917,46280,0,0,,0,0,0,0,0,26127,14515,21772,0,0,11612,10160,17418,0,7257,0,0,0,14515,21772.0,145148.116,0,1597288,314257,73.42577302,0,3049950.9291202,0,0,0,0,0,0,0,0,0,306526,306526,100996,94031,63122,58770,88371,82277,252489,235078,868734,0,0,868734,877590,0,0,877590,1121561.0,0.0,0,1121561.0,275048,6089.0,0,281137.0,102886,8687,4661,106912,125370,14684,0,140054,3371189.0,29460.0,4661,3395988.0,1434653.9,58214,46280,145148.116,1911545,3595840.89,3049950.9291202,0,306526,-17411,3032540,14515,21772,11612,10160,1434653.9,3356477.1779259,2161187.04,1195290.1379841,10003
2020,18,14,1,1,1,1,1,1,1,1,1,1,1,1,12,21,7,0.0,0.0,0.0,0.0,100.0,0.0,0,,0.0,0,,0.0,0.0,KAIN KATUN,49.7,35,19.7,31,19.8,0,0.0,10.8,PAKAIAN JADI,40.2,11,8.4,31,1.3,63,34.0,16.1,2,2,2,2,4,2,2,0,1,0,35,6,10,1,17,3,2,0,52,9,12,1,0,2,1446871.0,308536.0,72343.55,15426.8,1519214.6,323962.8,0,0,0,0,0,0,0,0,0,0,0,0,0,0,0,0,0,0,0,0,0,0,0,0,0,0,0,0,0,0,0,0,0,0,0,0,4938,59256,0,0,0,0,0,0,,0,0,,260,5195,0,0,64451,0,10255,25384,36807,0,0,,0,0,0,0,0,8445,4692,7037,0,0,3753,3284,5630,0,2346,0,0,0,4692,7037.0,46916.261,0,2248628,286077,71.45285937,0,4102105.8234756,0,0,0,0,0,0,0,0,0,67576,67576,161888,146790,101180,91744,141652,128440,404720,366974,868734,83103,0,951837,877590,0,0,877590,1121561.0,0.0,0,1121561.0,281137,0.0,0,281137.0,106912,11409,1540,116781,140054,6998,992,146060,3395988.0,101510.0,2532,3494966.0,1843177.4,64451,36807,46916.261,2534706,4526056.347,4102105.8234756,0,67576,-37746,4064360,4692,7037,3753,3284,1843177.4,4169681.6073272,2682878.997,1486802.6102607,10003
2021,18,14,1,1,1,0,1,1,1,1,1,1,1,1,11,22,8,0.0,0.0,0.0,0.0,100.0,0.0,0,,0.0,0,,0.0,0.0,KAIN KATUN,67.6,35,5.0,32,9.3,82,13.6,4.5,PAKAIAN JADI,51.4,12,19.0,35,4.0,33,19.1,6.5,0,2,2,3,5,5,2,0,1,1,33,6,10,1,16,3,2,0,49,9,12,1,0,0,1357903.0,304539.0,67895.15,15227.0,1425798.2,319766.0,0,0,0,0,0,0,0,0,0,0,0,0,0,0,0,0,0,0,0,0,0,0,0,0,0,0,0,0,0,0,0,0,0,0,0,0,2232,26783,0,0,0,0,0,0,,0,0,,50,991,0,0,27774,0,7528,34530,50069,0,0,,0,0,0,0,0,48686,27048,40571,0,0,21638,18933,32457,0,13524,0,0,0,27048,40571.0,270476.387,0,3028736,61811,82.17108878,0,5323345.8829817,0,0,0,0,0,0,0,0,0,410042,410042,102043,101273,63777,63296,89287,88614,255107,253183,951837,0,0,951837,877590,84698,0,962288,1121561.0,0.0,0,1121561.0,281137,0.0,0,281137.0,116781,8918,0,125699,146060,0,0,146060,3494966.0,93616.0,0,3588582.0,1745564.1,27774,50069,270476.387,3090547,5184430.187,5323345.8829817,0,410042,-1924,5321422,27048,40571,21638,18933,1745564.1,5733387.602932,3438866.087,2294521.5156283,10003
2022,18,14,1,1,1,1,1,0,1,1,0,1,1,1,10,22,10,0.0,0.0,0.0,0.0,100.0,0.0,0,,0.0,0,,0.0,0.0,KAIN KATUN,48.5,32,9.1,34,15.0,51,18.5,8.9,PAKAIAN JADI,62.9,32,8.1,31,13.7,32,9.0,6.3,2,2,2,5,2,3,3,0,1,1,43,7,11,2,21,4,3,0,64,11,14,2,0,0,1831015.0,390808.0,91550.75,19540.4,1922565.8,410348.4,0,0,0,0,0,0,0,0,0,0,0,0,0,0,0,0,0,0,0,0,0,0,0,0,0,0,0,0,0,0,0,0,0,0,0,0,1383,16600,0,0,0,0,0,0,,0,0,,66,1318,0,0,17918,0,549,1367,1982,0,0,,0,0,0,0,0,55602,30890,46335,0,0,24712,21623,37068,0,15445,0,0,0,30890,46337.0,308902.068,0,1658222,1164623,97.54585486,0,4908647.4345314,0,0,0,0,0,0,0,0,0,410000,410000,168445,193947,105278,121217,147389,169703,421112,484867,951837,13642,0,965479,962288,34981,0,997269,1121561.0,0.0,0,1121561.0,281137,0.0,2160,278977.0,125699,11512,0,137211,146060,3098,6778,142380,3588582.0,63233.0,8938,3642877.0,2332914.1,17918,1982,308902.068,2822846,5484561.85,4908647.4345314,0,410000,63755,4972402,30890,46335,24712,21623,2332914.1,5318647.4209914,3151647.7,2166999.7212333,10003
2021,32,32,1,1,1,1,0,1,1,1,0,1,1,1,10,22,7,0.0,0.0,0.0,0.0,100.0,0.0,0,,0.0,0,,0.0,0.0,BAHAN BAKU CAMPURAN,48.3,63,18.7,33,17.4,35,8.7,6.9,PRODUK MANUFAKTUR,57.3,64,27.0,35,0.7,0,0.0,15.0,0,2,2,5,5,3,5,1,1,0,26,5,8,1,18,3,2,0,44,8,10,1,0,0,1699214.0,359707.0,84960.7,17985.4,1784174.7,377692.4,0,0,0,0,0,0,0,0,0,0,0,0,0,0,0,0,0,0,0,0,0,0,0,0,0,0,0,0,0,0,0,0,0,0,0,0,26573,318878,0,0,0,0,0,0,,0,0,,1125,22506,0,0,341385,0,28843,139412,202147,0,0,,0,0,0,0,0,122974,68319,102479,0,0,54655,47823,81983,0,34160,0,0,0,68319,102479.0,683191.132,0,2630059,2922608,89.88736659,2,11165933.0779904,0,0,0,0,0,0,0,0,0,1090110,1090110,359503,403509,224690,252193,314565,353071,898758,1008773,1896834,101189,0,1998023,2124454,0,83825,2040629,2427947.0,143821.0,0,2571768.0,606987,0.0,28504,578483.0,227620,0,0,227620,303493,0,0,303493,7587335.0,245010.0,112329,7720016.0,2161867.1,341385,202147,683191.132,5552667,8941257.258,11165933.0779904,0,1090110,110015,11275948,68319,99999,54655,47823,2161867.1,12256042.7509416,6779390.208,5476652.5430147,10004
2022,32,32,0,0,0,0,0,0,0,0,0,0,0,0,0,0,0,0.0,0.0,0.0,0.0,100.0,0.0,0,,0.0,0,,0.0,0.0,BAHAN BAKU CAMPURAN,57.1,33,27.1,31,7.2,0,0.0,8.6,PRODUK MANUFAKTUR,35.0,11,4.3,82,40.3,0,0.0,20.4,2,2,2,1,3,0,7,0,1,1,0,0,0,0,0,0,0,0,0,0,0,0,0,0,0.0,0.0,0.0,0.0,0.0,0.0,0,0,0,0,0,0,0,0,0,0,0,0,0,0,0,0,0,0,0,0,0,0,0,0,0,0,0,0,0,0,0,0,0,0,0,0,0,0,0,0,0,0,0,0,,0,0,,0,0,0,0,0,0,0,0,0,0,0,,0,0,0,0,0,0,0,0,0,0,0,0,0,0,0,0,0,0,0,0.0,0.0,2,0,0,0.0,2,0.0,0,0,0,0,0,0,0,0,0,0,0,0,0,0,0,0,0,0,0,1998023,21005,0,2019028,2040629,217191,45489,2212331,2571768.0,0.0,0,2571768.0,578483,0.0,28003,550480.0,227620,21749,0,249369,303493,7533,0,311026,7720016.0,267478.0,73492,7914002.0,0.0,0,0,0.0,0,0.0,0.0,0,0,0,0,0,0,0,0,0.0,0.0,0.0,0.0,10004
2018,31,22,1,1,0,1,1,0,1,1,1,1,1,1,10,19,10,0.0,0.0,0.0,0.0,100.0,0.0,0,,0.0,0,,0.0,0.0,BIJIH PLASTIK,100.0,0,0.0,0,0.0,0,0.0,0.0,BARANG PLASTIK,61.0,18,8.2,76,13.9,61,12.0,4.9,2,2,2,5,1,5,7,1,0,1,34,6,10,1,20,3,3,0,54,9,13,1,0,0,2326682.0,517328.0,116334.1,25866.4,2443016.1,543194.4,0,0,0,0,30209,286984,0,0,0,0,0,0,0,0,0,0,0,0,0,0,0,0,0,0,0,0,0,0,0,0,0,0,0,0,0,0,0,0,0,0,0,0,0,0,,0,0,,1182,23637,0,0,310621,0,33282,153702,222867,0,0,,0,0,0,0,0,88952,49418,74126,0,0,39534,34592,59301,0,24709,0,0,0,49418,74125.0,494174.564,0,4782693,1520651,70.85768965,0,9886259.441513,0,0,0,0,0,0,0,0,0,615456,615456,235448,266725,147155,166703,206017,233385,588620,666813,2458272,144663,49630,2553305,2753265,0,0,2753265,3146589.0,0.0,98272,3048317.0,786647,32989.0,0,819636.0,294993,101,5595,289499,393324,46269,0,439593,9833090.0,224022.0,153497,9903615.0,2986210.5,310621,222867,494174.564,6303344,10317217.802,9886259.441513,0,615456,78193,9964452,49418,74126,39534,34592,2986210.5,10501715.0315141,7331007.302,3170707.7290523,10005
2019,31,22,0,1,1,0,1,1,1,1,0,1,0,1,8,20,7,0.0,0.0,0.0,0.0,100.0,0.0,0,,0.0,0,,0.0,0.0,BIJIH PLASTIK,71.0,71,2.9,62,3.2,63,17.3,5.6,BARANG PLASTIK,75.9,91,9.0,32,4.2,32,7.7,3.2,2,0,2,1,2,2,5,1,1,1,34,6,10,1,20,3,3,0,54,9,13,1,0,0,2067963.0,459803.0,103398.15,22990.2,2171361.1,482793.2,0,0,0,0,47369,450001,0,0,0,0,0,0,0,0,0,0,0,0,0,0,0,0,0,0,0,0,0,0,0,0,0,0,0,0,0,0,0,0,0,0,0,0,0,0,,0,0,,813,16253,0,0,466254,0,61019,230503,334229,0,0,,0,0,0,0,0,128157,71198,106798,0,0,56959,49839,85438,0,35599,0,0,0,71198,106799.0,711985.392,0,3646006,4174147,71.89806462,0,12022835.9847499,0,0,0,0,0,0,0,0,0,737176,737176,488989,453624,305618,283515,427866,396920,1222473,1134059,2553305,136175,0,2689480,2753265,0,0,2753265,3048317.0,299756.0,0,3348073.0,819636,0.0,0,819636.0,289499,0,0,289499,439593,49495,0,489088,9903615.0,485426.0,0,10389041.0,2654154.3,466254,334229,711985.392,7820153,11986775.33,12022835.9847499,0,737176,-88414,11934422,71198,99999,56959,49839,2654154.3,12760012.4068466,9332621.03,3427391.3773231,10005
2020,31,22,1,1,0,0,1,1,1,1,1,1,0,1,9,25,7,0.0,0.0,0.0,0.0,100.0,0.0,0,,0.0,0,,0.0,0.0,BIJIH PLASTIK,49.7,71,29.1,71,2.9,35,2.4,15.9,BARANG PLASTIK,36.9,33,13.1,32,18.9,36,21.5,9.6,2,2,2,3,4,2,3,1,0,0,34,6,10,1,19,3,3,0,53,9,13,1,0,0,2000014.0,451866.0,100000.7,22593.3,2100014.7,474459.3,0,0,0,0,28152,267447,0,0,0,0,0,0,0,0,0,0,0,0,0,0,0,0,0,0,0,0,0,0,0,0,0,0,0,0,0,0,0,0,0,0,0,0,0,0,,0,0,,1459,29179,0,0,296626,0,31095,146371,212239,0,0,,0,0,0,0,0,134135,74519,111779,0,0,59615,52164,89423,0,37260,0,0,0,74519,111779.0,745193.305,0,5040231,1948929,61.60442945,0,11175538.1053531,0,0,0,0,0,0,0,0,0,596498,596498,151535,144078,94709,90049,132593,126069,378837,360196,2689480,117722,0,2807202,2753265,0,108352,2644913,3348073.0,0.0,0,3348073.0,819636,0.0,0,819636.0,289499,0,0,289499,489088,0,0,489088,10389041.0,117722.0,108352,10398411.0,2574474.0,296626,212239,745193.305,6989160,10817691.844,11175538.1053531,0,596498,-18641,11156897,74519,99999,59615,52164,2574474.0,11772036.19231,8243217.844,3528818.348012,10005
2021,31,22,1,1,1,1,1,1,1,1,0,1,1,0,10,20,9,0.0,0.0,0.0,0.0,100.0,0.0,0,,0.0,0,,0.0,0.0,BIJIH PLASTIK,33.8,35,16.7,32,15.2,14,25.0,9.3,BARANG PLASTIK,37.3,36,11.1,32,20.2,62,20.7,10.7,2,2,2,4,0,3,1,1,0,1,42,8,12,2,24,4,3,0,66,12,15,2,0,0,3136460.0,683902.0,156823.0,34195.1,3293283.0,718097.1,0,0,0,0,52647,500144,0,0,0,0,0,0,0,0,0,0,0,0,0,0,0,0,0,0,0,0,0,0,0,0,0,0,0,0,0,0,0,0,0,0,0,0,0,0,,0,0,,840,16805,0,0,516949,0,45239,191142,277156,0,0,,0,0,0,0,0,176739,98188,147283,0,0,78551,68732,117826,0,49094,0,0,0,98188,147284.0,981885.047,0,7521181,3588026,82.99982646,0,15789413.785577,0,0,0,0,0,0,0,0,0,666447,666447,536514,521849,335322,326156,469450,456618,1341286,1304623,2807202,27042,0,2834244,2644913,134483,0,2779396,3348073.0,367856.0,0,3715929.0,819636,0.0,0,819636.0,289499,9550,0,299049,489088,19382,14515,493955,10398411.0,558313.0,14515,10942209.0,4011380.1,516949,277156,981885.047,11109207,16896577.987,15789413.785577,0,666447,-36663,15752751,98188,99999,78551,68732,4011380.1,16455860.5477142,12885197.887,3570662.6604142,10005
2022,31,22,1,0,1,0,1,1,1,1,0,0,1,1,8,24,8,0.0,0.0,0.0,0.0,100.0,0.0,0,,0.0,0,,0.0,0.0,BIJIH PLASTIK,100.0,0,0.0,0,0.0,0,0.0,0.0,BARANG PLASTIK,45.0,62,16.2,12,27.2,0,0.0,11.6,2,2,2,4,4,1,5,0,0,1,42,8,12,2,24,4,3,0,66,12,15,2,0,0,3170441.0,691311.0,158522.05,34565.6,3328963.1,725876.6,0,0,0,0,66740,634032,0,0,0,0,0,0,0,0,0,0,0,0,0,0,0,0,0,0,0,0,0,0,0,0,0,0,0,0,0,0,0,0,0,0,0,0,0,0,,0,0,,2934,58679,0,0,692712,0,92803,232940,337763,0,0,,0,0,0,0,0,128828,71571,107357,0,0,57257,50100,85885,0,35786,0,0,0,71571,107356.0,715710.571,0,9506174,1896999,95.08492529,0,17959802.1373526,0,0,0,0,0,0,0,0,0,658179,658179,639568,704924,399730,440578,559622,616809,1598920,1762311,2834244,0,0,2834244,2779396,0,0,2779396,3715929.0,0.0,0,3715929.0,819636,0.0,0,819636.0,299049,0,0,299049,493955,0,0,493955,10942209.0,0.0,0,10942209.0,4054839.6,692712,337763,715710.571,11403173,17204197.213,17959802.1373526,0,658179,163391,18123193,71571,99999,57257,50100,4054839.6,18617981.021286,13149357.613,5468623.407851,10005
2018,32,32,1,1,1,1,1,1,1,1,0,0,1,1,10,21,11,0.0,0.0,0.0,0.0,100.0,0.0,0,,0.0,0,,0.0,0.0,BAHAN BAKU CAMPURAN,69.0,36,14.5,21,10.5,0,0.0,6.0,PRODUK MANUFAKTUR,58.0,81,25.9,73,3.3,0,0.0,12.8,2,2,2,4,3,3,8,0,1,1,24,4,6,1,13,2,2,0,37,6,8,1,0,0,1447471.0,303225.0,72373.55,15161.2,1519844.6,318386.2,0,0,0,0,0,0,0,0,0,0,0,0,0,0,0,0,0,0,0,0,0,0,0,0,0,0,0,0,0,0,0,0,0,0,0,0,10906,130873,0,0,0,0,0,0,,0,0,,675,13490,0,0,144363,0,32653,89696,130059,0,0,,0,0,0,0,0,51022,28345,42518,0,0,22676,19842,34014,0,14173,0,0,0,28345,42519.0,283454.191,2,3373040,0,81.06418653,0,6228467.2226409,0,0,0,0,0,0,0,0,0,146736,146736,182397,215191,113998,134494,159598,188292,455993,537977,1286749,0,1060,1285689,1441159,0,0,1441159,1647039.0,0.0,0,1647039.0,411760,0.0,0,411760.0,154410,2029,0,156439,205879,15596,0,221475,5146996.0,17625.0,1060,5163561.0,1838230.8,144363,130059,283454.191,3373040,5769146.837,6228467.2226409,0,146736,81984,6310451,28345,42518,22676,19842,1838230.8,6375203.1810122,3930916.037,2444287.1442564,10006
2019,32,32,0,0,0,0,0,0,0,0,0,0,0,0,0,0,0,0.0,0.0,0.0,0.0,100.0,0.0,0,,0.0,0,,0.0,0.0,BAHAN BAKU CAMPURAN,69.0,33,11.0,71,12.7,0,0.0,7.3,PRODUK MANUFAKTUR,39.9,12,25.0,36,0.1,13,26.2,8.8,2,2,2,3,3,0,7,0,0,0,0,0,0,0,0,0,0,0,0,0,0,0,0,0,0.0,0.0,0.0,0.0,0.0,0.0,0,0,0,0,0,0,0,0,0,0,0,0,0,0,0,0,0,0,0,0,0,0,0,0,0,0,0,0,0,0,0,0,0,0,0,0,0,0,0,0,0,0,0,0,,0,0,,0,0,0,0,0,0,0,0,0,0,0,,0,0,0,0,0,0,0,0,0,0,0,0,0,0,0,0,0,0,0,0.0,0.0,2,0,0,0.0,2,0.0,0,0,0,0,0,0,0,0,0,0,0,0,0,0,0,0,0,0,0,1285689,88153,0,1373842,1441159,0,0,1441159,1647039.0,46372.0,0,1693411.0,411760,0.0,0,411760.0,156439,0,342,156097,221475,14756,0,236231,5163561.0,149281.0,342,5312500.0,0.0,0,0,0.0,0,0.0,0.0,0,0,0,0,0,0,0,0,0.0,0.0,0.0,0.0,10006
2020,32,32,0,0,0,1,1,1,1,1,1,1,0,1,8,24,7,0.0,0.0,0.0,0.0,100.0,0.0,0,,0.0,0,,0.0,0.0,BAHAN BAKU CAMPURAN,100.0,0,0.0,0,0.0,0,0.0,0.0,PRODUK MANUFAKTUR,68.6,16,12.6,35,5.8,33,8.5,4.5,2,2,2,3,3,3,2,0,1,1,21,4,6,1,12,2,1,0,33,6,7,1,0,0,1242074.0,255037.0,62103.7,12751.9,1304177.7,267788.9,0,0,0,0,0,0,0,0,0,0,0,0,0,0,0,0,0,0,0,0,0,0,0,0,0,0,0,0,0,0,0,0,0,0,0,0,11699,140384,0,0,0,0,0,0,,0,0,,297,5948,0,0,146332,0,3878,18904,27411,0,0,,0,0,0,0,0,41808,23227,34840,0,0,18581,16259,27872,0,11613,0,0,0,23227,34841.0,232267.897,2,2831917,0,71.46182955,0,5069125.9971735,0,0,0,0,0,0,0,0,0,443141,443141,186163,203163,116352,126977,162892,177767,465407,507907,1373842,20971,0,1394813,1441159,0,0,1441159,1693411.0,190443.0,0,1883854.0,411760,0.0,0,411760.0,156097,0,0,156097,236231,0,0,236231,5312500.0,211414.0,0,5523914.0,1571966.6,146332,27411,232267.897,2831917,4809894.21,5069125.9971735,0,443141,42500,5111626,23227,34840,18581,16259,1571966.6,5512267.3937132,3237927.66,2274339.7332657,10006
2021,51,14,1,1,1,1,0,1,0,1,1,1,1,1,10,22,7,0.0,0.0,0.0,0.0,100.0,0.0,0,,0.0,0,,0.0,0.0,KAIN KATUN,100.0,0,0.0,0,0.0,0,0.0,0.0,PAKAIAN JADI,84.1,31,0.6,13,9.6,32,2.5,3.2,2,0,0,1,1,2,2,1,0,1,9,1,3,0,5,1,1,0,14,2,4,0,0,0,473734.0,118655.0,23686.7,5932.8,497420.7,124587.8,0,0,0,0,0,0,0,0,0,0,0,0,0,0,0,0,0,0,0,0,0,0,0,0,0,0,0,0,0,0,0,0,0,0,0,0,2360,28315,0,0,0,0,0,0,,0,0,,61,1213,0,0,29529,0,3616,14928,21645,0,0,,0,0,0,0,0,16366,9092,13638,0,0,7274,6365,10911,0,4546,0,0,0,9092,13639.0,90923.279,2,823424,0,62.64346855,2,1279137.6684118,25726,2858,28584,0,0,0,0,0,0,104882,104882,27156,29474,16972,18421,23762,25790,67890,73685,167624,0,0,167624,187739,0,4910,182829,214558.0,0.0,10701,203857.0,53640,4080.0,0,57720.0,20115,545,464,20196,26819,1014,0,27833,670495.0,5639.0,16075,660059.0,622008.4,29529,21645,90923.279,823424,1587529.553,1279137.6684118,28584,104882,5795,1313517,9092,13638,7274,6365,622008.4,1412604.3222814,965521.103,447083.2190057,10007
2022,51,14,1,1,1,1,1,1,0,0,1,1,1,1,10,26,11,0.0,0.0,0.0,0.0,100.0,0.0,0,,0.0,0,,0.0,0.0,KAIN KATUN,79.3,72,4.9,35,7.4,52,5.6,2.8,PAKAIAN JADI,80.6,35,3.8,12,5.9,32,5.4,4.3,2,2,2,3,5,2,8,0,0,1,9,1,3,0,5,1,1,0,14,2,4,0,0,0,368894.0,92396.0,18444.7,4619.8,387338.7,97015.8,0,0,0,0,0,0,0,0,0,0,0,0,0,0,0,0,0,0,0,0,0,0,0,0,0,0,0,0,0,0,0,0,0,0,0,0,1289,15465,0,0,0,0,0,0,,0,0,,40,795,0,0,16259,0,709,3777,5476,0,0,,0,0,0,0,0,14998,8332,12498,0,0,6666,5832,9999,0,4166,0,0,0,8332,12498.0,83321.147,2,716661,0,55.4524629,2,1239032.2628738,11253,1250,12503,0,0,0,0,0,0,81108,81108,19390,18464,12119,11540,16966,16155,48475,46159,167624,0,304,167320,182829,0,0,182829,203857.0,6721.0,0,210578.0,57720,488.0,0,58208.0,20196,1173,0,21369,27833,1009,0,28842,660059.0,9391.0,304,669146.0,484354.5,16259,5476,83321.147,716661,1306072.167,1239032.2628738,12503,81108,-2316,1249219,8332,12498,6666,5832,484354.5,1332642.818572,821717.667,510925.1515619,10007
2018,35,28,0,1,1,1,1,1,1,1,1,1,1,1,11,25,11,0.0,0.0,0.0,0.0,100.0,0.0,0,,0.0,0,,0.0,0.0,BAJA & KOMPONEN,55.9,33,13.8,36,20.5,0,0.0,9.8,MESIN INDUSTRI,79.5,52,6.6,19,1.2,0,0.0,12.7,2,2,0,2,5,0,5,0,0,0,14,2,4,0,3,1,0,0,17,3,4,0,0,0,863076.0,172960.0,43153.8,8648.0,906229.8,181608.0,0,0,0,0,0,0,0,0,0,0,0,0,0,0,0,0,0,0,0,0,0,0,0,0,0,0,0,0,10952,87613,0,0,0,0,0,0,0,0,0,0,0,0,0,0,,0,0,,270,5395,0,0,93009,0,7777,43900,63655,0,0,,0,0,0,0,0,28219,15677,23516,0,0,12542,10974,18813,0,7839,0,0,0,15677,23517.0,156774.161,0,1052808,619464,83.24433508,0,2760553.8077099,0,0,0,0,0,0,0,0,0,94531,94531,81221,89737,50763,56086,71069,78519,203053,224342,872278,0,0,872278,976952,87631,0,1064583,1116516.0,0.0,14348,1102168.0,279129,0.0,5289,273840.0,104673,8072,0,112745,139565,0,0,139565,3489113.0,95703.0,19637,3565179.0,1087837.8,93009,63655,156774.161,1672272,3073547.135,2760553.8077099,0,94531,21289,2781843,15677,23516,12542,10974,1087837.8,2855084.9645371,1985709.335,869375.6293361,10008
2019,35,28,1,1,1,1,1,1,1,1,0,1,1,1,11,26,9,0.0,0.0,0.0,0.0,100.0,0.0,0,,0.0,0,,0.0,0.0,BAJA & KOMPONEN,73.9,33,2.6,33,2.9,12,14.1,6.5,MESIN INDUSTRI,84.2,31,5.7,32,4.5,32,3.5,2.1,2,2,2,2,0,4,7,1,0,1,14,2,4,0,3,1,0,0,17,3,4,0,0,0,977484.0,195887.0,48874.2,9794.4,1026358.2,205681.4,0,0,0,0,0,0,0,0,0,0,0,0,0,0,0,0,0,0,0,0,0,0,0,0,0,0,0,0,9040,72322,0,0,0,0,0,0,0,0,0,0,0,0,0,0,,0,0,,222,4442,0,0,76764,0,26555,58564,84918,0,0,,0,0,0,0,0,32521,18067,27101,0,0,14454,12647,21681,0,9034,0,0,0,18067,27100.0,180671.728,0,1297788,307732,77.39486997,0,2687938.2155854,0,0,0,0,0,0,0,0,0,189945,189945,47439,48260,29650,30162,41509,42227,118598,120649,872278,0,0,872278,1064583,0,0,1064583,1102168.0,0.0,0,1102168.0,273840,0.0,0,273840.0,112745,0,0,112745,139565,12080,0,151645,3565179.0,12080.0,0,3577259.0,1232039.6,76764,84918,180671.728,1605520,3179913.865,2687938.2155854,0,189945,2051,2689989,18067,27101,14454,12647,1232039.6,2877883.6242132,1947874.315,930009.3094048,10008
2020,35,28,1,1,1,1,1,1,1,1,1,1,1,1,12,21,11,0.0,0.0,0.0,0.0,100.0,0.0,0,,0.0,0,,0.0,0.0,BAJA & KOMPONEN,20.0,64,1.3,36,24.4,12,41.4,12.9,MESIN INDUSTRI,63.9,18,16.2,72,11.2,0,0.0,8.7,2,2,2,3,3,3,2,1,0,1,15,2,4,0,4,1,1,0,19,3,5,0,0,0,1043348.0,237491.0,52167.4,11874.6,1095515.4,249365.6,0,0,0,0,0,0,0,0,0,0,0,0,0,0,0,0,0,0,0,0,0,0,0,0,0,0,0,0,14904,119231,0,0,0,0,0,0,0,0,0,0,0,0,0,0,,0,0,,240,4802,0,0,124034,0,22628,64632,93716,0,0,,0,0,0,0,0,60899,33833,50749,0,0,27066,23683,40599,0,16916,0,0,0,33833,50748.0,338325.879,0,1458570,924177,57.94511193,0,3843055.6905193,0,0,0,0,0,0,0,0,0,255927,255927,125040,114675,78150,71672,109411,100341,312601,286688,872278,0,0,872278,1064583,0,0,1064583,1102168.0,0.0,26745,1075423.0,273840,18649.0,0,292489.0,112745,0,0,112745,151645,0,0,151645,3577259.0,18649.0,26745,3569163.0,1344881.0,124034,93716,338325.879,2382747,4283703.385,3843055.6905193,0,255927,-25913,3817143,33833,50749,27066,23683,1344881.0,4098982.277022,2938822.435,1160159.8418909,10008
2021,35,28,1,1,1,1,1,1,0,1,0,1,1,1,10,27,7,0.0,0.0,0.0,0.0,100.0,0.0,0,,0.0,0,,0.0,0.0,BAJA & KOMPONEN,49.1,32,5.3,33,33.8,0,0.0,11.8,MESIN INDUSTRI,54.9,36,16.6,32,17.7,31,2.6,8.2,2,2,2,3,5,3,3,0,1,0,21,3,4,1,5,1,1,0,26,4,5,1,0,0,1579924.0,316406.0,78996.2,15820.3,1658920.2,332226.3,0,0,0,0,0,0,0,0,0,0,0,0,0,0,0,0,0,0,0,0,0,0,0,0,0,0,0,0,18033,144267,0,0,0,0,0,0,0,0,0,0,0,0,0,0,,0,0,,592,11847,0,0,156114,0,29076,73352,106360,0,0,,0,0,0,0,0,51933,28852,43278,0,0,23081,20196,34622,0,14426,0,0,0,28852,43277.0,288517.16,0,1781713,858896,72.88272169,0,4644624.6725748,0,0,0,0,0,0,0,0,0,273662,273662,87906,90562,54941,56601,76918,79242,219765,226405,872278,0,0,872278,1064583,0,0,1064583,1075423.0,0.0,39442,1035981.0,292489,12447.0,0,304936.0,112745,10577,0,123322,151645,10380,0,162025,3569163.0,33404.0,39442,3563125.0,1991146.5,156114,106360,288517.16,2640608,5182746.03,4644624.6725748,0,273662,6640,4651265,28852,43278,23081,20196,1991146.5,4918286.1925334,3191599.53,1726686.6622976,10008
2022,35,28,1,1,1,1,0,1,1,1,1,1,1,1,11,23,9,0.0,0.0,0.0,0.0,100.0,0.0,0,,0.0,0,,0.0,0.0,BAJA & KOMPONEN,100.0,0,0.0,0,0.0,0,0.0,0.0,MESIN INDUSTRI,37.5,14,41.5,34,6.3,0,0.0,14.7,2,2,2,3,3,4,2,0,1,0,26,5,6,1,6,1,1,0,32,6,7,1,0,0,1735999.0,365834.0,86799.95,18291.7,1822799.0,384125.7,0,0,0,0,0,0,0,0,0,0,0,0,0,0,0,0,0,0,0,0,0,0,0,0,0,0,0,0,16972,135776,0,0,0,0,0,0,0,0,0,0,0,0,0,0,,0,0,,708,14168,0,0,149944,0,17145,55845,80975,0,0,,0,0,0,0,0,52508,29171,43756,0,0,23337,20420,35005,0,14585,0,0,0,29171,43756.0,291708.764,0,2068572,1404529,74.16666383,0,5079604.9758554,45498,5055,50553,0,0,0,0,0,0,368224,368224,176921,206908,110576,129318,154806,181044,442303,517270,872278,86606,0,958884,1064583,63482,0,1128065,1035981.0,0.0,0,1035981.0,304936,32942.0,3185,334693.0,123322,7347,0,130669,162025,0,0,162025,3563125.0,190377.0,3185,3750317.0,2206924.7,149944,80975,291708.764,3473101,6202653.976,5079604.9758554,50553,368224,74967,5205125,29171,43756,23337,20420,2206924.7,5498382.4537466,3995729.326,1502653.1278577,10008
2018,73,14,1,1,1,1,1,1,1,1,0,1,1,1,11,23,7,0.0,0.0,0.0,0.0,100.0,0.0,0,,0.0,0,,0.0,0.0,KAIN KATUN,72.7,32,4.2,21,9.2,35,7.9,6.0,PAKAIAN JADI,75.7,15,16.1,16,1.3,34,1.5,5.4,2,2,0,5,5,0,2,1,1,0,5,1,2,0,9,1,2,0,14,2,4,0,0,0,530364.0,132840.0,26518.2,6642.0,556882.2,139482.0,0,0,0,0,0,0,0,0,0,0,0,0,0,0,0,0,0,0,0,0,0,0,0,0,0,0,0,0,0,0,0,0,0,0,0,0,2751,33014,0,0,0,0,0,0,,0,0,,157,3132,0,0,36147,0,15838,36070,52301,0,0,,0,0,0,0,0,23090,12828,19241,0,0,10262,8979,15393,0,6414,0,0,0,12828,19240.0,128274.904,0,1366816,271623,63.20420606,0,2624783.6781339,0,0,0,0,0,0,0,0,0,200063,200063,85878,87554,53674,54721,75143,76610,214695,218885,273738,0,0,273738,306587,0,0,306587,350385.0,0.0,0,350385.0,87596,0.0,0,87596.0,32849,0,0,32849,43797,3384,0,47181,1094952.0,3384.0,0,1098336.0,696364.2,36147,52301,128274.904,1638439,2551525.896,2624783.6781339,0,200063,4190,2628974,12828,19241,10262,8979,696364.2,2824846.2419526,1855161.696,969684.5463518,10009
2019,73,14,1,1,1,1,1,1,1,0,1,1,1,1,11,21,7,0.0,0.0,0.0,0.0,100.0,0.0,0,,0.0,0,,0.0,0.0,KAIN KATUN,84.3,32,5.3,35,4.4,15,3.7,2.3,PAKAIAN JADI,96.7,33,0.8,21,1.1,81,0.8,0.6,2,2,2,3,4,5,6,1,0,0,5,1,2,0,9,2,2,0,14,3,4,0,0,0,558560.0,131677.0,27928.0,6583.9,586488.0,138260.9,0,0,0,0,0,0,0,0,0,0,0,0,0,0,0,0,0,0,0,0,0,0,0,0,0,0,0,0,0,0,0,0,0,0,0,0,2503,30030,0,0,0,0,0,0,,0,0,,82,1641,0,0,31671,0,8490,20347,29504,0,0,,0,0,0,0,0,21780,12100,18150,0,0,9680,8470,14520,0,6050,0,0,0,12100,18151.0,121001.003,0,1021667,890922,78.60520018,0,3168306.3282249,0,0,0,0,0,0,0,0,0,178158,178158,61994,69392,38746,43370,54244,60717,154984,173479,273738,0,0,273738,306587,36564,0,343151,350385.0,0.0,0,350385.0,87596,0.0,0,87596.0,32849,0,181,32668,47181,0,0,47181,1098336.0,36564.0,181,1134719.0,724748.8,31671,29504,121001.003,1912588,2819513.47,3168306.3282249,0,178158,18495,3186801,12100,18150,9680,8470,724748.8,3346464.5076677,2094764.62,1251699.8873067,10009
2020,73,14,1,1,1,0,1,0,1,1,1,1,1,1,10,23,8,0.0,0.0,0.0,0.0,100.0,0.0,0,,0.0,0,,0.0,0.0,KAIN KATUN,93.5,35,2.9,36,0.0,35,2.3,1.3,PAKAIAN JADI,100.0,0,0.0,0,0.0,0,0.0,0.0,2,2,0,5,5,1,6,1,1,0,5,1,2,0,9,2,2,0,14,3,4,0,0,0,555673.0,130997.0,27783.65,6549.9,583456.7,137546.9,0,0,0,0,0,0,0,0,0,0,0,0,0,0,0,0,0,0,0,0,0,0,0,0,0,0,0,0,0,0,0,0,0,0,0,0,2631,31572,0,0,0,0,0,0,,0,0,,52,1049,0,0,32622,0,4529,23881,34627,0,0,,0,0,0,0,0,37040,20578,30867,0,0,16462,14404,24693,0,10289,0,0,0,20578,30867.0,205778.477,0,1535541,238064,79.89614573,0,3059578.9384933,0,0,0,0,0,0,0,0,0,141372,141372,38701,36092,24188,22558,33863,31581,96752,90231,273738,13936,0,287674,343151,0,0,343151,350385.0,0.0,0,350385.0,87596,8943.0,0,96539.0,32668,0,0,32668,47181,0,0,47181,1134719.0,22879.0,0,1157598.0,721003.5,32622,34627,205778.477,1773605,2767635.92,3059578.9384933,0,141372,-6521,3053058,20578,30867,16462,14404,721003.5,3200951.0648138,2046632.42,1154318.6449609,10009
2021,73,14,1,1,1,1,1,1,1,1,1,1,1,1,12,23,11,0.0,0.0,0.0,0.0,100.0,0.0,0,,0.0,0,,0.0,0.0,KAIN KATUN,65.8,12,12.8,21,12.2,36,4.5,4.7,PAKAIAN JADI,58.3,35,20.5,16,12.3,0,0.0,8.9,0,2,2,3,4,0,1,0,0,0,5,1,2,0,12,2,2,0,17,3,4,0,0,0,737075.0,147710.0,36853.75,7385.5,773928.8,155095.5,0,0,0,0,0,0,0,0,0,0,0,0,0,0,0,0,0,0,0,0,0,0,0,0,0,0,0,0,0,0,0,0,0,0,0,0,6532,78381,0,0,0,0,0,0,,0,0,,355,7092,0,0,85473,0,1924,10532,15271,0,0,,0,0,0,0,0,52039,28910,43366,0,0,23128,20237,34693,0,14455,0,0,0,28910,43367.0,289104.825,0,1431816,555127,68.26773456,0,3342007.3144238,0,0,0,0,0,0,0,0,0,134434,134434,88050,94222,55032,58888,77044,82444,220126,235554,287674,0,0,287674,343151,0,10851,332300,350385.0,11544.0,0,361929.0,96539,0.0,0,96539.0,32668,1709,1402,32975,47181,5533,0,52714,1157598.0,18786.0,12253,1164131.0,929024.2,85473,15271,289104.825,1986942,3305815.279,3342007.3144238,0,134434,15428,3357435,28910,43366,23128,20237,929024.2,3476441.0655595,2376791.029,1099650.0365066,10009
2022,73,14,0,1,1,0,1,1,0,1,1,1,0,1,8,24,8,0.0,0.0,0.0,0.0,100.0,0.0,0,,0.0,0,,0.0,0.0,KAIN KATUN,80.4,71,8.5,32,1.1,91,7.2,2.8,PAKAIAN JADI,54.4,36,4.7,31,26.1,12,5.1,9.7,0,2,2,2,3,5,4,1,0,0,6,1,2,0,12,2,2,0,18,3,4,0,0,0,757620.0,144601.0,37881.0,7230.1,795501.0,151831.1,0,0,0,0,0,0,0,0,0,0,0,0,0,0,0,0,0,0,0,0,0,0,0,0,0,0,0,0,0,0,0,0,0,0,0,0,1889,22669,0,0,0,0,0,0,,0,0,,87,1747,0,0,24415,0,3031,11960,17342,0,0,,0,0,0,0,0,48802,27112,40668,0,0,21690,18979,32535,0,13556,0,0,0,27112,40668.0,271122.016,0,1079308,722609,71.89909859,0,3212468.5197813,93590,10399,103989,0,0,0,0,0,0,197855,197855,129726,151111,81079,94444,113510,132223,324315,377778,287674,30205,0,317879,332300,0,0,332300,361929.0,0.0,0,361929.0,96539,5287.0,0,101826.0,32975,1716,0,34691,52714,0,229,52485,1164131.0,37208.0,229,1201110.0,947332.1,24415,17342,271122.016,1801917,3062129.004,3212468.5197813,103989,197855,53463,3369920,27112,40668,21690,18979,947332.1,3514312.5164001,2114796.954,1399515.5619902,10009
2019,11,31,0,1,1,1,1,1,1,1,1,1,1,1,11,28,7,0.0,0.0,0.0,0.0,100.0,0.0,0,,0.0,0,,0.0,0.0,KAYU OLAHAN,78.3,12,1.7,32,8.2,33,8.9,2.9,FURNITUR,54.3,35,17.1,33,15.3,72,4.0,9.3,0,2,2,5,4,3,8,1,0,1,33,6,10,1,25,4,4,0,58,10,14,1,0,0,2018289.0,445442.0,100914.45,22272.1,2119203.5,467714.1,0,0,0,0,0,0,0,0,0,0,0,0,0,0,0,0,0,0,0,0,0,0,0,0,0,0,0,0,0,0,0,0,0,0,0,0,0,0,0,0,356132,284906,0,0,,0,0,,956,19121,0,0,304027,0,10753,37488,54357,0,0,,0,0,0,0,0,63153,35085,52627,0,0,28068,24559,42102,0,17542,0,0,0,35085,52627.0,350848.124,2,4893488,0,72.12868275,0,8567180.6969985,0,0,0,0,0,0,0,0,0,209566,209566,165216,171841,103260,107400,144564,150361,413040,429602,1337581,0,0,1337581,1498091,164844,0,1662935,1712104.0,21145.0,0,1733249.0,428026,0.0,0,428026.0,160510,0,0,160510,214013,5253,0,219266,5350325.0,191242.0,0,5541567.0,2586917.6,304027,54357,350848.124,4893488,8189637.143,8567180.6969985,0,209566,16562,8583743,35085,52627,28068,24559,2586917.6,8776746.8708376,5602719.593,3174027.2777047,10010
2020,11,31,1,1,1,1,1,1,1,1,1,1,1,1,12,19,9,0.0,0.0,0.0,0.0,100.0,0.0,0,,0.0,0,,0.0,0.0,KAYU OLAHAN,89.6,64,4.5,73,1.7,32,2.7,1.5,FURNITUR,34.0,36,5.7,35,20.2,36,21.7,18.4,2,0,2,5,3,4,5,1,0,0,31,6,10,1,23,4,3,0,54,10,13,1,0,0,1781264.0,389869.0,89063.2,19493.5,1870327.2,409362.5,0,0,0,0,0,0,0,0,0,0,0,0,0,0,0,0,0,0,0,0,0,0,0,0,0,0,0,0,0,0,0,0,0,0,0,0,0,0,0,0,181565,145252,0,0,,0,0,,437,8737,0,0,153989,0,20529,118587,171951,0,0,,0,0,0,0,0,86969,48316,72474,0,0,38653,33821,57979,0,24158,0,0,0,48316,72473.0,483158.996,2,4494564,0,65.51083345,0,8285340.4447393,0,0,0,0,0,0,0,0,0,110739,110739,115186,108969,71991,68106,100787,95348,287964,272423,1337581,0,0,1337581,1662935,150684,0,1813619,1733249.0,0.0,0,1733249.0,428026,0.0,0,428026.0,160510,0,0,160510,219266,0,0,219266,5541567.0,150684.0,0,5692251.0,2279689.7,153989,171951,483158.996,4494564,7583352.851,8285340.4447393,0,110739,-15541,8269799,48316,72474,38653,33821,2279689.7,8396079.5509742,5303663.201,3092416.3502784,10010
2021,11,31,0,0,0,0,0,0,0,0,0,0,0,0,0,0,0,0.0,0.0,0.0,0.0,100.0,0.0,0,,0.0,0,,0.0,0.0,KAYU OLAHAN,32.3,15,0.9,17,27.8,36,29.9,9.1,FURNITUR,88.0,36,1.0,32,1.1,33,7.5,2.4,2,2,2,2,4,3,2,0,0,1,0,0,0,0,0,0,0,0,0,0,0,0,0,0,0.0,0.0,0.0,0.0,0.0,0.0,0,0,0,0,0,0,0,0,0,0,0,0,0,0,0,0,0,0,0,0,0,0,0,0,0,0,0,0,0,0,0,0,0,0,0,0,0,0,0,0,0,0,0,0,,0,0,,0,0,0,0,0,0,0,0,0,0,0,,0,0,0,0,0,0,0,0,0,0,0,0,0,0,0,0,0,0,0,0.0,0.0,2,0,0,0.0,2,0.0,0,0,0,0,0,0,0,0,0,0,0,0,0,0,0,0,0,0,0,1337581,49197,0,1386778,1813619,0,0,1813619,1733249.0,0.0,52001,1681248.0,428026,39200.0,0,467226.0,160510,0,0,160510,219266,0,0,219266,5692251.0,88397.0,52001,5728647.0,0.0,0,0,0.0,0,0.0,0.0,0,0,0,0,0,0,0,0,0.0,0.0,0.0,0.0,10010
2022,11,31,1,1,1,1,1,1,1,1,1,1,1,1,12,22,9,0.0,0.0,0.0,0.0,100.0,0.0,0,,0.0,0,,0.0,0.0,KAYU OLAHAN,80.2,35,8.8,31,1.0,14,6.0,4.0,FURNITUR,60.1,32,17.5,35,10.4,33,6.5,5.5,2,2,2,4,2,3,3,1,1,1,40,7,12,1,30,5,4,1,70,12,16,2,0,0,2994338.0,657579.0,149716.9,32879.0,3144054.9,690458.0,0,0,0,0,0,0,0,0,0,0,0,0,0,0,0,0,0,0,0,0,0,0,0,0,0,0,0,0,0,0,0,0,0,0,0,0,0,0,0,0,400153,320123,0,0,,0,0,,1193,23852,0,0,343975,0,65922,136753,198293,0,0,,0,0,0,0,0,102501,56945,85418,0,0,45556,39862,68334,0,28473,0,0,0,56945,85417.0,569451.116,2,6741849,0,74.41959264,0,11559699.5365025,0,0,0,0,0,0,0,0,0,305082,305082,240064,223048,150040,139405,210057,195168,600161,557621,1386778,28748,0,1415526,1813619,118353,0,1931972,1681248.0,0.0,0,1681248.0,467226,0.0,21822,445404.0,160510,0,6702,153808,219266,4223,0,223489,5728647.0,151324.0,28524,5851447.0,3834512.9,343975,198293,569451.116,6741849,11688080.217,11559699.5365025,0,305082,-42540,11517160,56945,85418,45556,39862,3834512.9,11864781.2990173,7853567.367,4011213.9320894,10010
2018,51,24,1,1,1,0,1,1,1,1,1,1,1,1,11,26,7,2.8,8.5,5.6,1.1,38.4,43.6,458,MANUFACTURING,43.6,0,,0.0,0.0,BIJIH BESI,56.5,35,16.7,33,9.5,52,9.5,7.8,BESI BAJA,53.2,18,12.9,19,6.5,36,21.1,6.3,2,2,2,2,1,0,3,1,0,1,13,2,3,0,5,1,1,0,18,3,4,0,0,0,1083025.0,206708.0,54151.25,10335.4,1137176.2,217043.4,0,0,0,0,0,0,0,0,0,0,0,0,0,0,0,0,318813,382575,0,0,0,0,0,0,0,0,0,0,0,0,0,0,0,0,0,0,0,0,0,0,0,0,0,0,,0,0,,851,17017,0,0,399592,0,58617,194725,282351,0,0,,0,0,0,0,0,22462,12479,18718,0,0,9983,8735,14974,0,6239,0,0,0,12479,18718.0,124786.7,0,3435662,511584,75.59196519,0,5423399.5237907,0,0,0,0,0,0,0,0,0,465115,465115,228002,226643,142502,141652,199502,198313,570006,566608,2174043,215644,0,2389687,2434928,0,0,2434928,2782775.0,0.0,0,2782775.0,695694,0.0,0,695694.0,260885,0,0,260885,347847,0,0,347847,8696172.0,215644.0,0,8911816.0,1354219.6,399592,282351,124786.7,3947246,6108195.215,5423399.5237907,0,465115,-3398,5420002,12479,18718,9983,8735,1354219.6,5888514.816068,4753975.565,1134539.250878,10011
2019,51,24,1,1,1,1,1,1,1,1,1,1,1,1,12,25,7,2.4,7.2,4.8,1.0,32.7,51.9,410,MANUFACTURING,51.9,0,,0.0,0.0,BIJIH BESI,43.0,91,20.1,16,3.5,65,19.1,14.3,BESI BAJA,49.6,12,25.1,32,6.8,91,10.2,8.3,0,2,0,5,1,1,4,0,1,1,13,2,4,0,5,1,1,0,18,3,5,0,0,0,1249503.0,297954.0,62475.15,14897.7,1311978.2,312851.7,0,0,0,0,0,0,0,0,0,0,0,0,0,0,0,0,292626,351151,0,0,0,0,0,0,0,0,0,0,0,0,0,0,0,0,0,0,0,0,0,0,0,0,0,0,,0,0,,1521,30414,0,0,381565,0,72110,157114,227816,0,0,,0,0,0,0,0,32268,17926,26890,0,0,14341,12548,21512,0,8963,0,0,0,17926,26890.0,179263.685,0,1993701,1592927,81.29589012,0,5418391.892236,0,0,0,0,0,0,0,0,0,309769,309769,104560,104073,65350,65046,91489,91064,261399,260183,2389687,4241,0,2393928,2434928,0,0,2434928,2782775.0,0.0,0,2782775.0,695694,60211.0,32163,723742.0,260885,0,0,260885,347847,0,0,347847,8911816.0,64452.0,32163,8944105.0,1624829.9,381565,227816,179263.685,3586628,6000102.591,5418391.892236,0,309769,-1216,5417176,17926,26890,14341,12548,1624829.9,5728160.4027963,4375272.741,1352887.6618194,10011
2020,14,15,1,1,1,1,0,1,1,1,0,0,1,1,9,28,8,0.0,0.0,0.0,0.0,100.0,0.0,0,,0.0,0,,0.0,0.0,KULIT SAPI,59.6,16,21.6,34,1.8,36,5.9,11.1,SEPATU KULIT,42.6,13,21.0,32,9.0,35,17.8,9.6,2,2,2,3,2,5,3,0,1,1,32,5,10,1,21,4,3,0,53,9,13,1,0,0,2085408.0,471159.0,104270.4,23558.0,2189678.4,494717.0,0,0,0,0,0,0,0,0,0,0,0,0,0,0,0,0,0,0,0,0,0,0,0,0,0,0,0,0,0,0,0,0,0,0,0,0,8982,107790,0,0,0,0,0,0,,0,0,,451,9013,0,0,116803,0,30581,93976,136265,0,0,,0,0,0,0,0,92509,51394,77091,0,0,41115,35976,61673,0,25697,0,0,0,51394,77091.0,513940.429,0,2830925,2247644,47.14007114,2,7612878.0249955,0,0,0,0,0,0,0,0,0,553945,553945,166152,196266,103845,122666,145384,171733,415381,490665,1730166,64871,0,1795037,1937786,0,22082,1915704,2214613.0,0.0,0,2214613.0,553653,0.0,0,553653.0,207620,0,0,207620,276828,0,2885,273943,6920666.0,64871.0,24967,6960570.0,2684395.4,116803,136265,513940.429,5078569,8529973.019,7612878.0249955,0,553945,75284,7688162,51394,77091,41115,35976,2684395.4,8166822.8383706,5845577.669,2321245.1697907,10012
2021,14,15,0,1,1,1,1,1,1,1,1,1,1,1,11,23,9,0.0,0.0,0.0,0.0,100.0,0.0,0,,0.0,0,,0.0,0.0,KULIT SAPI,52.8,32,5.7,63,31.0,33,0.8,9.7,SEPATU KULIT,84.8,12,4.8,35,4.3,52,4.7,1.4,2,2,2,5,5,0,7,1,1,1,33,5,10,1,21,4,3,0,54,9,13,1,0,0,2239985.0,498051.0,111999.25,24902.6,2351984.2,522953.6,0,0,0,0,0,0,0,0,0,0,0,0,0,0,0,0,0,0,0,0,0,0,0,0,0,0,0,0,0,0,0,0,0,0,0,0,13393,160720,0,0,0,0,0,0,,0,0,,809,16182,0,0,176902,0,21185,77805,112817,0,0,,0,0,0,0,0,66039,36689,55033,0,0,29351,25682,44026,0,18344,0,0,0,36689,55033.0,366885.75,0,4555327,511194,65.86152135,2,8256996.6782232,0,0,0,0,0,0,0,0,0,286627,286627,173345,157502,108341,98439,151677,137814,433363,393755,1795037,0,0,1795037,1915704,0,60633,1855071,2214613.0,0.0,0,2214613.0,553653,0.0,0,553653.0,207620,0,0,207620,273943,28492,0,302435,6960570.0,28492.0,60633,6928429.0,2874937.8,176902,112817,366885.75,5066522,8598064.144,8256996.6782232,0,286627,-39608,8217389,36689,55033,29351,25682,2874937.8,8543623.8438546,5723126.344,2820497.4993778,10012
2022,14,15,1,1,1,1,1,1,1,1,1,1,1,0,11,23,10,0.0,0.0,0.0,0.0,100.0,0.0,0,,0.0,0,,0.0,0.0,KULIT SAPI,63.4,32,7.2,32,15.5,33,0.1,13.8,SEPATU KULIT,72.1,21,5.9,33,13.0,35,4.8,4.2,2,2,2,4,5,1,8,1,1,0,35,6,11,1,23,4,3,0,58,10,14,1,0,0,2094541.0,462271.0,104727.05,23113.6,2199268.1,485384.6,0,0,0,0,0,0,0,0,0,0,0,0,0,0,0,0,0,0,0,0,0,0,0,0,0,0,0,0,0,0,0,0,0,0,0,0,13074,156892,0,0,0,0,0,0,,0,0,,614,12275,0,0,169167,0,13016,76673,111176,0,0,,0,0,0,0,0,80847,44915,67373,0,0,35932,31441,53898,0,22458,0,0,0,44915,67373.0,449152.108,0,4003457,653918,83.94406211,2,8032646.4922639,75607,8401,84008,0,0,0,0,0,0,290258,290258,135493,159436,84683,99647,118556,139506,338732,398589,1795037,0,0,1795037,1855071,155647,0,2010718,2214613.0,44962.0,0,2259575.0,553653,58570.0,0,612223.0,207620,21050,0,228670,302435,13106,0,315541,6928429.0,293335.0,0,7221764.0,2684652.6,169167,111176,449152.108,4657375,8071523.198,8032646.4922639,84008,290258,59857,8176512,44915,67373,35932,31441,2684652.6,8406912.9608105,5386870.598,3020042.3628376,10012
2021,32,15,1,1,1,1,1,1,0,1,1,1,1,1,11,24,8,0.0,0.0,0.0,0.0,100.0,0.0,0,,0.0,0,,0.0,0.0,KULIT SAPI,75.4,12,15.6,33,4.2,0,0.0,4.8,SEPATU KULIT,55.8,33,12.4,53,9.9,76,16.5,5.4,2,2,2,3,4,0,7,1,1,1,33,6,12,1,44,8,6,1,77,14,18,2,0,0,3217166.0,707345.0,160858.3,35367.2,3378024.3,742712.2,0,0,0,0,0,0,0,0,0,0,0,0,0,0,0,0,0,0,0,0,0,0,0,0,0,0,0,0,0,0,0,0,0,0,0,0,21324,255893,0,0,0,0,0,0,,0,0,,703,14068,0,0,269961,0,21864,104002,150802,0,0,,0,0,0,0,0,225631,125350,188026,0,0,100280,87745,150421,0,62675,0,0,0,125350,188027.0,1253505.08,0,5273590,4754334,60.53105229,0,15227239.1285893,0,0,0,0,0,0,0,0,0,1448408,1448408,395553,439637,247220,274773,346109,384682,988882,1099092,2610769,106267,0,2717036,2924061,41299,0,2965360,3341784.0,0.0,0,3341784.0,835446,0.0,0,835446.0,313292,37309,0,350601,417724,0,0,417724,10443076.0,184875.0,0,10627951.0,4120736.6,269961,150802,1253505.08,10027923,15822928.325,15227239.1285893,0,1448408,110210,15337449,99999,99999,99999,87745,4120736.6,16675647.2393727,11702191.775,4973455.4644249,10013
2022,32,15,0,0,0,0,0,0,0,0,0,0,0,0,0,0,0,0.0,0.0,0.0,0.0,100.0,0.0,0,,0.0,0,,0.0,0.0,KULIT SAPI,87.4,12,3.0,11,4.3,35,3.9,1.4,SEPATU KULIT,89.3,17,1.3,0,0.0,0,0.0,9.4,2,2,2,2,0,4,0,1,1,0,0,0,0,0,0,0,0,0,0,0,0,0,0,0,0.0,0.0,0.0,0.0,0.0,0.0,0,0,0,0,0,0,0,0,0,0,0,0,0,0,0,0,0,0,0,0,0,0,0,0,0,0,0,0,0,0,0,0,0,0,0,0,0,0,0,0,0,0,0,0,,0,0,,0,0,0,0,0,0,0,0,0,0,0,,0,0,0,0,0,0,0,0,0,0,0,0,0,0,0,0,0,0,0,0.0,0.0,2,0,0,0.0,2,0.0,0,0,0,0,0,0,0,0,0,0,0,0,0,0,0,0,0,0,0,2717036,109162,0,2826198,2965360,0,0,2965360,3341784.0,129780.0,0,3471564.0,835446,0.0,0,835446.0,350601,0,0,350601,417724,0,0,417724,10627951.0,238942.0,0,10866893.0,0.0,0,0,0.0,0,0.0,0.0,0,0,0,0,0,0,0,0,0.0,0.0,0.0,0.0,10013
2021,36,13,1,1,1,0,1,1,1,1,1,1,1,1,11,24,9,0.9,2.6,1.7,0.3,11.9,82.6,702,MANUFACTURING,82.6,0,,0.0,0.0,BENANG POLYESTER,95.9,35,1.1,35,1.3,33,1.2,0.5,KAIN TENUN,71.0,34,8.8,71,9.6,12,6.8,3.8,2,2,2,2,0,1,7,0,0,0,6,1,3,0,8,2,1,0,14,3,4,0,0,0,393345.0,92729.0,19667.25,4636.4,413012.2,97365.4,0,0,0,0,0,0,0,0,0,0,0,0,0,0,0,0,34777,41733,0,0,0,0,0,0,0,0,0,0,0,0,0,0,0,0,0,0,0,0,0,0,0,0,0,0,,0,0,,218,4350,0,0,46083,0,5385,25863,37502,0,0,,0,0,0,0,0,11944,6635,9953,0,0,5308,4645,7962,0,3318,0,0,0,6635,9954.0,66354.084,0,946529,146698,78.91019831,2,1803930.4917619,0,0,0,0,0,0,0,0,0,51367,51367,36127,39453,22579,24658,31611,34522,90317,98633,338629,32147,0,370776,379264,0,0,379264,433445.0,24119.0,0,457564.0,108361,1703.0,0,110064.0,40635,0,0,40635,54182,0,0,54182,1354516.0,57969.0,0,1412485.0,510377.7,46083,37502,66354.084,1093227,1753543.5,1803930.4917619,0,51367,8316,1812246,6635,9953,5308,4645,510377.7,1855297.6345479,1243165.8,612131.8347132,10014
2020,12,27,1,1,1,0,1,1,1,1,1,1,1,1,11,23,7,0.0,0.0,0.0,0.0,100.0,0.0,0,,0.0,0,,0.0,0.0,KAWAT TEMBAGA,33.2,73,10.7,33,40.8,32,2.5,12.8,PERALATAN LISTRIK,15.0,14,9.6,35,38.1,21,24.6,12.7,2,2,2,1,1,5,5,1,0,0,24,4,7,1,14,3,2,0,38,7,9,1,0,0,2279771.0,507010.0,113988.55,25350.5,2393759.6,532360.5,0,0,0,0,0,0,0,0,0,0,0,0,0,0,0,0,0,0,0,0,0,0,0,0,0,0,0,0,24181,193450,0,0,0,0,0,0,0,0,0,0,0,0,0,0,,0,0,,1037,20744,0,0,214194,0,25338,84769,122914,0,0,,0,0,0,0,0,64875,36042,54062,0,0,28833,25229,43250,0,18021,0,0,0,36042,54061.0,360415.372,2,4556015,0,86.60579192,2,6972270.2189548,0,0,0,0,0,0,0,0,0,695034,695034,265109,262810,165693,164256,231970,229958,662772,657024,2007129,0,23220,1983909,2247984,0,16225,2231759,2569125.0,0.0,0,2569125.0,642281,0.0,0,642281.0,240855,17453,0,258308,321141,26849,10189,337801,8028515.0,44302.0,49634,8023183.0,2926120.1,214194,122914,360415.372,4556015,8179658.609,6972270.2189548,0,695034,-5748,6966522,36042,54062,28833,25229,2926120.1,7667304.1726817,5253538.559,2413765.6141455,10015
2021,12,27,1,1,1,1,1,1,1,1,1,1,1,1,12,25,8,0.0,0.0,0.0,0.0,100.0,0.0,0,,0.0,0,,0.0,0.0,KAWAT TEMBAGA,61.9,36,14.1,33,7.2,31,11.8,5.0,PERALATAN LISTRIK,37.9,31,17.8,31,16.3,35,12.9,15.1,2,2,0,1,0,2,0,1,0,0,23,4,6,1,14,2,2,0,37,6,8,1,0,0,2156586.0,451775.0,107829.3,22588.8,2264415.3,474363.8,0,0,0,0,0,0,0,0,0,0,0,0,0,0,0,0,0,0,0,0,0,0,0,0,0,0,0,0,25224,201795,0,0,0,0,0,0,0,0,0,0,0,0,0,0,,0,0,,661,13225,0,0,215020,0,17011,96459,139865,0,0,,0,0,0,0,0,37187,20659,30989,0,0,16528,14462,24791,0,10330,0,0,0,20659,30989.0,206593.839,2,4142081,0,90.09235102,2,6134356.9549011,133996,14888,148884,0,0,0,0,0,0,0,0,210185,235880,131366,147425,183911,206394,525462,589699,1983909,65394,0,2049303,2231759,0,0,2231759,2569125.0,0.0,0,2569125.0,642281,6755.0,0,649036.0,258308,7657,0,265965,337801,0,0,337801,8023183.0,79806.0,0,8102989.0,2738779.1,215020,139865,206593.839,4142081,7442339.113,6134356.9549011,148884,0,64237,6347478,20659,30989,16528,14462,2738779.1,6283240.8523674,4703560.063,1579680.7889465,10015
2022,12,27,1,1,1,1,1,1,1,1,1,1,0,1,11,23,7,0.0,0.0,0.0,0.0,100.0,0.0,0,,0.0,0,,0.0,0.0,KAWAT TEMBAGA,39.5,31,9.5,13,13.3,64,22.7,15.0,PERALATAN LISTRIK,21.2,34,22.9,35,25.2,94,22.9,7.8,2,2,0,1,0,1,4,0,0,0,27,4,8,1,16,3,2,0,43,7,10,1,0,1,1880846.0,414080.0,94042.3,20704.0,1974888.3,434784.0,0,0,0,0,0,0,0,0,0,0,0,0,0,0,0,0,0,0,0,0,0,0,0,0,0,0,0,0,25704,205632,0,0,0,0,0,0,0,0,0,0,0,0,0,0,,0,0,,815,16295,0,0,221927,0,14159,76694,111206,0,0,,0,0,0,0,0,59257,32920,49381,0,0,26336,23044,39504,0,16460,0,0,0,32920,49382.0,329203.81,2,4972846,0,88.42452553,2,7456164.3396573,0,0,0,0,0,0,0,0,0,799048,799048,239998,226621,149999,141638,209998,198293,599995,566552,2049303,231935,0,2281238,2231759,100237,49262,2282734,2569125.0,0.0,64391,2504734.0,649036,0.0,0,649036.0,265965,0,0,265965,337801,3815,0,341616,8102989.0,335987.0,113653,8325323.0,2409672.3,221927,111206,329203.81,4972846,8044855.837,7456164.3396573,0,799048,-33443,7422721,32920,49381,26336,23044,2409672.3,8255212.7845017,5635183.537,2620029.2478232,10015
2018,21,13,1,1,1,0,1,1,0,1,1,1,1,0,9,21,7,0.0,0.0,0.0,0.0,100.0,0.0,0,,0.0,0,,0.0,0.0,BENANG POLYESTER,20.0,52,36.8,11,23.2,34,8.5,11.5,KAIN TENUN,98.4,62,0.1,35,0.9,35,0.3,0.3,0,2,0,1,0,5,2,1,1,0,12,2,7,1,51,9,7,1,63,11,14,2,0,0,2638598.0,570787.0,131929.9,28539.4,2770527.9,599326.3,0,0,0,0,0,0,0,0,0,0,0,0,0,0,0,0,309434,371320,0,0,0,0,0,0,0,0,0,0,0,0,0,0,0,0,0,0,0,0,0,0,0,0,0,0,,0,0,,1826,36514,0,0,407835,0,61787,156958,227589,0,0,,0,0,0,0,0,114689,63716,95574,0,0,50973,44601,76459,0,31858,0,0,0,63716,95575.0,637160.79,0,4049682,3001639,67.07677596,2,12173264.5580228,0,0,0,0,0,0,0,0,0,296921,296921,235612,213599,147258,133499,206160,186899,589030,533997,1978962,49317,0,2028279,2216437,116961,0,2333398,2533071.0,130056.0,0,2663127.0,633268,0.0,0,633268.0,237475,7840,2011,243304,316633,1499,1157,316975,7915846.0,305673.0,3168,8218351.0,3369854.2,407835,227589,637160.79,7051321,11693759.308,12173264.5580228,0,296921,-55033,12118232,63716,95574,50973,44601,3369854.2,12470185.9391359,8323905.058,4146280.8815068,10016
2019,21,13,1,1,1,0,1,1,1,1,1,1,1,1,11,25,11,0.0,0.0,0.0,0.0,100.0,0.0,0,,0.0,0,,0.0,0.0,BENANG POLYESTER,75.1,35,16.3,36,0.8,35,2.6,5.2,KAIN TENUN,65.4,16,13.8,32,10.0,73,5.6,5.2,2,2,0,5,0,3,7,0,1,1,12,2,7,1,48,8,7,0,60,10,14,1,0,0,2340795.0,501862.0,117039.75,25093.1,2457834.8,526955.1,0,0,0,0,0,0,0,0,0,0,0,0,0,0,0,0,441042,529250,0,0,0,0,0,0,0,0,0,0,0,0,0,0,0,0,0,0,0,0,0,0,0,0,0,0,,0,0,,2503,50058,0,0,579308,0,87731,280443,406643,0,0,,0,0,0,0,0,142307,79060,118590,0,0,63248,55342,94872,0,39530,0,0,0,79060,118588.0,790597.349,0,7927093,2254692,74.1410419,2,15406120.9617283,327441,36382,363823,0,0,0,0,0,0,499394,499394,408845,418450,255528,261531,357739,366144,1022112,1046125,2028279,0,0,2028279,2333398,0,0,2333398,2663127.0,0.0,0,2663127.0,633268,26947.0,0,660215.0,243304,7880,0,251184,316975,0,0,316975,8218351.0,34827.0,0,8253178.0,2984789.9,579308,406643,790597.349,10181785,14943123.501,15406120.9617283,363823,499394,24013,15793957,79060,99999,63248,55342,2984789.9,16269338.0636972,11958333.651,4311004.4130735,10016
2020,21,13,1,1,1,1,1,1,1,1,1,1,1,1,12,23,7,0.0,0.0,0.0,0.0,100.0,0.0,0,,0.0,0,,0.0,0.0,BENANG POLYESTER,53.8,32,14.4,32,14.2,34,12.0,5.6,KAIN TENUN,24.8,33,43.1,35,2.3,32,15.6,14.2,2,2,2,1,1,3,3,0,1,0,10,2,6,1,42,7,6,0,52,9,12,1,0,3,2144896.0,457386.0,107244.8,22869.3,2252140.8,480255.3,0,0,0,0,0,0,0,0,0,0,0,0,0,0,0,0,333100,399720,0,0,0,0,0,0,0,0,0,0,0,0,0,0,0,0,0,0,0,0,0,0,0,0,0,0,,0,0,,805,16101,0,0,415821,0,58328,187870,272411,0,0,,0,0,0,0,0,103160,57311,85967,0,0,45849,40118,68774,0,28656,0,0,0,57311,85967.0,573112.858,0,5655685,2649647,65.28591524,2,14456397.727831,0,0,0,0,0,0,0,0,0,760969,760969,323792,378892,202370,236808,283317,331530,809479,947230,2028279,0,0,2028279,2333398,0,0,2333398,2663127.0,0.0,0,2663127.0,660215,0.0,0,660215.0,251184,19869,0,271053,316975,8366,0,325341,8253178.0,28235.0,0,8281413.0,2732396.1,415821,272411,573112.858,8305332,12299073.678,14456397.727831,0,760969,137751,14594149,57311,85967,45849,40118,2732396.1,15217366.9076711,9566677.578,5650689.3293241,10016
2021,21,13,1,1,1,1,1,1,1,1,1,1,1,1,12,27,7,0.0,0.0,0.0,0.0,100.0,0.0,0,,0.0,0,,0.0,0.0,BENANG POLYESTER,60.5,61,5.6,33,12.4,34,11.0,10.5,KAIN TENUN,71.3,15,8.4,16,13.0,35,2.7,4.6,2,2,2,3,2,3,0,1,0,0,12,2,7,1,48,9,7,1,60,11,14,2,0,0,2284463.0,515058.0,114223.15,25752.9,2398686.1,540810.9,0,0,0,0,0,0,0,0,0,0,0,0,0,0,0,0,380763,456916,0,0,0,0,0,0,0,0,0,0,0,0,0,0,0,0,0,0,0,0,0,0,0,0,0,0,,0,0,,1883,37667,0,0,494583,0,84861,184895,268097,0,0,,0,0,0,0,0,149441,83023,124534,0,0,66418,58116,99627,0,41511,0,0,0,83023,124535.0,830228.052,0,4546930,4049396,67.11228592,2,13467436.9382948,0,0,0,0,0,0,0,0,0,250076,250076,456728,488124,285455,305077,399636,427108,1141819,1220309,2028279,198192,0,2226471,2333398,0,0,2333398,2663127.0,0.0,0,2663127.0,660215,0.0,0,660215.0,271053,5317,0,276370,325341,0,0,325341,8281413.0,203509.0,0,8484922.0,2939497.0,494583,268097,830228.052,8596326,13128730.72,13467436.9382948,0,250076,78490,13545927,83023,99999,66418,58116,2939497.0,13717513.0050276,10189233.67,3528279.334793,10016
2022,21,13,1,1,1,1,1,1,1,1,1,1,1,1,12,25,9,0.0,0.0,0.0,0.0,100.0,0.0,0,,0.0,0,,0.0,0.0,BENANG POLYESTER,60.1,12,13.3,33,7.2,34,14.8,4.6,KAIN TENUN,100.0,0,0.0,0,0.0,0,0.0,0.0,2,2,2,4,5,4,3,0,0,0,13,2,8,1,56,10,8,1,69,12,16,2,0,0,2203483.0,489875.0,110174.15,24493.8,2313657.1,514368.8,0,0,0,0,0,0,0,0,0,0,0,0,0,0,0,0,413641,496370,0,0,0,0,0,0,0,0,0,0,0,0,0,0,0,0,0,0,0,0,0,0,0,0,0,0,,0,0,,2322,46432,0,0,542802,0,74371,322966,468300,0,0,,0,0,0,0,0,130819,72677,109016,0,0,58142,50874,87212,0,36338,0,0,0,72677,109015.0,726770.48,0,6590110,2540671,96.169683,2,16433037.4122792,0,0,0,0,0,0,0,0,0,1178111,1178111,276608,257140,172880,160712,242031,224997,691519,642849,2226471,0,0,2226471,2333398,0,0,2333398,2663127.0,0.0,0,2663127.0,660215,0.0,0,660215.0,276370,6255,0,282625,325341,0,0,325341,8484922.0,6255.0,0,8491177.0,2828025.9,542802,468300,726770.48,9130781,13696679.072,16433037.4122792,0,1178111,-48670,16384367,72677,99999,58142,50874,2828025.9,17611148.2197042,10868653.172,6742495.0477418,10016
2018,64,22,1,1,0,1,1,1,1,1,1,1,1,1,11,23,10,0.0,0.0,0.0,0.0,100.0,0.0,0,,0.0,0,,0.0,0.0,BIJIH PLASTIK,56.1,33,22.6,36,8.9,62,0.7,11.7,BARANG PLASTIK,60.5,52,12.7,32,12.4,16,9.8,4.6,2,2,2,1,4,5,0,0,1,1,31,5,9,1,14,3,2,0,45,8,11,1,0,0,2300968.0,521310.0,115048.4,26065.5,2416016.4,547375.5,0,0,0,0,45810,435200,0,0,0,0,0,0,0,0,0,0,0,0,0,0,0,0,0,0,0,0,0,0,0,0,0,0,0,0,0,0,0,0,0,0,0,0,0,0,,0,0,,1445,28903,0,0,464103,0,34362,174331,252780,0,0,,0,0,0,0,0,81066,45037,67555,0,0,36030,31526,54044,0,22518,0,0,0,45037,67556.0,450369.441,0,4590761,3072365,44.38429587,0,11457755.9881512,58083,6454,64537,0,0,0,0,0,0,679951,679951,420358,487555,262724,304722,367812,426610,1050894,1218887,3360473,326505,3476,3683502,3763730,0,0,3763730,4301405.0,0.0,0,4301405.0,1075351,0.0,0,1075351.0,403257,0,0,403257,537676,62161,21084,578753,13441892.0,388666.0,24560,13805998.0,2963391.9,464103,252780,450369.441,7663125,11793769.443,11457755.9881512,64537,679951,167993,11690286,45037,67555,36030,31526,2963391.9,12202243.5003572,8830377.543,3371865.957256,10017
2019,64,22,1,1,1,1,1,1,1,1,1,1,1,1,12,22,9,0.0,0.0,0.0,0.0,100.0,0.0,0,,0.0,0,,0.0,0.0,BIJIH PLASTIK,60.6,35,12.8,33,7.3,61,10.9,8.4,BARANG PLASTIK,50.6,52,14.5,33,15.0,33,14.5,5.4,2,2,2,5,4,1,5,0,0,1,34,6,10,1,16,3,2,0,50,9,12,1,0,0,2670781.0,588830.0,133539.05,29441.5,2804320.1,618271.5,0,0,0,0,28631,271995,0,0,0,0,0,0,0,0,0,0,0,0,0,0,0,0,0,0,0,0,0,0,0,0,0,0,0,0,0,0,0,0,0,0,0,0,0,0,,0,0,,518,10356,0,0,282352,0,49215,211496,306669,0,0,,0,0,0,0,0,80376,44654,66980,0,0,35723,31257,53584,0,22327,0,0,0,44654,66980.0,446534.818,0,3909498,2463235,69.62724318,0,10965740.1599375,288233,32026,320259,0,0,0,0,0,0,0,0,392742,356811,245464,223007,343649,312210,981855,892028,3683502,0,0,3683502,3763730,0,139776,3623954,4301405.0,0.0,0,4301405.0,1075351,0.0,0,1075351.0,403257,0,0,403257,578753,33778,0,612531,13805998.0,33778.0,139776,13700000.0,3422591.6,282352,306669,446534.818,6372733,10830880.637,10965740.1599375,320259,0,-89827,11196172,44654,66980,35723,31257,3422591.6,11285999.2007433,7408289.087,3877710.1141765,10017
2020,64,22,1,1,1,1,1,1,1,1,1,1,1,1,12,22,11,0.0,0.0,0.0,0.0,100.0,0.0,0,,0.0,0,,0.0,0.0,BIJIH PLASTIK,52.3,35,20.5,35,2.2,53,18.4,6.6,BARANG PLASTIK,45.6,33,17.6,34,15.6,15,12.8,8.4,2,2,0,3,5,3,4,1,1,0,38,7,11,1,18,3,3,0,56,10,14,1,0,0,2818288.0,640850.0,140914.4,32042.5,2959202.4,672892.5,0,0,0,0,51001,484514,0,0,0,0,0,0,0,0,0,0,0,0,0,0,0,0,0,0,0,0,0,0,0,0,0,0,0,0,0,0,0,0,0,0,0,0,0,0,,0,0,,2067,41342,0,0,525856,0,65680,304892,442093,0,0,,0,0,0,0,0,81422,45234,67851,0,0,36187,31664,54281,0,22617,0,0,0,45234,67853.0,452342.778,0,7287076,2932541,54.68649634,0,14541889.432004,0,0,0,0,0,0,0,0,0,1353547,1353547,542840,616309,339275,385193,474984,539271,1357099,1540773,3683502,0,0,3683502,3623954,0,0,3623954,4301405.0,29845.0,116166,4215084.0,1075351,20192.0,0,1095543.0,403257,27249,0,430506,612531,0,0,612531,13700000.0,77286.0,116166,13661120.0,3632094.9,525856,442093,452342.778,10219617,15272003.965,14541889.432004,0,1353547,183674,14725563,45234,67851,36187,31664,3632094.9,15895436.9074402,11639909.065,4255527.8428655,10017
2018,32,13,1,1,1,1,1,0,1,1,0,1,1,1,10,25,8,0.0,0.0,0.0,0.0,100.0,0.0,0,,0.0,0,,0.0,0.0,BENANG POLYESTER,73.2,35,6.1,36,4.3,33,10.6,5.8,KAIN TENUN,41.6,36,23.5,35,25.2,0,0.0,9.7,2,2,0,4,5,0,6,0,1,0,28,5,10,1,28,5,4,0,56,10,14,1,0,0,1928345.0,438486.0,96417.25,21924.3,2024762.2,460410.3,0,0,0,0,0,0,0,0,0,0,0,0,0,0,0,0,342036,410444,0,0,0,0,0,0,0,0,0,0,0,0,0,0,0,0,0,0,0,0,0,0,0,0,0,0,,0,0,,1390,27802,0,0,438245,0,65944,208312,302052,0,0,,0,0,0,0,0,139452,77473,116210,0,0,61979,54231,92968,0,38737,0,0,0,77473,116211.0,774734.162,0,2560243,4574088,98.0,0,12597667.6834885,0,0,0,0,0,0,0,0,0,139743,139743,472472,514126,295295,321329,413413,449860,1181180,1285315,2525564,168871,0,2694435,2828631,0,0,2828631,3232722.0,109348.0,0,3342070.0,808180,0.0,0,808180.0,303068,31918,0,334986,404090,0,6071,398019,10102255.0,310137.0,6071,10406321.0,2485172.5,438245,302052,774734.162,7134331,11134534.819,12597667.6834885,0,139743,104135,12701803,77473,99999,61979,54231,2485172.5,12737410.3914028,8649362.269,4088048.1228213,10018
2019,32,13,1,1,1,1,1,1,1,0,1,0,0,1,9,26,8,0.0,0.0,0.0,0.0,100.0,0.0,0,,0.0,0,,0.0,0.0,BENANG POLYESTER,100.0,0,0.0,0,0.0,0,0.0,0.0,KAIN TENUN,46.8,33,5.4,16,24.2,52,16.2,7.4,2,2,2,4,2,3,1,1,0,1,33,6,11,1,33,6,4,1,66,12,15,2,0,0,2328008.0,507620.0,116400.4,25381.0,2444408.4,533001.0,0,0,0,0,0,0,0,0,0,0,0,0,0,0,0,0,273975,328770,0,0,0,0,0,0,0,0,0,0,0,0,0,0,0,0,0,0,0,0,0,0,0,0,0,0,,0,0,,1456,29121,0,0,357891,0,44161,184618,267696,0,0,,0,0,0,0,0,111609,62005,93007,0,0,49604,43403,74406,0,31002,0,0,0,62005,93008.0,620049.384,0,3599416,4798228,87.6920938,0,12955350.9147191,0,0,0,0,0,0,0,0,0,899640,899640,333760,350793,208600,219246,292040,306944,834400,876983,2694435,0,0,2694435,2828631,0,15121,2813510,3342070.0,0.0,0,3342070.0,808180,0.0,0,808180.0,334986,0,0,334986,398019,37291,0,435310,10406321.0,37291.0,15121,10428491.0,2977409.4,357891,267696,620049.384,8397644,12620689.786,12955350.9147191,0,899640,42583,12997934,62005,93007,49604,43403,2977409.4,13854990.5979547,9643280.386,4211710.2119232,10018
2020,32,13,1,0,1,1,1,1,1,1,1,1,1,1,11,23,10,0.0,0.0,0.0,0.0,100.0,0.0,0,,0.0,0,,0.0,0.0,BENANG POLYESTER,57.3,81,7.0,74,17.0,63,13.0,5.7,KAIN TENUN,42.5,35,25.5,35,15.2,0,0.0,16.8,2,2,2,5,2,5,2,1,0,1,30,5,10,1,30,5,4,0,60,10,14,1,0,0,1682613.0,360749.0,84130.65,18037.5,1766743.7,378786.5,0,0,0,0,0,0,0,0,0,0,0,0,0,0,0,0,298159,357791,0,0,0,0,0,0,0,0,0,0,0,0,0,0,0,0,0,0,0,0,0,0,0,0,0,0,,0,0,,1166,23323,0,0,381113,0,25569,126005,182707,0,0,,0,0,0,0,0,141150,78417,117625,0,0,62733,54892,94100,0,39208,0,0,0,78417,117624.0,784165.783,0,5283492,862604,48.38648759,0,10279941.6529491,289922,32214,322136,0,0,0,0,0,0,561998,561998,350288,398164,218930,248852,306501,348393,875719,995409,2694435,153756,132973,2715218,2813510,190673,0,3004183,3342070.0,295999.0,0,3638069.0,808180,0.0,0,808180.0,334986,26975,16577,345384,435310,394,0,435704,10428491.0,667797.0,149550,10946738.0,2145530.1,381113,182707,784165.783,6146096,9639612.125,10279941.6529491,322136,561998,119690,10721767,78417,99999,62733,54892,2145530.1,11164075.2093479,7494082.025,3669993.1841978,10018
2021,32,13,1,0,1,1,1,1,1,0,0,1,1,1,9,22,7,0.0,0.0,0.0,0.0,100.0,0.0,0,,0.0,0,,0.0,0.0,BENANG POLYESTER,89.3,21,0.1,76,2.5,36,5.9,2.2,KAIN TENUN,67.8,31,5.2,73,10.6,35,11.3,5.1,2,2,2,4,1,1,5,1,1,0,34,6,11,1,34,6,4,1,68,12,15,2,0,0,1897259.0,403354.0,94862.95,20167.7,1992122.0,423521.7,0,0,0,0,0,0,0,0,0,0,0,0,0,0,0,0,265789,318947,0,0,0,0,0,0,0,0,0,0,0,0,0,0,0,0,0,0,0,0,0,0,0,0,0,0,,0,0,,677,13537,0,0,332484,0,26531,135914,197076,0,0,,0,0,0,0,0,188230,104572,156858,0,0,83658,73200,125486,0,52286,0,0,0,104572,156858.0,1045720.049,0,6549167,1386084,82.17364753,0,11248379.9959427,0,0,0,0,0,0,0,0,0,733711,733711,432443,506564,270277,316602,378387,443244,1081107,1266410,2715218,0,0,2715218,3004183,0,0,3004183,3638069.0,0.0,0,3638069.0,808180,0.0,0,808180.0,345384,37363,0,382747,435704,0,0,435704,10946738.0,37363.0,0,10984101.0,2415643.7,332484,197076,1045720.049,7935251,11926175.106,11248379.9959427,0,733711,185303,11433683,99999,99999,83658,73200,2415643.7,11982091.0170026,9510531.456,2471559.5612855,10018
2022,32,13,1,1,1,1,1,1,1,0,0,1,1,1,10,22,8,0.0,0.0,0.0,0.0,100.0,0.0,0,,0.0,0,,0.0,0.0,BENANG POLYESTER,86.8,82,6.1,34,2.9,31,1.9,2.3,KAIN TENUN,41.4,36,29.4,18,15.0,0,0.0,14.2,2,2,0,4,4,0,6,1,0,0,34,6,11,1,34,6,4,1,68,12,15,2,0,0,2073092.0,440736.0,103654.6,22036.8,2176746.6,462772.8,0,0,0,0,0,0,0,0,0,0,0,0,0,0,0,0,380594,456713,0,0,0,0,0,0,0,0,0,0,0,0,0,0,0,0,0,0,0,0,0,0,0,0,0,0,,0,0,,1133,22666,0,0,479379,0,53867,229546,332841,0,0,,0,0,0,0,0,112236,62353,93530,0,0,49883,43647,74824,0,31177,0,0,0,62353,93530.0,623532.54,0,5370975,2813125,47.07586211,0,11790872.427244,0,0,0,0,0,0,0,0,0,1308125,1308125,292304,295023,182690,184390,255766,258145,730760,737558,2715218,0,0,2715218,3004183,0,0,3004183,3638069.0,295820.0,0,3933889.0,808180,47891.0,0,856071.0,382747,0,0,382747,435704,0,0,435704,10984101.0,343711.0,0,11327812.0,2639519.4,479379,332841,623532.54,8184100,12259371.473,11790872.427244,0,1308125,6798,11797670,62353,93530,49883,43647,2639519.4,13098997.827971,9619852.073,3479145.7546594,10018
2018,33,31,1,1,1,1,1,1,1,1,1,1,1,1,12,23,10,0.0,0.0,0.0,0.0,100.0,0.0,0,,0.0,0,,0.0,0.0,KAYU OLAHAN,99.3,19,0.2,35,0.4,0,0.0,0.1,FURNITUR,59.0,35,18.2,31,16.1,0,0.0,6.7,2,2,2,1,4,5,6,0,1,1,14,3,4,0,7,1,1,0,21,4,5,0,0,0,641370.0,128479.0,32068.5,6424.0,673438.5,134903.0,0,0,0,0,0,0,0,0,0,0,0,0,0,0,0,0,0,0,0,0,0,0,0,0,0,0,0,0,0,0,0,0,0,0,0,0,0,0,0,0,100671,80537,0,0,,0,0,,327,6534,0,0,87071,0,12102,50028,72541,0,0,,0,0,0,0,0,16926,9403,14105,0,0,7523,6582,11284,0,4702,0,0,0,9403,14105.0,94033.097,2,2662571,0,50.23757323,2,4675875.4208582,11209,1245,12454,0,0,0,0,0,0,287152,287152,87830,96544,54894,60340,76851,84476,219575,241360,270260,0,0,270260,302691,0,0,302691,345932.0,0.0,0,345932.0,86483,5131.0,0,91614.0,32431,2334,0,34765,43241,0,0,43241,1081038.0,7465.0,0,1088503.0,808341.4,87071,72541,94033.097,2662571,3724557.488,4675875.4208582,12454,287152,21785,4710114,9403,14105,7523,6582,808341.4,4975481.5116931,2916216.038,2059265.473403,10019
2019,33,31,1,1,1,1,1,1,1,1,0,1,1,1,11,24,11,0.0,0.0,0.0,0.0,100.0,0.0,0,,0.0,0,,0.0,0.0,KAYU OLAHAN,65.7,82,2.9,12,23.3,0,0.0,8.1,FURNITUR,67.5,35,8.1,73,12.8,14,7.3,4.3,2,2,2,2,2,2,6,0,1,1,14,3,4,0,7,1,1,0,21,4,5,0,0,0,682234.0,136665.0,34111.7,6833.2,716345.7,143498.2,0,0,0,0,0,0,0,0,0,0,0,0,0,0,0,0,0,0,0,0,0,0,0,0,0,0,0,0,0,0,0,0,0,0,0,0,0,0,0,0,111330,89064,0,0,,0,0,,289,5778,0,0,94843,0,9376,47220,68469,0,0,,0,0,0,0,0,52377,29099,43648,0,0,23279,20369,34918,0,14549,0,0,0,29099,43648.0,290985.537,2,2519543,0,97.34758913,2,3730841.4370638,0,0,0,0,0,0,0,0,0,310429,310429,70949,81618,44343,51012,62080,71416,177372,204046,270260,0,0,270260,302691,861,0,303552,345932.0,0.0,10456,335476.0,91614,0.0,0,91614.0,34765,2102,0,36867,43241,2591,0,45832,1088503.0,5554.0,10456,1083601.0,859844.0,94843,68469,290985.537,2519543,3833683.895,3730841.4370638,0,310429,26674,3757515,29099,43648,23279,20369,859844.0,4041270.640827,2973839.945,1067430.6958902,10019
2020,33,31,0,0,0,0,0,0,0,0,0,0,0,0,0,0,0,0.0,0.0,0.0,0.0,100.0,0.0,0,,0.0,0,,0.0,0.0,KAYU OLAHAN,80.7,52,8.3,32,7.7,0,0.0,3.3,FURNITUR,94.0,32,1.6,21,2.4,35,1.0,1.0,2,2,2,4,3,5,4,1,1,0,0,0,0,0,0,0,0,0,0,0,0,0,0,0,0.0,0.0,0.0,0.0,0.0,0.0,0,0,0,0,0,0,0,0,0,0,0,0,0,0,0,0,0,0,0,0,0,0,0,0,0,0,0,0,0,0,0,0,0,0,0,0,0,0,0,0,0,0,0,0,,0,0,,0,0,0,0,0,0,0,0,0,0,0,,0,0,0,0,0,0,0,0,0,0,0,0,0,0,0,0,0,0,0,0.0,0.0,2,0,0,0.0,2,0.0,0,0,0,0,0,0,0,0,0,0,0,0,0,0,0,0,0,0,0,270260,12007,0,282267,303552,0,8217,295335,335476.0,32511.0,0,367987.0,91614,0.0,0,91614.0,36867,3534,0,40401,45832,0,0,45832,1083601.0,48052.0,8217,1123436.0,0.0,0,0,0.0,0,0.0,0.0,0,0,0,0,0,0,0,0,0.0,0.0,0.0,0.0,10019
2021,33,31,1,1,0,1,1,0,1,1,1,1,1,1,10,24,8,0.0,0.0,0.0,0.0,100.0,0.0,0,,0.0,0,,0.0,0.0,KAYU OLAHAN,72.9,34,5.2,52,3.6,35,11.7,6.6,FURNITUR,60.8,31,13.0,31,10.4,32,9.8,6.0,2,0,2,3,5,2,7,0,1,0,14,3,4,1,7,1,1,0,21,4,5,1,0,0,626004.0,150431.0,31300.2,7521.6,657304.2,157952.6,0,0,0,0,0,0,0,0,0,0,0,0,0,0,0,0,0,0,0,0,0,0,0,0,0,0,0,0,0,0,0,0,0,0,0,0,0,0,0,0,78019,62415,0,0,,0,0,,267,5337,0,0,67751,0,28085,60264,87383,0,0,,0,0,0,0,0,46203,25668,38503,0,0,20535,17968,30802,0,12834,0,0,0,25668,38503.0,256683.708,2,2787842,0,76.9310898,2,4189060.4237596,94714,10524,105238,0,0,0,0,0,0,245379,245379,153322,176063,95826,110039,134156,154055,383304,440157,282267,18554,0,300821,295335,4664,0,299999,367987.0,0.0,0,367987.0,91614,2359.0,3761,90212.0,40401,3332,0,43733,45832,0,0,45832,1123436.0,28909.0,3761,1148584.0,815256.8,67751,87383,256683.708,2787842,4014916.433,4189060.4237596,105238,245379,56853,4351151,25668,38503,20535,17968,815256.8,4539676.796552,3199659.683,1340017.113442,10019
2018,32,10,1,1,1,0,1,1,1,1,0,1,1,0,9,27,10,0.0,0.0,0.0,0.0,100.0,0.0,0,,0.0,0,,0.0,0.0,TEPUNG TERIGU,100.0,0,0.0,0,0.0,0,0.0,0.0,MAKANAN OLAHAN,57.9,33,9.8,16,19.1,0,0.0,13.2,0,2,2,5,2,2,1,0,1,1,43,8,12,2,24,4,3,0,67,12,15,2,0,0,2423518.0,521757.0,121175.9,26087.9,2544693.9,547844.8,0,0,0,0,0,0,0,0,0,0,0,0,0,0,0,0,0,0,0,0,0,0,0,0,0,0,0,0,43676,349407,0,0,0,0,0,0,0,0,0,0,0,0,0,0,,0,0,,1938,38764,0,0,388171,0,54781,123035,178401,0,0,,0,0,0,0,0,114424,63569,95353,0,0,50855,44498,76283,0,31784,0,0,0,63569,95353.0,635688.091,2,7427775,0,83.22334865,2,11025285.4174478,0,0,0,0,0,0,0,0,0,954578,954578,194386,200983,121491,125614,170087,175861,485964,502458,2129849,0,0,2129849,2385431,216610,0,2602041,2726207.0,0.0,0,2726207.0,681552,0.0,0,681552.0,255582,0,0,255582,340775,0,0,340775,8519396.0,216610.0,0,8736006.0,3092538.8,388171,178401,635688.091,7427775,11722574.312,11025285.4174478,0,954578,16494,11041779,63569,95353,50855,44498,3092538.8,11979863.6849399,8630035.562,3349828.1232683,10020
2019,32,10,1,1,1,1,1,1,1,1,0,1,1,1,11,26,8,0.0,0.0,0.0,0.0,100.0,0.0,0,,0.0,0,,0.0,0.0,TEPUNG TERIGU,42.7,35,4.7,12,22.1,14,23.3,7.2,MAKANAN OLAHAN,77.2,36,3.4,51,9.1,35,6.9,3.4,2,2,2,4,0,1,8,0,0,1,42,7,12,2,23,4,3,0,65,11,15,2,0,0,2249487.0,503405.0,112474.35,25170.2,2361961.4,528575.2,0,0,0,0,0,0,0,0,0,0,0,0,0,0,0,0,0,0,0,0,0,0,0,0,0,0,0,0,41833,334660,0,0,0,0,0,0,0,0,0,0,0,0,0,0,,0,0,,1206,24119,0,0,358779,0,52785,179774,260672,0,0,,0,0,0,0,0,78582,43657,65485,0,0,34925,30560,52388,0,21828,0,0,0,43657,65484.0,436566.055,2,8426199,0,69.1813218,2,14016655.1524328,0,0,0,0,0,0,0,0,0,521336,521336,191071,176234,119419,110146,167187,154206,477677,440586,2129849,0,0,2129849,2602041,266592,0,2868633,2726207.0,3380.0,0,2729587.0,681552,45058.0,0,726610.0,255582,0,0,255582,340775,0,0,340775,8736006.0,315030.0,0,9051036.0,2890536.6,358779,260672,436566.055,8426199,12372752.768,14016655.1524328,0,521336,-37091,13979564,43657,65485,34925,30560,2890536.6,14537991.066921,9482216.168,5055774.8984984,10020
2020,32,10,1,0,1,1,1,1,1,1,0,1,0,1,9,22,9,0.0,0.0,0.0,0.0,100.0,0.0,0,,0.0,0,,0.0,0.0,TEPUNG TERIGU,72.4,35,9.5,64,9.3,35,5.4,3.4,MAKANAN OLAHAN,38.4,16,32.5,31,17.1,0,0.0,12.0,2,2,2,1,1,0,2,0,1,0,45,8,13,2,26,5,4,0,71,13,17,2,0,0,2196393.0,497005.0,109819.65,24850.2,2306212.6,521855.2,0,0,0,0,0,0,0,0,0,0,0,0,0,0,0,0,0,0,0,0,0,0,0,0,0,0,0,0,65231,521845,0,0,0,0,0,0,0,0,0,0,0,0,0,0,,0,0,,2356,47126,0,0,568971,0,66240,264914,384126,0,0,,0,0,0,0,0,117149,65083,97624,0,0,52066,45558,78099,0,32541,0,0,0,65083,97623.0,650825.617,2,11196268,0,52.9066791,2,15722568.7828055,0,0,0,0,0,0,0,0,0,1310111,1310111,268677,260143,167923,162589,235092,227625,671692,650357,2129849,0,0,2129849,2868633,234923,0,3103556,2729587.0,0.0,0,2729587.0,726610,3360.0,0,729970.0,255582,0,0,255582,340775,4759,0,345534,9051036.0,243042.0,0,9294078.0,2828067.9,568971,384126,650825.617,11196268,15628258.242,15722568.7828055,0,1310111,-21335,15701234,65083,97624,52066,45558,2828067.9,17032680.2497985,12800190.342,4232489.9081653,10020
2021,32,10,1,1,1,1,1,1,1,1,0,1,1,1,11,27,9,0.0,0.0,0.0,0.0,100.0,0.0,0,,0.0,0,,0.0,0.0,TEPUNG TERIGU,52.3,61,27.2,34,10.5,0,0.0,10.0,MAKANAN OLAHAN,47.1,11,21.5,31,20.4,0,0.0,11.0,2,2,2,2,0,2,8,1,1,1,45,8,13,2,26,5,4,0,71,13,17,2,0,0,2575957.0,582894.0,128797.85,29144.7,2704754.9,612038.7,0,0,0,0,0,0,0,0,0,0,0,0,0,0,0,0,0,0,0,0,0,0,0,0,0,0,0,0,50648,405185,0,0,0,0,0,0,0,0,0,0,0,0,0,0,,0,0,,1549,30976,0,0,436161,0,29851,136019,197227,0,0,,0,0,0,0,0,216780,120433,180650,0,0,96347,84303,144520,0,60217,0,0,0,120433,180651.0,1204333.665,2,11851376,0,60.63390041,2,15618108.8446331,353902,39322,393224,0,0,0,0,0,0,385178,385178,330173,366713,206358,229196,288901,320873,825432,916782,2129849,0,0,2129849,3103556,234625,0,3338181,2729587.0,0.0,0,2729587.0,729970,0.0,0,729970.0,255582,0,0,255582,345534,0,0,345534,9294078.0,234625.0,0,9528703.0,3316793.6,436161,197227,1204333.665,11851376,17005892.023,15618108.8446331,393224,385178,91350,16102683,99999,99999,96347,84303,3316793.6,16396511.1052327,13689098.473,2707412.6323683,10020
2022,32,10,1,0,1,0,1,1,1,1,1,1,0,1,9,23,7,0.0,0.0,0.0,0.0,100.0,0.0,0,,0.0,0,,0.0,0.0,TEPUNG TERIGU,69.0,21,3.4,53,16.2,35,6.3,5.1,MAKANAN OLAHAN,42.5,73,2.0,35,28.1,0,0.0,27.4,2,2,2,4,4,4,7,1,0,1,63,11,18,2,36,6,5,0,99,17,23,2,0,0,3314004.0,714449.0,165700.2,35722.5,3479704.2,750171.5,0,0,0,0,0,0,0,0,0,0,0,0,0,0,0,0,0,0,0,0,0,0,0,0,0,0,0,0,100841,806729,0,0,0,0,0,0,0,0,0,0,0,0,0,0,,0,0,,2767,55341,0,0,862070,0,214369,461437,669084,0,0,,0,0,0,0,0,248625,138125,207187,0,0,110500,96687,165750,0,69062,0,0,0,138125,207188.0,1381249.343,2,21157323,0,79.31664942,2,29218842.9227518,0,0,0,0,0,0,0,0,0,2770648,2770648,890398,980690,556499,612931,779099,858104,2225996,2451725,2129849,0,0,2129849,3338181,0,0,3338181,2729587.0,131292.0,0,2860879.0,729970,0.0,0,729970.0,255582,0,0,255582,345534,0,0,345534,9528703.0,131292.0,0,9659995.0,4229875.7,862070,669084,1381249.343,21157323,28299601.254,29218842.9227518,0,2770648,225729,29444572,99999,99999,99999,96687,4229875.7,31989491.3893998,24069725.604,7919765.7857482,10020
2020,72,30,1,1,1,1,1,1,1,1,1,1,1,1,12,23,9,0.0,0.0,0.0,0.0,100.0,0.0,0,,0.0,0,,0.0,0.0,PLAT ALUMINIUM,87.4,33,3.4,33,3.1,35,4.4,1.7,ALAT ANGKUTAN,57.9,33,16.8,35,5.1,35,15.1,5.1,2,2,2,3,4,3,0,1,1,0,11,2,4,0,3,0,0,0,14,2,4,0,0,0,676750.0,169505.0,33837.5,8475.2,710587.5,177980.2,0,0,0,0,0,0,0,0,0,0,0,0,0,0,0,0,0,0,0,0,0,0,0,0,0,0,0,0,5270,42161,0,0,0,0,0,0,0,0,0,0,0,0,0,0,,0,0,,99,1974,0,0,44134,0,3596,20345,29500,0,0,,0,0,0,0,0,19339,10744,16116,0,0,8595,7521,12892,0,5372,0,0,0,10744,16114.0,107437.055,0,686339,179136,80.26453133,2,1288638.9328581,0,0,0,0,0,0,0,0,0,90383,90383,43185,38963,26990,24352,37787,34093,107962,97408,517035,0,0,517035,579079,0,0,579079,661805.0,0.0,0,661805.0,165451,0.0,0,165451.0,62044,0,0,62044,82726,0,851,81875,2068140.0,0.0,851,2067289.0,888567.8,44134,29500,107437.055,865475,1935114.478,1288638.9328581,0,90383,-10554,1278085,10744,16116,8595,7521,888567.8,1379022.1220148,1046546.728,332475.3935274,10021
2021,72,30,1,1,1,1,1,1,1,1,1,1,1,1,12,25,7,0.0,0.0,0.0,0.0,100.0,0.0,0,,0.0,0,,0.0,0.0,PLAT ALUMINIUM,73.2,12,10.7,75,3.0,31,9.4,3.7,ALAT ANGKUTAN,69.0,36,1.4,31,15.8,82,5.4,8.4,2,2,2,2,1,2,8,0,0,1,12,2,4,0,3,1,0,0,15,3,4,0,0,0,726361.0,161727.0,36318.05,8086.4,762679.1,169813.4,0,0,0,0,0,0,0,0,0,0,0,0,0,0,0,0,0,0,0,0,0,0,0,0,0,0,0,0,4104,32830,0,0,0,0,0,0,0,0,0,0,0,0,0,0,,0,0,,95,1898,0,0,34728,0,5607,25701,37267,0,0,,0,0,0,0,0,19394,10774,16162,0,0,8620,7542,12929,0,5387,0,0,0,10774,16163.0,107745.163,0,943380,82446,48.80728873,2,1535537.5144075,0,0,0,0,0,0,0,0,0,78304,78304,28034,32970,17522,20606,24530,28850,70086,82426,517035,0,0,517035,579079,0,200,578879,661805.0,24829.0,0,686634.0,165451,18224.0,0,183675.0,62044,0,0,62044,81875,8657,0,90532,2067289.0,51710.0,200,2118799.0,932492.4,34728,37267,107745.163,1025826,2138058.426,1535537.5144075,0,78304,12340,1547878,10774,16162,8620,7542,932492.4,1613841.9537982,1205566.026,408275.9278746,10021
2022,72,30,1,1,1,0,1,1,1,1,1,0,1,1,10,22,9,0.0,0.0,0.0,0.0,100.0,0.0,0,,0.0,0,,0.0,0.0,PLAT ALUMINIUM,85.0,32,4.0,35,6.7,35,1.2,3.1,ALAT ANGKUTAN,95.4,73,1.7,17,0.5,33,1.6,0.8,2,2,0,1,1,0,7,0,0,0,11,2,4,0,3,1,0,0,14,3,4,0,0,0,769015.0,181290.0,38450.75,9064.5,807465.8,190354.5,0,0,0,0,0,0,0,0,0,0,0,0,0,0,0,0,0,0,0,0,0,0,0,0,0,0,0,0,5578,44620,0,0,0,0,0,0,0,0,0,0,0,0,0,0,,0,0,,171,3418,0,0,48038,0,8066,28165,40839,0,0,,0,0,0,0,0,29604,16447,24670,0,0,13158,11513,19736,0,8223,0,0,0,16447,24671.0,164468.989,0,922236,253701,69.84954176,2,1797434.9554721,0,0,0,0,0,0,0,0,0,18653,18653,44604,48034,27878,30022,39028,42030,111510,120086,517035,39007,0,556042,578879,0,0,578879,686634.0,0.0,0,686634.0,183675,0.0,0,183675.0,62044,0,0,62044,90532,0,0,90532,2118799.0,39007.0,0,2157806.0,997820.2,48038,40839,164468.989,1175938,2427104.033,1797434.9554721,0,18653,8576,1806011,16447,24670,13158,11513,997820.2,1816088.4260652,1429283.783,386804.6426974,10021
2018,35,15,0,0,0,0,0,0,0,0,0,0,0,0,0,0,0,0.0,0.0,0.0,0.0,100.0,0.0,0,,0.0,0,,0.0,0.0,KULIT SAPI,39.7,14,29.9,16,8.5,0,0.0,21.9,SEPATU KULIT,87.3,76,0.4,32,6.3,34,3.2,2.8,2,2,2,1,1,0,2,1,1,1,0,0,0,0,0,0,0,0,0,0,0,0,0,0,0.0,0.0,0.0,0.0,0.0,0.0,0,0,0,0,0,0,0,0,0,0,0,0,0,0,0,0,0,0,0,0,0,0,0,0,0,0,0,0,0,0,0,0,0,0,0,0,0,0,0,0,0,0,0,0,,0,0,,0,0,0,0,0,0,0,0,0,0,0,,0,0,0,0,0,0,0,0,0,0,0,0,0,0,0,0,0,0,0,0.0,0.0,2,0,0,0.0,2,0.0,0,0,0,0,0,0,0,0,0,0,0,0,0,0,0,0,0,0,0,0,0,0,0,0,0,0,0,0.0,0.0,0,0.0,0,0.0,0,0.0,0,0,0,0,0,0,0,0,0.0,0.0,0,0.0,0.0,0,0,0.0,0,0.0,0.0,0,0,0,0,0,0,0,0,0.0,0.0,0.0,0.0,10022
2019,35,15,1,1,1,1,1,1,1,1,1,1,1,1,12,26,9,0.0,0.0,0.0,0.0,100.0,0.0,0,,0.0,0,,0.0,0.0,KULIT SAPI,67.3,33,16.7,36,1.6,82,8.5,5.9,SEPATU KULIT,52.0,15,18.4,32,8.1,65,15.1,6.4,0,2,2,3,5,4,4,0,1,1,5,1,2,0,9,1,2,0,14,2,4,0,0,0,492130.0,123263.0,24606.5,6163.2,516736.5,129426.2,0,0,0,0,0,0,0,0,0,0,0,0,0,0,0,0,0,0,0,0,0,0,0,0,0,0,0,0,0,0,0,0,0,0,0,0,4789,57472,0,0,0,0,0,0,,0,0,,97,1931,0,0,59403,0,4376,12845,18625,0,0,,0,0,0,0,0,37188,20660,30990,0,0,16528,14462,24792,0,10330,0,0,0,20660,30992.0,206601.769,0,862617,814548,69.43063767,0,2666532.7139106,0,0,0,0,0,0,0,0,0,293527,293527,44170,46102,27606,28814,38649,40339,110425,115255,0,0,0,0,0,0,0,0,0.0,0.0,0,0.0,0,0.0,0,0.0,0,0,0,0,0,0,0,0,0.0,0.0,0,0.0,646162.7,59403,18625,206601.769,1677165,2607958.019,2666532.7139106,0,293527,4830,2671363,20660,30990,16528,14462,646162.7,2960060.0078763,1961795.369,998264.6387261,10022
2020,35,15,1,1,1,1,1,1,1,1,0,1,1,1,11,24,8,0.0,0.0,0.0,0.0,100.0,0.0,0,,0.0,0,,0.0,0.0,KULIT SAPI,100.0,0,0.0,0,0.0,0,0.0,0.0,SEPATU KULIT,32.2,36,26.0,36,2.3,18,27.1,12.4,2,2,2,1,5,0,7,1,0,1,5,1,2,0,9,1,2,0,14,2,4,0,0,0,456836.0,114423.0,22841.8,5721.2,479677.8,120144.2,0,0,0,0,0,0,0,0,0,0,0,0,0,0,0,0,0,0,0,0,0,0,0,0,0,0,0,0,0,0,0,0,0,0,0,0,3259,39113,0,0,0,0,0,0,,0,0,,110,2208,0,0,41321,0,8779,20603,29874,0,0,,0,0,0,0,0,19263,10701,16052,0,0,8561,7491,12842,0,5351,0,0,0,10701,16052.0,107013.92,0,1006261,856183,80.51010346,0,3240813.9171143,0,0,0,0,0,0,0,0,0,256204,256204,69465,66555,43416,41597,60781,58235,173662,166387,0,0,0,0,0,0,0,0,0.0,0.0,0,0.0,0,0.0,0,0.0,0,0,0,0,0,0,0,0,0.0,0.0,0,0.0,599822.0,41321,29874,107013.92,1862445,2640476.279,3240813.9171143,0,256204,-7275,3233539,10701,16052,8561,7491,599822.0,3497017.9939982,2040654.329,1456363.6647847,10022
2021,35,15,1,1,1,1,1,1,1,1,1,1,1,1,12,23,9,0.0,0.0,0.0,0.0,100.0,0.0,0,,0.0,0,,0.0,0.0,KULIT SAPI,100.0,0,0.0,0,0.0,0,0.0,0.0,SEPATU KULIT,71.6,74,3.6,33,8.5,12,12.5,3.8,2,2,2,2,3,1,8,1,1,1,5,1,2,0,9,1,2,0,14,2,4,0,0,0,560967.0,140505.0,28048.35,7025.2,589015.3,147530.2,0,0,0,0,0,0,0,0,0,0,0,0,0,0,0,0,0,0,0,0,0,0,0,0,0,0,0,0,0,0,0,0,0,0,0,0,3436,41238,0,0,0,0,0,0,,0,0,,172,3436,0,0,44673,0,7934,20109,29158,0,0,,0,0,0,0,0,27802,15446,23168,0,0,12356,10812,18535,0,7723,0,0,0,15446,23168.0,154455.909,0,1445034,159022,78.83567926,0,2909190.4698527,0,0,0,0,0,0,0,0,0,111293,111293,65020,76061,40638,47538,56893,66554,162551,190153,0,0,0,0,0,0,0,0,0.0,0.0,0,0.0,0,0.0,0,0.0,0,0,0,0,0,0,0,0,0.0,0.0,0,0.0,736545.6,44673,29158,154455.909,1604055,2568888.154,2909190.4698527,0,111293,27602,2936792,15446,23168,12356,10812,736545.6,3020483.7572734,1832342.554,1188141.2034366,10022
2022,35,15,1,1,1,1,1,1,1,1,1,0,1,1,11,20,8,0.0,0.0,0.0,0.0,100.0,0.0,0,,0.0,0,,0.0,0.0,KULIT SAPI,63.8,36,5.6,14,23.1,0,0.0,7.5,SEPATU KULIT,63.8,12,17.5,51,6.4,0,0.0,12.3,2,2,2,4,5,2,6,0,1,0,5,1,2,0,9,1,2,0,14,2,4,0,0,0,411829.0,103150.0,20591.45,5157.5,432420.5,108307.5,0,0,0,0,0,0,0,0,0,0,0,0,0,0,0,0,0,0,0,0,0,0,0,0,0,0,0,0,0,0,0,0,0,0,0,0,6589,79072,0,0,0,0,0,0,,0,0,,248,4966,0,0,84039,0,4986,27482,39848,0,0,,0,0,0,0,0,26314,14619,21928,0,0,11695,10233,17543,0,7309,0,0,0,14619,21929.0,146188.547,0,2167204,193737,71.41377702,0,3626153.7204718,0,0,0,0,0,0,0,0,0,285477,285477,53932,63509,33707,39693,47190,55570,134829,158772,0,0,0,0,0,0,0,0,0.0,0.0,0,0.0,0,0.0,0,0.0,0,0,0,0,0,0,0,0,0.0,0.0,0,0.0,540727.9,84039,39848,146188.547,2360940,3171744.027,3626153.7204718,0,285477,23943,3650097,14619,21928,11695,10233,540727.9,3911630.3265104,2631016.077,1280614.2491262,10022
2022,35,11,0,0,0,0,0,0,0,0,0,0,0,0,0,0,0,2.3,6.9,4.6,0.9,31.3,54.0,392,MANUFACTURING,54.0,0,,0.0,0.0,GULA & KONSENTRAT,68.4,33,9.7,12,9.8,0,0.0,12.1,MINUMAN KEMASAN,41.9,33,8.4,21,0.4,12,37.2,12.1,2,2,2,3,1,0,6,1,1,0,0,0,0,0,0,0,0,0,0,0,0,0,0,0,0.0,0.0,0.0,0.0,0.0,0.0,0,0,0,0,0,0,0,0,0,0,0,0,0,0,0,0,0,0,0,0,0,0,0,0,0,0,0,0,0,0,0,0,0,0,0,0,0,0,0,0,0,0,0,0,,0,0,,0,0,0,0,0,0,0,0,0,0,0,,0,0,0,0,0,0,0,0,0,0,0,0,0,0,0,0,0,0,0,0.0,0.0,2,0,0,0.0,2,0.0,0,0,0,0,0,0,0,0,0,0,0,0,0,0,0,0,0,0,0,0,0,0,0,0,0,0,0,0.0,0.0,0,0.0,0,0.0,0,0.0,0,0,0,0,0,0,0,0,0.0,0.0,0,0.0,0.0,0,0,0.0,0,0.0,0.0,0,0,0,0,0,0,0,0,0.0,0.0,0.0,0.0,10023
2018,12,27,1,1,1,1,1,1,0,1,1,1,1,1,11,25,8,0.0,0.0,0.0,0.0,100.0,0.0,0,,0.0,0,,0.0,0.0,KAWAT TEMBAGA,74.4,62,12.0,35,1.3,16,4.5,7.8,PERALATAN LISTRIK,35.1,32,9.6,73,10.6,32,32.1,12.6,2,2,2,4,4,2,6,0,1,1,47,8,12,1,3,1,0,0,50,9,12,1,0,0,2588639.0,570720.0,129431.95,28536.0,2718071.0,599256.0,0,0,0,0,0,0,0,0,0,0,0,0,0,0,0,0,0,0,0,0,0,0,0,0,0,0,0,0,18562,148497,0,0,0,0,0,0,0,0,0,0,0,0,0,0,,0,0,,341,6822,0,0,155319,0,32927,67925,98492,0,0,,0,0,0,0,0,47482,26379,39568,0,0,21103,18465,31655,0,13190,0,0,0,26379,39569.0,263790.152,0,2295958,780625,49.61823646,2,5018672.5709407,0,0,0,0,0,0,0,0,0,185655,185655,64946,69316,40592,43323,56828,60652,162366,173291,1299734,99935,0,1399669,1455702,0,0,1455702,1663659.0,0.0,0,1663659.0,415915,41602.0,0,457517.0,155968,0,0,155968,207957,13484,0,221441,5198935.0,155021.0,0,5353956.0,3317327.0,155319,98492,263790.152,3076583,6911510.2,5018672.5709407,0,185655,10925,5029598,26379,39568,21103,18465,3317327.0,5204327.6908953,3594183.25,1610144.4408904,10024
2019,12,27,1,1,1,1,1,1,1,1,1,1,1,1,12,25,9,0.0,0.0,0.0,0.0,100.0,0.0,0,,0.0,0,,0.0,0.0,KAWAT TEMBAGA,59.8,33,6.2,61,13.6,35,12.0,8.4,PERALATAN LISTRIK,65.5,35,6.9,11,5.6,0,0.0,22.0,2,2,2,2,3,2,3,1,1,1,49,8,13,1,3,1,0,0,52,9,13,1,0,0,2711990.0,622767.0,135599.5,31138.4,2847589.5,653905.3,0,0,0,0,0,0,0,0,0,0,0,0,0,0,0,0,0,0,0,0,0,0,0,0,0,0,0,0,21697,173576,0,0,0,0,0,0,0,0,0,0,0,0,0,0,,0,0,,466,9316,0,0,182892,0,38422,118330,171579,0,0,,0,0,0,0,0,75893,42163,63244,0,0,33730,29514,50595,0,21081,0,0,0,42163,63244.0,421626.832,0,4192315,1184130,67.58067872,2,7852587.1719076,0,0,0,0,0,0,0,0,0,396357,396357,196582,230259,122864,143912,172008,201477,491454,575648,1399669,140934,0,1540603,1455702,81385,0,1537087,1663659.0,0.0,65077,1598582.0,457517,0.0,7996,449521.0,155968,0,0,155968,221441,5140,0,226581,5353956.0,227459.0,73073,5508342.0,3501494.9,182892,171579,421626.832,5376445,9654037.366,7852587.1719076,0,396357,84194,7936781,42163,63244,33730,29514,3501494.9,8248944.6271401,6152542.516,2096402.1114013,10024
2022,33,13,1,1,1,1,1,1,1,1,1,1,1,1,12,25,7,0.0,0.0,0.0,0.0,100.0,0.0,0,,0.0,0,,0.0,0.0,BENANG POLYESTER,45.6,74,17.6,36,11.1,35,18.8,6.9,KAIN TENUN,89.1,36,0.0,32,3.4,63,5.1,2.4,2,2,0,4,0,0,7,0,0,0,152,27,48,5,139,24,20,2,291,51,68,7,0,0,8425046.0,1847790.0,421252.3,92389.5,8846298.3,1940179.5,0,0,0,0,0,0,0,0,0,0,0,0,0,0,0,0,1700940,2041128,0,0,0,0,0,0,0,0,0,0,0,0,0,0,0,0,0,0,0,0,0,0,0,0,0,0,,0,0,,10227,204543,0,0,2245671,0,345028,914155,1325525,0,0,,0,0,0,0,0,775676,430931,646396,0,0,344745,301652,517117,0,215465,0,0,0,430931,646396.0,4309309.4,0,31564760,14214489,93.87170197,0,62121094.0926557,0,0,0,0,0,0,0,0,0,6842624,6842624,1382249,1349477,863906,843423,1209468,1180793,3455623,3373693,14366276,37638,185953,14217961,16090229,0,0,16090229,18388833.0,1419618.0,0,19808451.0,4597208,0.0,0,4597208.0,1723953,0,0,1723953,2298605,0,0,2298605,57465104.0,1457256.0,185953,58736407.0,10786477.8,2245671,1325525,4309309.4,45779248,64446232.074,62121094.0926557,0,6842624,-81930,62039164,99999,99999,99999,99999,10786477.8,68963718.2829696,53659754.274,15303964.0091497,10025
2020,32,13,1,1,1,1,1,1,1,1,1,1,1,0,11,23,8,0.0,0.0,0.0,0.0,100.0,0.0,0,,0.0,0,,0.0,0.0,BENANG POLYESTER,75.6,36,7.7,73,6.0,35,6.8,3.9,KAIN TENUN,82.5,16,8.6,74,4.3,36,1.1,3.5,2,2,2,5,3,0,4,0,1,0,7,1,3,0,9,2,1,0,16,3,4,0,0,0,492839.0,103960.0,24641.95,5198.0,517481.0,109158.0,0,0,0,0,0,0,0,0,0,0,0,0,0,0,0,0,88483,106179,0,0,0,0,0,0,0,0,0,0,0,0,0,0,0,0,0,0,0,0,0,0,0,0,0,0,,0,0,,328,6559,0,0,112739,0,20254,42706,61923,0,0,,0,0,0,0,0,24381,13545,20318,0,0,10836,9482,16254,0,6773,0,0,0,13545,20318.0,135452.37,2,1992837,0,98.0,2,3220176.0527834,46311,5146,51457,0,0,0,0,0,0,174380,174380,46110,44678,28819,27924,40347,39093,115276,111695,896098,0,0,896098,1003630,77353,0,1080983,1147006.0,0.0,0,1147006.0,286751,0.0,0,286751.0,107532,0,0,107532,143376,10664,0,154040,3584393.0,88017.0,0,3672410.0,626638.9,112739,61923,135452.37,1992837,2929589.815,3220176.0527834,51457,174380,-3581,3268052,13545,20318,10836,9482,626638.9,3446012.212265,2302950.865,1143061.3472831,10026
2021,32,13,1,1,0,1,1,1,0,1,0,1,1,1,9,23,7,0.0,0.0,0.0,0.0,100.0,0.0,0,,0.0,0,,0.0,0.0,BENANG POLYESTER,44.2,0,0.0,0,0.0,0,0.0,55.8,KAIN TENUN,45.0,72,10.2,35,31.6,0,0.0,13.2,2,2,2,5,5,3,1,1,1,0,8,1,3,0,10,2,2,0,18,3,5,0,0,0,637547.0,152028.0,31877.35,7601.4,669424.3,159629.4,0,0,0,0,0,0,0,0,0,0,0,0,0,0,0,0,86112,103334,0,0,0,0,0,0,0,0,0,0,0,0,0,0,0,0,0,0,0,0,0,0,0,0,0,0,,0,0,,199,3977,0,0,107312,0,13051,35003,50754,0,0,,0,0,0,0,0,31001,17223,25834,0,0,13778,12056,20667,0,8611,0,0,0,17223,25835.0,172227.786,2,1961123,0,74.43059238,2,3237227.5409853,0,0,0,0,0,0,0,0,0,256117,256117,45390,49156,28368,30722,39716,43012,113474,122890,896098,0,0,896098,1080983,104311,0,1185294,1147006.0,51731.0,10022,1188715.0,286751,34064.0,0,320815.0,107532,0,0,107532,154040,0,0,154040,3672410.0,190106.0,10022,3852494.0,829053.8,107312,50754,172227.786,1961123,3120470.1,3237227.5409853,0,256117,9416,3246644,17223,25834,13778,12056,829053.8,3493344.8600951,2291416.35,1201928.5099862,10026
2022,32,13,1,0,1,1,1,0,1,1,1,1,1,0,9,24,7,0.0,0.0,0.0,0.0,100.0,0.0,0,,0.0,0,,0.0,0.0,BENANG POLYESTER,82.6,35,4.8,35,7.8,12,2.0,2.8,KAIN TENUN,75.0,12,16.6,12,0.0,0,0.0,8.4,0,2,0,4,3,3,6,1,1,1,9,2,3,0,11,2,2,0,20,4,5,0,0,0,660522.0,137826.0,33026.1,6891.3,693548.1,144717.3,0,0,0,0,0,0,0,0,0,0,0,0,0,0,0,0,91816,110179,0,0,0,0,0,0,0,0,0,0,0,0,0,0,0,0,0,0,0,0,0,0,0,0,0,0,,0,0,,473,9453,0,0,119632,0,27154,65675,95229,0,0,,0,0,0,0,0,36750,20417,30625,0,0,16333,14292,24500,0,10208,0,0,0,20417,30626.0,204168.085,2,2424324,0,65.52987354,2,4161562.2331473,0,0,0,0,0,0,0,0,0,71247,71247,166538,172875,104086,108047,145722,151265,416346,432187,896098,0,0,896098,1185294,0,0,1185294,1188715.0,45205.0,0,1233920.0,320815,0.0,0,320815.0,107532,2065,0,109597,154040,0,0,154040,3852494.0,47270.0,0,3899764.0,838265.4,119632,95229,204168.085,2424324,3681618.59,4161562.2331473,0,71247,15841,4177403,20417,30625,16333,14292,838265.4,4232808.780717,2843353.19,1389455.5909442,10026
2018,32,19,0,1,1,1,0,1,1,1,0,1,1,1,9,23,10,0.0,0.0,0.0,0.0,100.0,0.0,0,,0.0,0,,0.0,0.0,MINYAK MENTAH,80.1,35,4.5,0,0.0,0,0.0,15.4,BBM OLAHAN,35.2,31,22.5,12,31.4,0,0.0,10.9,2,2,2,4,3,4,5,1,1,1,52,9,14,2,23,4,3,0,75,13,17,2,0,0,3920183.0,846753.0,196009.15,42337.7,4116192.2,889090.7,0,0,0,0,0,0,0,0,0,0,0,0,0,0,0,0,0,0,0,0,0,0,0,0,0,0,0,0,122990,983919,0,0,0,0,0,0,0,0,0,0,0,0,0,0,,0,0,,4438,88750,0,0,1072669,0,113484,497352,721160,0,0,,0,0,0,0,0,137220,76233,114350,0,0,60987,53363,91480,0,38117,0,0,0,76233,114350.0,762333.482,2,7488360,0,64.3808957,0,14960928.6586446,0,0,0,0,0,0,0,0,0,1489077,1489077,595306,610333,372066,381458,520894,534041,1488266,1525832,8242816,0,35498,8207318,9231954,0,0,9231954,10550804.0,174038.0,0,10724842.0,2637701,0.0,0,2637701.0,989138,0,43217,945921,1318850,74356,30793,1362413,32971263.0,248394.0,109508,33110149.0,5005282.8,1072669,721160,762333.482,7488360,15049805.507,14960928.6586446,0,1489077,37566,14998495,76233,99999,60987,53363,5005282.8,16450005.5633593,10044522.707,6405482.8561418,10027
2019,32,19,1,1,1,1,1,1,1,1,1,1,1,1,12,21,7,0.0,0.0,0.0,0.0,100.0,0.0,0,,0.0,0,,0.0,0.0,MINYAK MENTAH,97.6,18,0.4,12,0.8,18,0.9,0.3,BBM OLAHAN,53.3,51,11.9,35,5.6,36,5.7,23.5,2,2,2,3,4,4,5,0,0,1,60,10,16,2,27,5,4,0,87,15,20,2,0,0,5657177.0,1220610.0,282858.85,61030.5,5940035.9,1281640.5,0,0,0,0,0,0,0,0,0,0,0,0,0,0,0,0,0,0,0,0,0,0,0,0,0,0,0,0,161766,1294132,0,0,0,0,0,0,0,0,0,0,0,0,0,0,,0,0,,5296,105928,0,0,1400060,0,221718,585934,849604,0,0,,0,0,0,0,0,217063,120591,180886,0,0,96473,84413,144709,0,60295,0,0,0,120591,180886.0,1205907.164,2,11740301,0,52.41977502,0,19297010.2666764,0,0,0,0,0,0,0,0,0,1855117,1855117,392978,407988,245611,254992,343855,356990,982444,1019970,8207318,0,0,8207318,9231954,48226,0,9280180,10724842.0,1115843.0,296253,11544432.0,2637701,0.0,0,2637701.0,945921,0,0,945921,1362413,0,0,1362413,33110149.0,1164069.0,296253,33977965.0,7221676.4,1400060,849604,1205907.164,11740301,22417547.951,19297010.2666764,0,1855117,37526,19334536,99999,99999,96473,84413,7221676.4,21152127.1592698,15195871.601,5956255.5579174,10027
2020,32,19,1,1,1,1,1,1,1,1,1,1,0,0,10,19,7,0.0,0.0,0.0,0.0,100.0,0.0,0,,0.0,0,,0.0,0.0,MINYAK MENTAH,63.9,12,8.8,61,20.8,0,0.0,6.5,BBM OLAHAN,79.4,34,2.4,31,5.2,35,9.7,3.3,2,2,2,3,4,5,4,1,1,0,55,10,15,2,25,4,4,0,80,14,19,2,0,0,5231079.0,1169077.0,261553.95,58453.9,5492633.0,1227530.9,0,0,0,0,0,0,0,0,0,0,0,0,0,0,0,0,0,0,0,0,0,0,0,0,0,0,0,0,123280,986239,0,0,0,0,0,0,0,0,0,0,0,0,0,0,,0,0,,3618,72365,0,0,1058604,0,119716,554228,803630,0,0,,0,0,0,0,0,121046,67248,100872,0,0,53798,47073,80697,0,33624,0,0,0,67248,100872.0,672477.913,2,10433387,0,67.51894572,0,16303258.9938775,372720,41413,414134,0,0,0,0,0,0,1252818,1252818,405640,413894,253525,258684,354934,362157,1014099,1034735,8207318,0,0,8207318,9280180,0,0,9280180,11544432.0,146385.0,0,11690817.0,2637701,0.0,0,2637701.0,945921,0,0,945921,1362413,0,19534,1342879,33977965.0,146385.0,19534,34104816.0,6720163.8,1058604,803630,672477.913,10433387,19688263.013,16303258.9938775,414134,1252818,20636,16738029,67248,99999,53798,47073,6720163.8,17970210.8923858,12968099.213,5002111.679635,10027
2018,91,11,1,1,1,1,1,0,1,1,1,1,1,1,11,25,10,0.0,0.0,0.0,0.0,100.0,0.0,0,,0.0,0,,0.0,0.0,GULA & KONSENTRAT,80.7,36,11.1,16,0.8,35,3.9,3.5,MINUMAN KEMASAN,66.1,35,14.1,35,8.9,35,2.0,8.9,2,2,2,1,5,0,5,1,0,0,29,5,7,1,6,1,1,0,35,6,8,1,0,0,1298203.0,285218.0,64910.15,14260.9,1363113.2,299478.9,0,0,0,0,0,0,0,0,0,0,0,0,0,0,0,0,0,0,0,0,0,0,0,0,0,0,0,0,36390,291118,0,0,0,0,0,0,0,0,0,0,0,0,0,0,,0,0,,1349,26987,0,0,318105,0,30610,140300,203435,0,0,,0,0,0,0,0,93477,51932,77898,0,0,41546,36352,62318,0,25966,0,0,0,51932,77898.0,519319.329,2,4887229,0,74.72605308,2,7396687.3491199,0,0,0,0,0,0,0,0,0,604971,604971,167397,178526,104623,111579,146473,156210,418493,446315,1729502,0,0,1729502,1937043,211923,0,2148966,2213763.0,224116.0,0,2437879.0,553441,0.0,0,553441.0,207540,0,0,207540,276721,13926,0,290647,6918010.0,449965.0,0,7367975.0,1662592.1,318105,203435,519319.329,4887229,7590680.654,7396687.3491199,0,604971,27822,7424509,51932,77898,41546,36352,1662592.1,8001658.6780668,5928088.604,2073570.0739954,10028
2019,91,11,1,1,1,1,0,1,1,1,1,1,1,0,10,25,9,0.0,0.0,0.0,0.0,100.0,0.0,0,,0.0,0,,0.0,0.0,GULA & KONSENTRAT,69.1,31,9.7,32,10.0,34,8.2,3.0,MINUMAN KEMASAN,62.6,32,7.0,35,12.2,35,13.7,4.5,2,2,2,3,2,1,6,1,0,0,34,6,9,1,7,1,1,0,41,7,10,1,0,0,1713629.0,392982.0,85681.45,19649.1,1799310.5,412631.1,0,0,0,0,0,0,0,0,0,0,0,0,0,0,0,0,0,0,0,0,0,0,0,0,0,0,0,0,34135,273077,0,0,0,0,0,0,0,0,0,0,0,0,0,0,,0,0,,667,13331,0,0,286408,0,20379,111120,161125,0,0,,0,0,0,0,0,62710,34839,52258,0,0,27871,24387,41807,0,17419,0,0,0,34839,52258.0,348387.849,2,4636926,0,96.45917491,2,9286139.2749434,0,0,0,0,0,0,0,0,0,256667,256667,137597,140725,85998,87953,120398,123134,343993,351812,1729502,0,57255,1672247,2148966,224697,47119,2326544,2437879.0,226908.0,86443,2578344.0,553441,0.0,0,553441.0,207540,13394,0,220934,290647,2713,0,293360,7367975.0,467712.0,190817,7644870.0,2211941.6,286408,161125,348387.849,4636926,7644788.266,9286139.2749434,0,256667,7819,9293958,34839,52258,27871,24387,2211941.6,9542806.0833198,5432846.716,4109959.3669191,10028
2020,91,11,1,1,1,1,1,1,1,1,1,1,1,1,12,25,7,0.0,0.0,0.0,0.0,100.0,0.0,0,,0.0,0,,0.0,0.0,GULA & KONSENTRAT,63.4,11,2.7,35,19.5,36,8.3,6.1,MINUMAN KEMASAN,52.4,19,20.1,32,8.5,81,3.0,16.0,2,2,2,2,3,3,0,1,1,1,25,4,6,1,6,1,1,0,31,5,7,1,0,0,1360712.0,302674.0,68035.6,15133.7,1428747.6,317807.7,0,0,0,0,0,0,0,0,0,0,0,0,0,0,0,0,0,0,0,0,0,0,0,0,0,0,0,0,29842,238735,0,0,0,0,0,0,0,0,0,0,0,0,0,0,,0,0,,431,8629,0,0,247364,0,22988,78613,113988,0,0,,0,0,0,0,0,33242,18468,27702,0,0,14774,12928,22162,0,9234,0,0,0,18468,27702.0,184679.915,2,3758093,0,73.36279534,2,7064814.8078452,0,0,0,0,0,0,0,0,0,125758,125758,97046,102216,60654,63885,84915,89439,242615,255540,1672247,0,0,1672247,2326544,0,0,2326544,2578344.0,40403.0,0,2618747.0,553441,0.0,807,552634.0,220934,0,10464,210470,293360,0,0,293360,7644870.0,40403.0,11271,7674002.0,1746555.3,247364,113988,184679.915,3758093,6050680.957,7064814.8078452,0,125758,12925,7077740,18468,27702,14774,12928,1746555.3,7190573.2425368,4304125.657,2886447.5856042,10028
2021,91,11,1,1,1,1,1,1,1,1,1,1,1,1,12,26,7,0.0,0.0,0.0,0.0,100.0,0.0,0,,0.0,0,,0.0,0.0,GULA & KONSENTRAT,78.6,63,2.5,63,7.0,13,8.0,3.9,MINUMAN KEMASAN,89.7,36,2.1,32,2.0,35,4.5,1.7,2,2,2,3,3,4,2,0,1,0,30,5,7,1,7,1,1,0,37,6,8,1,0,0,1543379.0,323316.0,77168.95,16165.8,1620547.9,339481.8,0,0,0,0,0,0,0,0,0,0,0,0,0,0,0,0,0,0,0,0,0,0,0,0,0,0,0,0,31059,248475,0,0,0,0,0,0,0,0,0,0,0,0,0,0,,0,0,,678,13552,0,0,262027,0,50189,108462,157270,0,0,,0,0,0,0,0,58599,32555,48833,0,0,26044,22789,39066,0,16278,0,0,0,32555,48833.0,325552.102,2,4261038,0,81.35591018,2,7378240.680501,0,0,0,0,0,0,0,0,0,122602,122602,194865,195498,121790,122186,170507,171060,487162,488744,1672247,54467,0,1726714,2326544,0,988,2325556,2618747.0,0.0,0,2618747.0,552634,0.0,0,552634.0,210470,0,0,210470,293360,0,0,293360,7674002.0,54467.0,988,7727481.0,1960029.8,262027,157270,325552.102,4261038,6965916.58,7378240.680501,0,122602,1582,7379823,32555,48833,26044,22789,1960029.8,7500843.1695332,5005886.83,2494956.339307,10028
2022,91,11,1,1,1,0,1,1,1,1,1,1,1,1,11,22,8,0.0,0.0,0.0,0.0,100.0,0.0,0,,0.0,0,,0.0,0.0,GULA & KONSENTRAT,60.9,52,10.7,12,4.4,72,15.3,8.7,MINUMAN KEMASAN,63.8,33,12.8,31,11.4,31,8.1,3.9,2,2,2,5,4,4,6,0,0,1,40,7,11,1,9,2,1,0,49,9,12,1,0,0,2499712.0,560614.0,124985.6,28030.7,2624697.6,588644.7,0,0,0,0,0,0,0,0,0,0,0,0,0,0,0,0,0,0,0,0,0,0,0,0,0,0,0,0,67364,538908,0,0,0,0,0,0,0,0,0,0,0,0,0,0,,0,0,,2066,41318,0,0,580226,0,95749,219292,317973,0,0,,0,0,0,0,0,93641,52023,78034,0,0,41618,36416,62428,0,26012,0,0,0,52023,78035.0,520230.203,2,8383345,0,69.56515191,2,13678274.8868602,306036,34004,340040,0,0,0,0,0,0,889813,889813,354023,342863,221264,214290,309770,300005,885057,857158,1726714,0,0,1726714,2325556,0,0,2325556,2618747.0,219208.0,0,2837955.0,552634,30527.0,1487,581674.0,210470,20569,0,231039,293360,12359,0,305719,7727481.0,282663.0,1487,8008657.0,3213342.3,580226,317973,520230.203,8383345,13015116.908,13678274.8868602,340040,889813,-27899,13990416,52023,78034,41618,36416,3213342.3,14908127.6062049,9801774.608,5106352.9978597,10028
2018,35,21,1,1,0,1,1,0,1,0,1,1,1,1,9,23,9,0.0,0.0,0.0,0.0,100.0,0.0,0,,0.0,0,,0.0,0.0,BAHAN AKTIF FARMASI,100.0,0,0.0,0,0.0,0,0.0,0.0,OBAT-OBATAN,33.9,32,30.2,13,21.4,0,0.0,14.5,0,2,2,5,5,1,2,1,1,0,29,5,8,1,19,4,3,0,48,9,11,1,0,0,2596084.0,546904.0,129804.2,27345.2,2725888.2,574249.2,0,0,0,0,0,0,0,0,0,0,0,0,0,0,0,0,0,0,0,0,0,0,0,0,0,0,0,0,22131,177048,0,0,0,0,0,0,0,0,0,0,0,0,0,0,,0,0,,576,11514,0,0,188562,0,29857,122258,177273,0,0,,0,0,0,0,0,82678,45932,68899,0,0,36746,32153,55119,0,22966,0,0,0,45932,68899.0,459323.914,0,2116036,2125558,66.14798585,2,7239039.0016815,0,0,0,0,0,0,0,0,0,304913,304913,296391,337535,185244,210959,259343,295343,740978,843837,2388650,0,0,2388650,2675288,24991,104652,2595627,3057472.0,0.0,28288,3029184.0,764368,0.0,0,764368.0,286638,17362,0,304000,382184,0,0,382184,9554600.0,42353.0,132940,9464013.0,3300137.4,188562,177273,459323.914,4241593,8366889.907,7239039.0016815,0,304913,102859,7341898,45932,68899,36746,32153,3300137.4,7543952.0801633,5066752.507,2477199.5736376,10029
2019,35,21,1,1,1,1,1,1,1,1,1,1,1,1,12,24,11,0.0,0.0,0.0,0.0,100.0,0.0,0,,0.0,0,,0.0,0.0,BAHAN AKTIF FARMASI,79.5,32,6.3,14,0.5,0,0.0,13.7,OBAT-OBATAN,34.8,19,32.7,34,12.1,0,0.0,20.4,2,2,2,5,2,5,8,0,0,1,36,7,11,2,24,4,3,0,60,11,14,2,0,0,4027731.0,908097.0,201386.55,45404.9,4229117.5,953501.9,0,0,0,0,0,0,0,0,0,0,0,0,0,0,0,0,0,0,0,0,0,0,0,0,0,0,0,0,37011,296085,0,0,0,0,0,0,0,0,0,0,0,0,0,0,,0,0,,567,11341,0,0,307426,0,21988,115605,167627,0,0,,0,0,0,0,0,133159,73977,110966,0,0,59182,51784,88773,0,36989,0,0,0,73977,110966.0,739773.267,0,4300625,3583667,52.10385898,2,14040029.4683776,0,0,0,0,0,0,0,0,0,289072,289072,223224,208555,139515,130347,195320,182486,558059,521388,2388650,0,0,2388650,2595627,0,0,2595627,3029184.0,288987.0,0,3318171.0,764368,0.0,11751,752617.0,304000,0,2006,301994,382184,10394,0,392578,9464013.0,299381.0,13757,9749637.0,5182619.4,307426,167627,739773.267,7884292,14281737.459,14040029.4683776,0,289072,-36671,14003358,73977,99999,59182,51784,5182619.4,14329101.1810516,9099118.059,5229983.1221941,10029
2020,35,21,1,1,1,1,1,1,1,1,1,0,1,1,11,25,10,0.0,0.0,0.0,0.0,100.0,0.0,0,,0.0,0,,0.0,0.0,BAHAN AKTIF FARMASI,34.2,61,34.5,51,16.3,0,0.0,15.0,OBAT-OBATAN,41.8,32,20.1,36,11.2,73,17.3,9.6,2,2,2,3,3,2,8,1,0,1,31,5,9,1,20,4,3,0,51,9,12,1,0,0,3264683.0,707774.0,163234.15,35388.7,3427917.2,743162.7,0,0,0,0,0,0,0,0,0,0,0,0,0,0,0,0,0,0,0,0,0,0,0,0,0,0,0,0,32778,262228,0,0,0,0,0,0,0,0,0,0,0,0,0,0,,0,0,,595,11898,0,0,274126,0,45226,107366,155681,0,0,,0,0,0,0,0,159723,88735,133102,0,0,70988,62114,106482,0,44367,0,0,0,88735,133102.0,887347.622,0,2979594,2911405,50.05716022,2,9795142.9820575,0,0,0,0,0,0,0,0,0,901579,901579,182937,189076,114336,118173,160070,165442,457343,472691,2388650,52197,0,2440847,2595627,64631,67226,2593032,3318171.0,0.0,0,3318171.0,752617,81037.0,0,833654.0,301994,0,0,301994,392578,0,0,392578,9749637.0,197865.0,67226,9880276.0,4171079.9,274126,155681,887347.622,5891000,11379234.236,9795142.9820575,0,901579,15348,9810491,88735,99999,70988,62114,4171079.9,10696721.6582899,7208154.386,3488567.2724222,10029
2021,35,21,1,1,1,1,1,1,1,1,1,1,1,1,12,23,9,0.0,0.0,0.0,0.0,100.0,0.0,0,,0.0,0,,0.0,0.0,BAHAN AKTIF FARMASI,42.6,16,29.5,32,7.2,75,11.2,9.5,OBAT-OBATAN,100.0,0,0.0,0,0.0,0,0.0,0.0,2,2,2,2,2,2,5,0,1,1,29,5,9,1,19,4,3,0,48,9,12,1,0,0,3519171.0,803095.0,175958.55,40154.8,3695129.6,843249.8,0,0,0,0,0,0,0,0,0,0,0,0,0,0,0,0,0,0,0,0,0,0,0,0,0,0,0,0,36693,293541,0,0,0,0,0,0,0,0,0,0,0,0,0,0,,0,0,,722,14445,0,0,307985,0,35091,195044,282814,0,0,,0,0,0,0,0,110933,61630,92444,0,0,49304,43141,73955,0,30815,0,0,0,61630,92443.0,616295.105,0,3735094,1615810,74.31963623,2,10391078.2932193,0,0,0,0,0,0,0,0,0,256578,256578,293100,300709,183187,187943,256462,263120,732749,751772,2440847,77717,29475,2489089,2593032,0,0,2593032,3318171.0,0.0,0,3318171.0,833654,0.0,0,833654.0,301994,4208,0,306202,392578,0,0,392578,9880276.0,81925.0,29475,9932726.0,4538379.3,307985,282814,616295.105,5350903,11096377.4,10391078.2932193,0,256578,19023,10410101,61630,92444,49304,43141,4538379.3,10647655.9368737,6557998.1,4089657.8370902,10029
2022,35,21,1,1,1,1,1,1,0,1,1,1,1,1,11,26,7,0.0,0.0,0.0,0.0,100.0,0.0,0,,0.0,0,,0.0,0.0,BAHAN AKTIF FARMASI,91.4,36,3.6,32,2.7,72,0.9,1.4,OBAT-OBATAN,28.5,52,51.1,0,0.0,0,0.0,20.4,2,2,2,5,4,1,5,1,1,0,37,7,11,2,25,4,3,0,62,11,14,2,0,0,4250304.0,932028.0,212515.2,46601.4,4462819.2,978629.4,0,0,0,0,0,0,0,0,0,0,0,0,0,0,0,0,0,0,0,0,0,0,0,0,0,0,0,0,42200,337598,0,0,0,0,0,0,0,0,0,0,0,0,0,0,,0,0,,565,11300,0,0,348898,0,39800,137705,199672,0,0,,0,0,0,0,0,173710,96506,144758,0,0,77204,67554,115807,0,48253,0,0,0,96506,144758.0,965055.815,0,3911519,1342421,41.88628788,2,10711132.0885492,0,0,0,0,0,0,0,0,0,1086750,1086750,292004,265368,182502,165855,255504,232197,730010,663420,2489089,0,0,2489089,2593032,0,0,2593032,3318171.0,396703.0,0,3714874.0,833654,0.0,0,833654.0,306202,0,0,306202,392578,0,0,392578,9932726.0,396703.0,0,10329429.0,5441448.6,348898,199672,965055.815,5253941,12209015.515,10711132.0885492,0,1086750,-66590,10644542,96506,99999,77204,67554,5441448.6,11797881.8812986,6767566.915,5030314.9664433,10029
2018,31,33,1,1,1,1,1,1,1,1,1,1,0,1,11,23,11,0.0,0.0,0.0,0.0,100.0,0.0,0,,0.0,0,,0.0,0.0,SUKU CADANG,68.5,35,16.8,0,0.0,0,0.0,14.7,JASA REPARASI MESIN,74.9,12,14.7,32,3.7,33,1.9,4.8,2,2,2,1,4,3,8,1,0,0,10,2,4,0,9,1,1,0,19,3,5,0,0,0,648568.0,147629.0,32428.4,7381.5,680996.4,155010.5,0,0,0,0,5171,49123,0,0,0,0,0,0,0,0,0,0,0,0,0,0,0,0,0,0,0,0,0,0,0,0,0,0,0,0,0,0,0,0,0,0,0,0,0,0,,0,0,,188,3761,0,0,52884,0,3859,22642,32831,0,0,,0,0,0,0,0,14610,8117,12175,0,0,6493,5682,9740,0,4058,0,0,0,8117,12175.0,81167.239,0,1062953,407853,60.46721633,2,2483900.0515067,0,0,0,0,0,0,0,0,0,261993,261993,68900,76545,43062,47841,60287,66977,172249,191363,228014,13688,5114,236588,255376,25349,0,280725,291859.0,28862.0,13066,307655.0,72965,0.0,1779,71186.0,27362,0,0,27362,36482,0,0,36482,912058.0,67899.0,19959,959998.0,836006.9,52884,32831,81167.239,1470806,2473694.75,2483900.0515067,0,261993,19114,2503014,8117,12175,6493,5682,836006.9,2745893.1651375,1637687.9,1108205.265435,10030
2019,31,33,1,1,1,1,1,1,1,1,1,0,1,1,11,26,9,0.0,0.0,0.0,0.0,100.0,0.0,0,,0.0,0,,0.0,0.0,SUKU CADANG,73.9,35,6.2,33,9.0,33,7.8,3.1,JASA REPARASI MESIN,50.2,35,16.9,35,13.1,35,12.7,7.1,2,2,2,2,5,5,1,0,0,1,11,2,4,0,10,2,1,0,21,4,5,0,0,0,964894.0,193287.0,48244.7,9664.4,1013138.7,202951.4,0,0,0,0,7488,71134,0,0,0,0,0,0,0,0,0,0,0,0,0,0,0,0,0,0,0,0,0,0,0,0,0,0,0,0,0,0,0,0,0,0,0,0,0,0,,0,0,,242,4849,0,0,75983,0,4243,21926,31793,0,0,,0,0,0,0,0,39795,22108,33163,0,0,17687,15476,26530,0,11054,0,0,0,22108,33164.0,221084.796,0,1396008,246405,70.32453859,2,2965392.9257273,47552,5284,52836,0,0,0,0,0,0,73438,73438,109940,129257,68712,80786,96197,113099,274849,323142,236588,4276,8324,232540,280725,11759,0,292484,307655.0,0.0,0,307655.0,71186,4804.0,0,75990.0,27362,0,0,27362,36482,2495,0,38977,959998.0,23334.0,8324,975008.0,1216090.1,75983,31793,221084.796,1642413,3187364.174,2965392.9257273,52836,73438,48293,3066522,22108,33163,17687,15476,1216090.1,3091666.6008673,1971274.124,1120392.476821,10030
2020,31,33,1,1,1,1,0,1,0,1,1,1,1,1,10,23,8,0.0,0.0,0.0,0.0,100.0,0.0,0,,0.0,0,,0.0,0.0,SUKU CADANG,56.8,74,12.2,32,6.4,35,14.4,10.2,JASA REPARASI MESIN,74.2,35,11.0,52,10.2,12,0.9,3.7,0,0,0,2,2,4,6,0,1,1,11,2,4,0,10,2,1,0,21,4,5,0,0,0,933915.0,187082.0,46695.75,9354.1,980610.8,196436.1,0,0,0,0,7560,71825,0,0,0,0,0,0,0,0,0,0,0,0,0,0,0,0,0,0,0,0,0,0,0,0,0,0,0,0,0,0,0,0,0,0,0,0,0,0,,0,0,,248,4951,0,0,76776,0,2381,7647,11088,0,0,,0,0,0,0,0,40814,22675,34012,0,0,18140,15872,27210,0,11337,0,0,0,22675,34012.0,226746.802,0,1182363,618449,66.19362561,2,3240410.9413086,0,0,0,0,0,0,0,0,0,158262,158262,85599,85467,53500,53417,74899,74783,213998,213667,232540,8574,0,241114,292484,0,0,292484,307655.0,11243.0,0,318898.0,75990,4718.0,0,80708.0,27362,2628,0,29990,38977,0,1698,37279,975008.0,27163.0,1698,1000473.0,1177046.9,76776,11088,226746.802,1800812,3292469.032,3240410.9413086,0,158262,-331,3240080,22675,34012,18140,15872,1177046.9,3398672.4740951,2115422.182,1283250.292504,10030
2021,31,33,1,1,1,1,1,1,0,1,1,1,1,1,11,22,12,0.0,0.0,0.0,0.0,100.0,0.0,0,,0.0,0,,0.0,0.0,SUKU CADANG,61.8,18,8.1,32,2.1,36,13.6,14.4,JASA REPARASI MESIN,23.5,35,20.9,33,10.8,33,33.7,11.1,2,2,2,3,4,1,5,1,1,0,13,2,4,1,11,2,1,0,24,4,5,1,0,0,890200.0,191007.0,44510.0,9550.4,934710.0,200557.4,0,0,0,0,6055,57524,0,0,0,0,0,0,0,0,0,0,0,0,0,0,0,0,0,0,0,0,0,0,0,0,0,0,0,0,0,0,0,0,0,0,0,0,0,0,,0,0,,173,3468,0,0,60992,0,8535,28431,41224,0,0,,0,0,0,0,0,26732,14851,22277,0,0,11881,10396,17821,0,7426,0,0,0,14851,22277.0,148512.426,0,1001702,599664,77.65932965,2,2940073.4205933,0,0,0,0,0,0,0,0,0,286087,286087,103108,106422,64442,66514,90220,93119,257770,266055,241114,0,0,241114,292484,26116,0,318600,318898.0,21503.0,0,340401.0,80708,0.0,0,80708.0,29990,709,0,30699,37279,0,0,37279,1000473.0,48328.0,0,1048801.0,1135267.4,60992,41224,148512.426,1601365,2987361.566,2940073.4205933,0,286087,8285,2948358,14851,22277,11881,10396,1135267.4,3226160.6444253,1852094.216,1374066.4286093,10030
2022,31,33,1,1,1,1,1,1,1,1,1,1,1,1,12,25,8,0.0,0.0,0.0,0.0,100.0,0.0,0,,0.0,0,,0.0,0.0,SUKU CADANG,35.6,73,19.7,36,21.9,35,14.7,8.1,JASA REPARASI MESIN,61.3,36,8.3,35,9.1,62,9.9,11.4,2,2,2,2,4,3,4,0,0,0,20,3,6,1,17,3,2,0,37,6,8,1,0,0,1402662.0,293838.0,70133.1,14691.9,1472795.1,308529.9,0,0,0,0,8332,79157,0,0,0,0,0,0,0,0,0,0,0,0,0,0,0,0,0,0,0,0,0,0,0,0,0,0,0,0,0,0,0,0,0,0,0,0,0,0,,0,0,,133,2667,0,0,81824,0,10919,52931,76750,0,0,,0,0,0,0,0,55977,31098,46647,0,0,24879,21769,37318,0,15549,0,0,0,31098,46647.0,310981.915,0,2059404,1277115,58.5711812,2,5866122.7831478,161427,17936,179363,0,0,0,0,0,0,139397,139397,188887,176589,118054,110368,165277,154516,472218,441473,241114,0,0,241114,318600,0,0,318600,340401.0,0.0,0,340401.0,80708,0.0,0,80708.0,30699,0,0,30699,37279,815,0,38094,1048801.0,815.0,0,1049616.0,1781325.0,81824,76750,310981.915,3336519,5587399.335,5866122.7831478,179363,139397,-30745,6014741,31098,46647,24879,21769,1781325.0,6184883.0708449,3806074.335,2378808.7357712,10030
2022,31,16,1,1,1,1,1,1,1,1,1,1,1,1,12,22,9,0.0,0.0,0.0,0.0,100.0,0.0,0,,0.0,0,,0.0,0.0,KAYU LOG,80.7,34,11.7,91,0.8,35,2.3,4.5,PRODUK KAYU,27.4,32,34.9,36,14.2,0,0.0,23.5,2,2,2,2,2,0,2,1,1,0,12,2,3,0,3,1,1,0,15,3,4,0,0,0,493938.0,109977.0,24696.9,5498.9,518634.9,115475.9,0,0,0,0,0,0,0,0,0,0,0,0,0,0,0,0,0,0,0,0,0,0,0,0,0,0,0,0,0,0,0,0,0,0,0,0,0,0,0,0,105494,84395,0,0,,0,0,,149,2980,0,0,87375,0,11618,63259,91726,0,0,,0,0,0,0,0,30271,16817,25226,0,0,13454,11772,20180,0,8408,0,0,0,16817,25225.0,168169.914,2,2112750,0,88.34911065,2,3424934.9761207,0,0,0,0,0,0,0,0,0,155348,155348,92944,87480,58090,54675,81327,76544,232361,218699,727251,0,0,727251,814521,0,0,814521,930882.0,52257.0,0,983139.0,232720,0.0,7247,225473.0,87270,1246,0,88516,116361,0,0,116361,2909005.0,53503.0,7247,2955261.0,634110.8,87375,91726,168169.914,2112750,3094131.863,3424934.9761207,0,155348,-13662,3411273,16817,25226,13454,11772,634110.8,3580283.0700632,2460021.113,1120261.9570647,10031
2018,32,29,1,1,1,1,1,1,1,1,1,1,1,1,12,25,7,0.0,0.0,0.0,0.0,100.0,0.0,0,,0.0,0,,0.0,0.0,KOMPONEN OTOMOTIF,57.3,19,17.6,11,15.7,36,4.1,5.3,KENDARAAN BERMOTOR,56.7,35,16.0,35,15.9,35,6.1,5.3,0,2,2,2,4,2,6,1,0,1,94,16,27,3,61,11,9,1,155,27,36,4,0,0,9495201.0,2087265.0,474760.05,104363.2,9969961.1,2191628.2,0,0,0,0,0,0,0,0,0,0,0,0,0,0,0,0,0,0,0,0,0,0,0,0,0,0,0,0,144676,1157405,0,0,0,0,0,0,0,0,0,0,0,0,0,0,,0,0,,4877,97537,0,0,1254942,0,331160,666465,966374,0,0,,0,0,0,0,0,255133,141741,212611,0,0,113393,99219,170089,0,70870,0,0,0,141741,212611.0,1417407.519,0,15005466,4168001,60.6357861,0,29864423.8795717,237148,26350,263498,0,0,0,0,0,0,67120,67120,1089960,1205646,681225,753528,953714,1054940,2724899,3014114,11638126,0,0,11638126,13034701,1488171,0,14522872,14896801.0,0.0,0,14896801.0,3724200,163898.0,0,3888098.0,1396575,113333,0,1509908,1862100,0,0,1862100,46552503.0,1765402.0,0,48317905.0,12161589.3,1254942,966374,1417407.519,19173466,34973779.164,29864423.8795717,263498,67120,289215,30417137,99999,99999,99999,99219,12161589.3,30195041.5474659,22812189.864,7382851.6831655,10032
2018,31,12,0,1,1,1,1,1,1,1,0,1,1,0,9,23,7,0.0,0.0,0.0,0.0,100.0,0.0,0,,0.0,0,,0.0,0.0,DAUN TEMBAKAU,47.9,35,17.6,32,17.4,33,11.3,5.8,ROKOK,66.3,35,6.0,32,12.2,19,10.8,4.7,0,2,2,4,2,0,5,1,0,0,79,14,18,2,4,1,1,0,83,15,19,2,0,0,3428515.0,734957.0,171425.75,36747.8,3599940.8,771704.8,0,0,0,0,0,0,0,0,0,0,0,0,0,0,0,0,0,0,0,0,0,0,0,0,0,0,0,0,0,0,0,0,0,0,0,0,14496,173955,0,0,0,0,0,0,,0,0,,446,8924,0,0,182879,0,69780,177064,256742,0,0,,0,0,0,0,0,89719,49844,74766,0,0,39875,34891,59812,0,24922,0,0,0,49844,74764.0,498436.539,2,8356734,0,98.0,0,14149045.4467047,0,0,0,0,0,0,0,0,0,262374,262374,496761,580033,310476,362521,434665,507529,1241902,1450083,2400648,0,0,2400648,2688726,162502,0,2851228,3072829.0,0.0,0,3072829.0,768207,31098.0,0,799305.0,288078,0,11050,277028,384104,23914,0,408018,9602592.0,217514.0,11050,9809056.0,4371645.6,182879,256742,498436.539,8356734,13666437.105,14149045.4467047,0,262374,208181,14357226,49844,74766,39875,34891,4371645.6,14411419.2113186,9294791.505,5116627.7066948,10033
2019,31,12,1,1,1,1,0,1,1,1,1,1,1,1,11,21,8,0.0,0.0,0.0,0.0,100.0,0.0,0,,0.0,0,,0.0,0.0,DAUN TEMBAKAU,73.3,35,6.1,32,13.3,0,0.0,7.3,ROKOK,59.5,14,9.3,35,17.3,12,6.5,7.4,2,2,2,3,3,1,6,0,1,1,97,17,22,3,5,1,1,0,102,18,23,3,0,0,3621794.0,784959.0,181089.7,39248.0,3802883.7,824207.0,0,0,0,0,0,0,0,0,0,0,0,0,0,0,0,0,0,0,0,0,0,0,0,0,0,0,0,0,0,0,0,0,0,0,0,0,24085,289022,0,0,0,0,0,0,,0,0,,1052,21034,0,0,310056,0,18227,56535,81976,0,0,,0,0,0,0,0,217586,120881,181322,0,0,96705,84617,145057,0,60441,0,0,0,120881,181322.0,1208812.34,2,14802025,0,66.14611479,0,23734250.254281,0,0,0,0,0,0,0,0,0,1864933,1864933,689726,697554,431079,435972,603510,610360,1724315,1743886,2400648,0,0,2400648,2851228,0,0,2851228,3072829.0,0.0,0,3072829.0,799305,0.0,0,799305.0,277028,0,0,277028,408018,8300,0,416318,9809056.0,8300.0,0,9817356.0,4627090.7,310056,81976,1208812.34,14802025,21029960.081,23734250.254281,0,1864933,19571,23753821,99999,99999,96705,84617,4627090.7,25599183.3122145,16402869.431,9196313.880819,10033
2020,31,12,0,1,1,1,1,1,1,1,1,1,0,0,9,23,8,0.0,0.0,0.0,0.0,100.0,0.0,0,,0.0,0,,0.0,0.0,DAUN TEMBAKAU,56.0,35,10.6,12,16.5,35,9.9,7.0,ROKOK,72.7,33,0.9,35,10.9,32,11.4,4.1,2,2,2,1,2,3,8,1,1,0,82,14,19,2,4,1,1,0,86,15,20,2,0,0,2596997.0,565884.0,129849.85,28294.2,2726846.9,594178.2,0,0,0,0,0,0,0,0,0,0,0,0,0,0,0,0,0,0,0,0,0,0,0,0,0,0,0,0,0,0,0,0,0,0,0,0,27548,330571,0,0,0,0,0,0,,0,0,,1290,25797,0,0,356368,0,60882,218009,316113,0,0,,0,0,0,0,0,150145,83414,125121,0,0,66731,58390,100097,0,41707,0,0,0,83414,125122.0,834140.869,2,11572998,0,84.62411535,0,17082714.54919,348260,38696,386955,0,0,0,0,0,0,460964,460964,402222,411537,251388,257211,351944,360095,1005554,1028843,2400648,0,102182,2298466,2851228,0,0,2851228,3072829.0,0.0,0,3072829.0,799305,0.0,0,799305.0,277028,8704,0,285732,416318,2243,2007,416554,9817356.0,10947.0,104189,9724114.0,3321025.1,356368,316113,834140.869,11572998,16400645.444,17082714.54919,386955,460964,23289,17492959,83414,99999,66731,58390,3321025.1,17930633.2290327,13079620.394,4851012.8349973,10033
2021,31,12,1,0,1,1,1,1,1,0,1,1,0,1,9,23,7,0.0,0.0,0.0,0.0,100.0,0.0,0,,0.0,0,,0.0,0.0,DAUN TEMBAKAU,80.8,32,8.0,11,4.9,33,3.7,2.6,ROKOK,75.7,36,0.7,19,5.3,18,8.6,9.7,2,2,2,4,0,4,7,0,1,1,90,16,21,2,5,1,1,0,95,17,22,2,0,0,4447496.0,953347.0,222374.8,47667.4,4669870.8,1001014.4,0,0,0,0,0,0,0,0,0,0,0,0,0,0,0,0,0,0,0,0,0,0,0,0,0,0,0,0,0,0,0,0,0,0,0,0,22111,265335,0,0,0,0,0,0,,0,0,,588,11763,0,0,277099,0,29469,139199,201838,0,0,,0,0,0,0,0,130669,72594,108891,0,0,58075,50816,87113,0,36297,0,0,0,72594,108889.0,725938.277,2,11757849,0,75.94591121,0,19747954.8093338,147293,16366,163659,0,0,0,0,0,0,75284,75284,363720,406698,227325,254186,318254,355860,909299,1016744,2298466,137393,25880,2409979,2851228,228176,0,3079404,3072829.0,0.0,0,3072829.0,799305,0.0,0,799305.0,285732,15351,0,301083,416554,0,0,416554,9724114.0,380920.0,25880,10079154.0,5670885.2,277099,201838,725938.277,11757849,18633609.734,19747954.8093338,163659,75284,107445,20019058,72594,99999,58075,50816,5670885.2,19986896.9023116,12962724.584,7024172.3184009,10033
2022,31,12,1,1,1,1,1,1,1,1,0,1,1,1,11,25,9,0.0,0.0,0.0,0.0,100.0,0.0,0,,0.0,0,,0.0,0.0,DAUN TEMBAKAU,80.6,61,4.9,33,0.5,36,10.1,3.9,ROKOK,59.3,73,11.6,94,7.3,63,16.3,5.5,2,2,2,4,2,0,6,1,0,1,90,16,21,2,5,1,1,0,95,17,22,2,0,0,3930756.0,842581.0,196537.8,42129.1,4127293.8,884710.1,0,0,0,0,0,0,0,0,0,0,0,0,0,0,0,0,0,0,0,0,0,0,0,0,0,0,0,0,0,0,0,0,0,0,0,0,34250,411005,0,0,0,0,0,0,,0,0,,1625,32508,0,0,443513,0,42132,188294,273026,0,0,,0,0,0,0,0,133818,74344,111515,0,0,59475,52041,89212,0,37172,0,0,0,74344,111515.0,743436.025,2,12391605,0,75.42767822,0,20657539.1658718,448307,49812,498119,0,0,0,0,0,0,479989,479989,842577,793845,526611,496153,737255,694614,2106443,1984612,2409979,0,0,2409979,3079404,0,0,3079404,3072829.0,0.0,0,3072829.0,799305,31045.0,0,830350.0,301083,35250,0,336333,416554,0,0,416554,10079154.0,66295.0,0,10145449.0,5012003.9,443513,273026,743436.025,12391605,18863583.227,20657539.1658718,498119,479989,-121831,21033827,74344,99999,59475,52041,5012003.9,21635646.8967068,13851579.377,7784067.5196159,10033
2020,91,31,1,1,1,1,0,1,1,1,1,1,1,1,11,25,9,0.0,0.0,0.0,0.0,100.0,0.0,0,,0.0,0,,0.0,0.0,KAYU OLAHAN,67.5,35,10.7,64,3.2,12,13.7,4.9,FURNITUR,45.0,31,5.1,35,9.4,73,26.4,14.1,2,2,2,3,1,0,1,0,0,0,26,5,9,1,34,6,5,0,60,11,14,1,0,0,2235829.0,472606.0,111791.45,23630.3,2347620.5,496236.3,0,0,0,0,0,0,0,0,0,0,0,0,0,0,0,0,0,0,0,0,0,0,0,0,0,0,0,0,0,0,0,0,0,0,0,0,0,0,0,0,269198,215358,0,0,,0,0,,946,18912,0,0,234270,0,23824,132994,192842,0,0,,0,0,0,0,0,89668,49816,74723,0,0,39852,34871,59779,0,24908,0,0,0,49816,74722.0,498155.349,0,5248208,1383939,56.49247696,0,10485256.6247906,0,0,0,0,0,0,0,0,0,853928,853928,361665,343328,226041,214580,316457,300412,904163,858320,2670932,0,0,2670932,2991443,0,0,2991443,3418792.0,0.0,66573,3352219.0,854698,0.0,0,854698.0,320512,12683,0,333195,427349,25868,0,453217,10683726.0,38551.0,66573,10655704.0,2843856.8,234270,192842,498155.349,6632147,10401270.643,10485256.6247906,0,853928,-45843,10439414,49816,74723,39852,34871,2843856.8,11339185.0104055,7557413.893,3781771.1176182,10034
2021,91,31,1,1,1,1,1,0,1,1,1,1,1,1,11,24,7,0.0,0.0,0.0,0.0,100.0,0.0,0,,0.0,0,,0.0,0.0,KAYU OLAHAN,65.3,31,13.8,33,6.2,35,9.0,5.7,FURNITUR,68.4,74,9.9,75,9.1,35,8.9,3.7,2,2,2,1,1,3,4,0,1,1,30,5,11,1,39,7,5,1,69,12,16,2,0,0,2003948.0,445514.0,100197.4,22275.7,2104145.4,467789.7,0,0,0,0,0,0,0,0,0,0,0,0,0,0,0,0,0,0,0,0,0,0,0,0,0,0,0,0,0,0,0,0,0,0,0,0,0,0,0,0,163750,131000,0,0,,0,0,,574,11476,0,0,142476,0,90905,218776,317226,0,0,,0,0,0,0,0,87828,48793,73190,0,0,39035,34155,58552,0,24397,0,0,0,48793,73189.0,487931.905,0,6661752,1368378,52.36894968,0,12834483.1644383,0,0,0,0,0,0,0,0,0,754329,754329,327414,295983,204634,184990,286487,258985,818535,739958,2670932,0,0,2670932,2991443,0,0,2991443,3352219.0,0.0,0,3352219.0,854698,27206.0,0,881904.0,333195,1683,0,334878,453217,0,0,453217,10655704.0,28889.0,0,10684593.0,2571935.1,142476,317226,487931.905,8030130,11549698.513,12834483.1644383,0,754329,-78577,12755906,48793,73190,39035,34155,2571935.1,13588812.2133759,8977763.413,4611048.8003956,10034
2022,91,31,1,1,1,1,1,0,1,1,1,1,1,1,11,20,10,0.0,0.0,0.0,0.0,100.0,0.0,0,,0.0,0,,0.0,0.0,KAYU OLAHAN,64.3,12,12.9,17,9.2,31,8.2,5.4,FURNITUR,50.4,35,5.8,73,4.8,73,29.0,10.0,2,2,2,3,5,0,5,1,1,1,31,5,11,1,40,7,5,1,71,12,16,2,0,0,2630092.0,570630.0,131504.6,28531.5,2761596.6,599161.5,0,0,0,0,0,0,0,0,0,0,0,0,0,0,0,0,0,0,0,0,0,0,0,0,0,0,0,0,0,0,0,0,0,0,0,0,0,0,0,0,469564,375651,0,0,,0,0,,1455,29107,0,0,404758,0,19387,110053,159576,0,0,,0,0,0,0,0,136108,75616,113424,0,0,60493,52931,90739,0,37808,0,0,0,75616,113422.0,756157.176,0,3704554,3784838,81.51263656,0,12151538.405234,0,0,0,0,0,0,0,0,0,1090697,1090697,371561,391072,232226,244420,325116,342189,928903,977681,2670932,0,0,2670932,2991443,0,62607,2928836,3352219.0,0.0,0,3352219.0,881904,0.0,0,881904.0,334878,0,0,334878,453217,0,0,453217,10684593.0,0.0,62607,10621986.0,3360758.1,404758,159576,756157.176,7489393,12170642.557,12151538.405234,0,1090697,48778,12200316,75616,99999,60493,52931,3360758.1,13242235.0048313,8809884.457,4432350.5477092,10034
2018,32,13,0,1,1,1,1,1,1,1,1,1,1,1,11,20,7,0.0,0.0,0.0,0.0,100.0,0.0,0,,0.0,0,,0.0,0.0,BENANG POLYESTER,91.2,16,2.7,72,1.1,12,3.6,1.4,KAIN TENUN,100.0,0,0.0,0,0.0,0,0.0,0.0,2,2,2,1,3,4,0,0,1,0,5,1,3,1,18,3,2,0,23,4,5,1,0,0,762267.0,169612.0,38113.35,8480.6,800380.3,178092.6,0,0,0,0,0,0,0,0,0,0,0,0,0,0,0,0,95766,114919,0,0,0,0,0,0,0,0,0,0,0,0,0,0,0,0,0,0,0,0,0,0,0,0,0,0,,0,0,,470,9398,0,0,124318,0,12819,65401,94832,0,0,,0,0,0,0,0,31486,17492,26239,0,0,13994,12245,20991,0,8746,0,0,0,17492,26239.0,174924.203,2,2391412,0,79.29632034,0,3554576.5026651,0,0,0,0,0,0,0,0,0,123198,123198,110918,108084,69324,67552,97052,94574,277294,270210,896964,0,0,896964,1004599,1780,0,1006379,1148113.0,0.0,19207,1128906.0,287028,0.0,10127,276901.0,107636,0,4414,103222,143514,0,0,143514,3587854.0,1780.0,33748,3555886.0,978472.9,124318,94832,174924.203,2391412,3763959.115,3554576.5026651,0,123198,-7084,3547493,17492,26239,13994,12245,978472.9,3677774.8403045,2785486.165,892288.6753243,10035
2019,32,13,1,1,0,1,1,1,0,1,1,1,0,1,9,22,10,0.0,0.0,0.0,0.0,100.0,0.0,0,,0.0,0,,0.0,0.0,BENANG POLYESTER,92.7,75,5.1,36,0.5,0,0.0,1.7,KAIN TENUN,29.6,17,1.9,35,42.1,0,0.0,26.4,2,2,2,1,0,0,5,0,1,1,7,1,4,1,24,4,3,0,31,5,7,1,0,0,884167.0,196673.0,44208.35,9833.7,928375.4,206506.7,0,0,0,0,0,0,0,0,0,0,0,0,0,0,0,0,141196,169436,0,0,0,0,0,0,0,0,0,0,0,0,0,0,0,0,0,0,0,0,0,0,0,0,0,0,,0,0,,773,15465,0,0,184901,0,30962,87288,126568,0,0,,0,0,0,0,0,46757,25976,38964,0,0,20781,18183,31171,0,12988,0,0,0,25976,38965.0,259760.506,2,3694106,0,55.40823832,0,5728481.0948389,0,0,0,0,0,0,0,0,0,133823,133823,209138,208655,130711,130410,182996,182573,522845,521638,896964,0,0,896964,1006379,115079,0,1121458,1128906.0,0.0,0,1128906.0,276901,0.0,0,276901.0,103222,5972,0,109194,143514,7760,0,151274,3555886.0,128811.0,0,3684697.0,1134882.0,184901,126568,259760.506,3694106,5400217.504,5728481.0948389,0,133823,-1207,5727274,25976,38964,20781,18183,1134882.0,5862303.9814975,4265335.504,1596968.4778832,10035
2020,32,13,1,1,1,1,1,1,1,1,1,1,0,1,11,23,9,0.0,0.0,0.0,0.0,100.0,0.0,0,,0.0,0,,0.0,0.0,BENANG POLYESTER,58.8,61,17.3,82,0.5,0,0.0,23.4,KAIN TENUN,99.2,51,0.3,33,0.1,12,0.2,0.2,2,2,2,5,5,5,4,1,0,0,6,1,3,1,19,3,2,0,25,4,5,1,0,0,766957.0,158891.0,38347.85,7944.6,805304.8,166835.6,0,0,0,0,0,0,0,0,0,0,0,0,0,0,0,0,98372,118046,0,0,0,0,0,0,0,0,0,0,0,0,0,0,0,0,0,0,0,0,0,0,0,0,0,0,,0,0,,230,4600,0,0,122646,0,20193,93561,135663,0,0,,0,0,0,0,0,30481,16934,25401,0,0,13547,11854,20321,0,8467,0,0,0,16934,25402.0,169340.764,2,2922462,0,57.75939044,0,4330482.8582391,0,0,0,0,0,0,0,0,0,146708,146708,70708,73984,44193,46240,61870,64735,176771,184959,896964,0,0,896964,1121458,0,0,1121458,1128906.0,0.0,1199,1127707.0,276901,17197.0,0,294098.0,109194,1892,0,111086,151274,0,0,151274,3684697.0,19089.0,1199,3702587.0,972140.4,122646,135663,169340.764,2922462,4322251.73,4330482.8582391,0,146708,8188,4338671,16934,25401,13547,11854,972140.4,4477190.5612076,3350111.33,1127079.2310724,10035
2021,32,13,1,1,1,1,1,1,1,1,1,1,1,1,12,26,8,0.0,0.0,0.0,0.0,100.0,0.0,0,,0.0,0,,0.0,0.0,BENANG POLYESTER,71.8,31,10.9,73,5.2,15,8.1,4.0,KAIN TENUN,60.7,71,15.4,33,2.5,53,14.5,6.9,2,2,2,5,5,2,8,1,1,0,6,1,3,1,19,3,2,0,25,4,5,1,0,0,785043.0,162637.0,39252.15,8131.9,824295.2,170768.9,0,0,0,0,0,0,0,0,0,0,0,0,0,0,0,0,133981,160777,0,0,0,0,0,0,0,0,0,0,0,0,0,0,0,0,0,0,0,0,0,0,0,0,0,0,,0,0,,809,16173,0,0,176950,0,21794,76360,110721,0,0,,0,0,0,0,0,61688,34271,51407,0,0,27417,23990,41125,0,17136,0,0,0,34271,51407.0,342711.662,2,3164056,0,56.34057664,0,5281454.4546506,0,0,0,0,0,0,0,0,0,142606,142606,92044,91153,57528,56970,80538,79759,230110,227882,896964,0,0,896964,1121458,28516,0,1149974,1127707.0,0.0,0,1127707.0,294098,17466.0,0,311564.0,111086,0,0,111086,151274,0,3001,148273,3702587.0,45982.0,3001,3745568.0,995064.0,176950,110721,342711.662,3164056,4789503.162,5281454.4546506,0,142606,-2228,5279226,34271,51407,27417,23990,995064.0,5424060.9349332,3794439.162,1629621.7730289,10035
2022,32,13,1,1,1,1,1,1,0,1,1,1,1,1,11,24,9,0.0,0.0,0.0,0.0,100.0,0.0,0,,0.0,0,,0.0,0.0,BENANG POLYESTER,100.0,0,0.0,0,0.0,0,0.0,0.0,KAIN TENUN,67.1,36,18.0,33,8.9,0,0.0,6.0,2,2,2,4,1,2,3,1,1,1,6,1,3,1,22,4,3,0,28,5,6,1,0,0,1172912.0,249080.0,58645.6,12454.0,1231557.6,261534.0,0,0,0,0,0,0,0,0,0,0,0,0,0,0,0,0,114996,137995,0,0,0,0,0,0,0,0,0,0,0,0,0,0,0,0,0,0,0,0,0,0,0,0,0,0,,0,0,,424,8473,0,0,146468,0,15950,55283,80160,0,0,,0,0,0,0,0,69964,38869,58303,0,0,31095,27208,46643,0,19434,0,0,0,38869,58304.0,388688.965,2,3109849,0,70.48482795,0,4313919.0149663,0,0,0,0,0,0,0,0,0,379551,379551,84644,83148,52902,51968,74064,72755,211610,207871,896964,0,0,896964,1149974,24960,0,1174934,1127707.0,0.0,0,1127707.0,311564,0.0,0,311564.0,111086,0,0,111086,148273,0,0,148273,3745568.0,24960.0,0,3770528.0,1493091.6,146468,80160,388688.965,3109849,5218257.003,4313919.0149663,0,379551,-3739,4310180,38869,58303,31095,27208,1493091.6,4693470.2322798,3725165.403,968304.8296863,10035
2021,32,32,1,1,0,1,1,1,1,1,1,1,1,1,11,24,7,0.0,0.0,0.0,0.0,100.0,0.0,0,,0.0,0,,0.0,0.0,BAHAN BAKU CAMPURAN,50.3,16,32.1,0,0.0,0,0.0,17.6,PRODUK MANUFAKTUR,75.7,33,10.6,35,8.2,0,0.0,5.5,2,2,2,5,0,0,2,1,0,1,10,1,3,0,4,1,1,0,14,2,4,0,0,0,501859.0,125700.0,25092.95,6285.0,526952.0,131985.0,0,0,0,0,0,0,0,0,0,0,0,0,0,0,0,0,0,0,0,0,0,0,0,0,0,0,0,0,0,0,0,0,0,0,0,0,6673,80076,0,0,0,0,0,0,,0,0,,367,7350,0,0,87425,0,14147,37587,54501,0,0,,0,0,0,0,0,38133,21185,31777,0,0,16948,14829,25422,0,10592,0,0,0,21185,31777.0,211847.872,2,2023010,0,90.44063138,2,3400316.1009198,7152,795,7947,0,0,0,0,0,0,136462,136462,128881,148028,80551,92518,112771,129524,322203,370070,184851,0,3668,181183,207033,0,0,207033,236609.0,0.0,4251,232358.0,59152,2882.0,0,62034.0,22182,1485,0,23667,29577,3079,0,32656,739404.0,7446.0,7919,738931.0,658937.0,87425,54501,211847.872,2023010,3035720.948,3400316.1009198,7947,136462,47867,3456130,21185,31777,16948,14829,658937.0,3544725.174204,2376783.998,1167941.1764929,10036
2022,32,32,1,1,1,1,1,1,1,1,1,1,1,1,12,24,12,0.0,0.0,0.0,0.0,100.0,0.0,0,,0.0,0,,0.0,0.0,BAHAN BAKU CAMPURAN,67.5,11,13.6,18,14.3,0,0.0,4.6,PRODUK MANUFAKTUR,78.5,75,5.5,31,12.1,0,0.0,3.9,2,2,2,1,3,0,1,0,1,0,10,2,3,0,4,1,1,0,14,3,4,0,0,0,535834.0,126320.0,26791.7,6316.0,562625.7,132636.0,0,0,0,0,0,0,0,0,0,0,0,0,0,0,0,0,0,0,0,0,0,0,0,0,0,0,0,0,0,0,0,0,0,0,0,0,7332,87982,0,0,0,0,0,0,,0,0,,237,4742,0,0,92723,0,11873,64297,93231,0,0,,0,0,0,0,0,39233,21796,32694,0,0,17437,15257,26155,0,10898,0,0,0,21796,32696.0,217961.879,2,2147721,0,71.33918212,2,3858993.8903551,0,0,0,0,0,0,0,0,0,222135,222135,82200,81390,51375,50868,71924,71216,205499,203474,181183,0,0,181183,207033,22238,0,229271,232358.0,0.0,0,232358.0,62034,0.0,0,62034.0,23667,0,0,23667,32656,2606,506,34756,738931.0,24844.0,506,763269.0,695261.7,92723,93231,217961.879,2147721,3246898.989,3858993.8903551,0,222135,-2025,3856969,21796,32694,17437,15257,695261.7,4081128.3935529,2551637.289,1529491.1043991,10036
2018,52,31,1,1,1,1,1,1,1,1,1,1,1,1,12,23,7,0.0,0.0,0.0,0.0,100.0,0.0,0,,0.0,0,,0.0,0.0,KAYU OLAHAN,35.0,32,5.9,33,25.3,61,22.9,10.9,FURNITUR,19.7,53,2.2,35,34.2,33,32.1,11.8,2,2,2,1,3,5,8,0,0,1,64,12,18,2,35,6,5,1,99,18,23,3,0,0,3670474.0,815905.0,183523.7,40795.2,3853997.7,856700.2,0,0,0,0,0,0,0,0,0,0,0,0,0,0,0,0,0,0,0,0,0,0,0,0,0,0,0,0,0,0,0,0,0,0,0,0,0,0,0,0,544554,435643,0,0,,0,0,,2153,43063,0,0,478706,0,52156,232952,337780,0,0,,0,0,0,0,0,134304,74613,111920,0,0,59691,52229,89536,0,37307,0,0,0,74613,111920.0,746133.5,2,10778591,0,52.61420208,0,16723036.2242088,0,0,0,0,0,0,0,0,0,1843385,1843385,387471,373060,242170,233162,339037,326427,968678,932649,3015489,58419,0,3073908,3377347,0,0,3377347,3859826.0,0.0,0,3859826.0,964956,0.0,0,964956.0,361859,0,0,361859,482478,0,0,482478,12061955.0,58419.0,0,12120374.0,4710698.0,478706,337780,746133.5,10778591,17051908.413,16723036.2242088,0,1843385,-36029,16687007,74613,99999,59691,52229,4710698.0,18566421.1908965,12341210.463,6225210.7279711,10037
2019,52,31,1,1,1,1,1,1,1,1,1,1,1,1,12,25,7,0.0,0.0,0.0,0.0,100.0,0.0,0,,0.0,0,,0.0,0.0,KAYU OLAHAN,99.6,34,0.0,72,0.2,35,0.0,0.2,FURNITUR,62.3,51,15.1,33,5.4,35,9.3,7.9,2,2,2,2,4,2,7,1,1,0,73,13,20,2,40,7,6,1,113,20,26,3,0,0,4164106.0,908208.0,208205.3,45410.4,4372311.3,953618.4,0,0,0,0,0,0,0,0,0,0,0,0,0,0,0,0,0,0,0,0,0,0,0,0,0,0,0,0,0,0,0,0,0,0,0,0,0,0,0,0,761420,609136,0,0,,0,0,,2715,54293,0,0,663429,0,70970,255623,370653,0,0,,0,0,0,0,0,230522,128068,192102,0,0,102454,89647,153681,0,64034,0,0,0,128068,192101.0,1280676.701,2,13157332,0,63.96695092,0,21766010.4090842,151335,16815,168150,0,0,0,0,0,0,112965,112965,595099,665602,371937,416002,520712,582402,1487748,1664006,3073908,350979,29541,3395346,3377347,0,0,3377347,3859826.0,0.0,0,3859826.0,964956,0.0,0,964956.0,361859,0,0,361859,482478,44716,0,527194,12120374.0,395695.0,29541,12486528.0,5325929.7,663429,370653,1280676.701,13157332,20798020.568,21766010.4090842,168150,112965,176258,22110418,99999,99999,99999,89647,5325929.7,22047125.3252386,15472090.868,6575034.4569252,10037
2018,94,11,1,1,1,0,1,1,1,1,1,1,1,1,11,24,7,0.0,0.0,0.0,0.0,100.0,0.0,0,,0.0,0,,0.0,0.0,GULA & KONSENTRAT,84.7,35,4.9,52,1.7,35,5.9,2.8,MINUMAN KEMASAN,53.2,62,16.7,31,12.9,14,10.2,7.0,2,2,2,5,2,3,1,1,1,0,18,3,4,1,7,1,1,0,25,4,5,1,0,0,980023.0,203031.0,49001.15,10151.6,1029024.2,213182.6,0,0,0,0,0,0,0,0,0,0,0,0,0,0,0,0,0,0,0,0,0,0,0,0,0,0,0,0,29592,236733,0,0,0,0,0,0,0,0,0,0,0,0,0,0,,0,0,,703,14069,0,0,250802,0,24115,113856,165091,0,0,,0,0,0,0,0,49075,27264,40896,0,0,21811,19085,32717,0,13632,0,0,0,27264,40896.0,272640.296,0,3181627,1044346,80.53519592,2,7303843.6141234,0,0,0,0,0,0,0,0,0,363513,363513,114924,119344,71828,74590,100558,104425,287310,298359,1796419,0,0,1796419,2011989,113095,0,2125084,2299416.0,0.0,0,2299416.0,574854,24027.0,0,598881.0,215570,12762,0,228332,287427,24246,0,311673,7185675.0,174130.0,0,7359805.0,1242206.7,250802,165091,272640.296,4225974,6156713.456,7303843.6141234,0,363513,11049,7314893,27264,40896,21811,19085,1242206.7,7667356.9433234,4914506.756,2752850.1871873,10038
2019,94,11,1,1,1,1,1,0,1,0,1,1,0,1,9,23,9,0.0,0.0,0.0,0.0,100.0,0.0,0,,0.0,0,,0.0,0.0,GULA & KONSENTRAT,67.1,33,11.0,73,4.0,15,11.6,6.3,MINUMAN KEMASAN,53.5,36,2.0,34,30.0,31,0.8,13.7,2,2,2,1,1,2,8,1,1,0,19,4,5,1,7,1,1,0,26,5,6,1,0,0,1119729.0,253121.0,55986.45,12656.1,1175715.4,265777.0,0,0,0,0,0,0,0,0,0,0,0,0,0,0,0,0,0,0,0,0,0,0,0,0,0,0,0,0,29961,239691,0,0,0,0,0,0,0,0,0,0,0,0,0,0,,0,0,,629,12584,0,0,252275,0,47901,133179,193110,0,0,,0,0,0,0,0,21565,11981,17971,0,0,9584,8386,14377,0,5990,0,0,0,11981,17971.0,119805.819,0,4104441,546785,98.0,2,7850115.6091658,0,0,0,0,0,0,0,0,0,745304,745304,240091,240154,150057,150096,210080,210136,600228,600386,1796419,0,0,1796419,2125084,84216,0,2209300,2299416.0,0.0,0,2299416.0,598881,0.0,0,598881.0,228332,0,2523,225809,311673,0,12519,299154,7359805.0,84216.0,15042,7428979.0,1441492.5,252275,193110,119805.819,4651226,6657908.308,7850115.6091658,0,745304,158,7850274,11981,17971,9584,8386,1441492.5,8595419.7161707,5216415.808,3379003.9085646,10038
2020,94,11,1,1,1,1,1,1,1,1,1,1,1,0,11,27,11,0.0,0.0,0.0,0.0,100.0,0.0,0,,0.0,0,,0.0,0.0,GULA & KONSENTRAT,87.3,16,0.8,33,6.3,35,2.8,2.8,MINUMAN KEMASAN,61.2,63,18.8,11,4.1,32,10.2,5.7,2,2,2,5,0,4,4,0,0,0,19,3,4,1,7,1,1,0,26,4,5,1,0,0,934490.0,187147.0,46724.5,9357.4,981214.5,196504.4,0,0,0,0,0,0,0,0,0,0,0,0,0,0,0,0,0,0,0,0,0,0,0,0,0,0,0,0,26834,214673,0,0,0,0,0,0,0,0,0,0,0,0,0,0,,0,0,,585,11696,0,0,226369,0,22554,93020,134878,0,0,,0,0,0,0,0,142938,79410,119115,0,0,63528,55587,95292,0,39705,0,0,0,79410,119115.0,794099.842,0,2966530,1387344,69.40682713,2,8108056.7390408,0,0,0,0,0,0,0,0,0,230057,230057,224878,256088,140549,160055,196769,224076,562196,640219,1796419,0,0,1796419,2209300,0,85983,2123317,2299416.0,192636.0,0,2492052.0,598881,8829.0,0,607710.0,225809,11135,8137,228807,299154,0,0,299154,7428979.0,212600.0,94120,7547459.0,1177718.9,226369,134878,794099.842,4353874,6686940.424,8108056.7390408,0,230057,78023,8186080,79410,99999,63528,55587,1177718.9,8338113.7194478,5509221.574,2828892.1455148,10038
2021,94,11,0,1,1,1,1,1,1,1,1,1,1,1,11,24,8,0.0,0.0,0.0,0.0,100.0,0.0,0,,0.0,0,,0.0,0.0,GULA & KONSENTRAT,96.2,33,1.1,62,0.5,32,1.7,0.5,MINUMAN KEMASAN,42.9,51,22.4,34,23.2,52,4.1,7.4,2,2,2,3,0,0,3,0,0,0,21,4,6,1,8,1,1,0,29,5,7,1,0,0,1160541.0,273330.0,58027.05,13666.5,1218568.1,286996.5,0,0,0,0,0,0,0,0,0,0,0,0,0,0,0,0,0,0,0,0,0,0,0,0,0,0,0,0,30233,241867,0,0,0,0,0,0,0,0,0,0,0,0,0,0,,0,0,,1122,22439,0,0,264306,0,38328,133927,194194,0,0,,0,0,0,0,0,99783,55435,83152,0,0,44348,38804,66522,0,27717,0,0,0,55435,83152.0,554347.622,0,2708768,1547136,58.45507204,2,8641461.6945832,0,0,0,0,0,0,0,0,0,153579,153579,234002,258720,146251,161700,204752,226381,585005,646801,1796419,0,0,1796419,2123317,0,0,2123317,2492052.0,245200.0,0,2737252.0,607710,0.0,0,607710.0,228807,0,0,228807,299154,30724,0,329878,7547459.0,275924.0,0,7823383.0,1505564.6,264306,194194,554347.622,4255904,6774315.968,8641461.6945832,0,153579,61796,8703258,55435,83152,44348,38804,1505564.6,8795040.457327,5268751.418,3526289.0388582,10038
2022,94,11,1,1,1,1,1,0,0,1,1,1,1,1,10,22,10,0.0,0.0,0.0,0.0,100.0,0.0,0,,0.0,0,,0.0,0.0,GULA & KONSENTRAT,49.3,61,8.6,36,29.6,31,3.2,9.3,MINUMAN KEMASAN,96.1,52,0.9,35,1.1,76,1.4,0.5,0,2,2,4,4,4,7,0,0,1,24,4,6,1,9,2,1,0,33,6,7,1,0,0,1217325.0,249956.0,60866.25,12497.8,1278191.2,262453.8,0,0,0,0,0,0,0,0,0,0,0,0,0,0,0,0,0,0,0,0,0,0,0,0,0,0,0,0,57042,456338,0,0,0,0,0,0,0,0,0,0,0,0,0,0,,0,0,,726,14526,0,0,470865,0,67763,180232,261337,0,0,,0,0,0,0,0,94952,52751,79127,0,0,42201,36926,63301,0,26376,0,0,0,52751,79126.0,527511.184,0,4938762,1929927,74.91668451,2,13174345.8535791,88980,9887,98867,0,0,0,0,0,0,355017,355017,437850,476760,273656,297975,383119,417165,1094625,1191900,1796419,65278,0,1861697,2123317,0,0,2123317,2737252.0,0.0,0,2737252.0,607710,50208.0,0,657918.0,228807,0,0,228807,329878,0,0,329878,7823383.0,115486.0,0,7938869.0,1540645.1,470865,261337,527511.184,6868689,9669047.201,13174345.8535791,98867,355017,97275,13370488,52751,79127,42201,36926,1540645.1,13628229.4935882,8128402.151,5499827.3427983,10038
2022,18,23,1,0,1,1,1,1,1,1,1,1,1,1,11,26,10,0.0,0.0,0.0,0.0,100.0,0.0,0,,0.0,0,,0.0,0.0,PASIR SILIKA & SEMEN,76.5,35,4.2,14,7.5,33,8.5,3.3,SEMEN & KERAMIK,49.8,35,17.2,32,10.5,32,13.6,8.9,2,2,0,3,2,4,8,1,1,1,237,42,65,7,111,19,16,2,348,61,81,9,0,0,10736560.0,2362773.0,536828.0,118138.7,11273388.0,2480911.6,0,0,0,0,0,0,0,0,0,0,0,0,0,0,0,0,4654025,5584830,0,0,0,0,0,0,0,0,0,0,0,0,0,0,0,0,0,0,0,0,0,0,0,0,0,0,,0,0,,9401,188022,0,0,5772852,0,691259,2544017,3688825,0,0,,0,0,0,0,0,750417,416899,625348,0,0,333519,291829,500278,0,208449,0,0,0,416899,625348.0,4168985.737,2,49569611,0,74.67227887,2,90936575.8641625,0,0,0,0,0,0,0,0,0,6150667,6150667,1471937,1754080,919960,1096300,1287945,1534820,3679842,4385200,30665322,0,0,30665322,34345161,0,0,34345161,39251613.0,3900309.0,0,43151922.0,9812903,181490.0,71701,9922692.0,3679839,0,0,3679839,4906452,0,0,4906452,122661290.0,4081799.0,71701,126671388.0,13754299.7,5772852,3688825,4168985.737,49569611,76954573.142,90936575.8641625,0,6150667,705358,91641934,99999,99999,99999,99999,13754299.7,97087242.9282059,63200273.492,33886969.4363781,10039
2018,14,25,1,1,1,1,1,1,1,1,1,1,1,1,12,24,10,0.0,0.0,0.0,0.0,100.0,0.0,0,,0.0,0,,0.0,0.0,PLAT BAJA,60.7,63,5.8,34,18.0,36,8.4,7.1,BARANG LOGAM,21.0,35,14.2,73,12.3,73,40.2,12.3,2,2,2,4,1,4,3,0,0,1,10,1,3,0,4,1,1,0,14,2,4,0,0,0,504384.0,126332.0,25219.2,6316.6,529603.2,132648.6,0,0,0,0,0,0,0,0,0,0,0,0,0,0,0,0,0,0,0,0,0,0,0,0,0,0,0,0,10016,80126,0,0,0,0,0,0,0,0,0,0,0,0,0,0,,0,0,,432,8633,0,0,88759,0,6594,38449,55752,0,0,,0,0,0,0,0,27729,15405,23108,0,0,12324,10784,18486,0,7703,0,0,0,15405,23107.0,154051.309,2,1675906,0,75.87590697,2,2666743.2406585,0,0,0,0,0,0,0,0,0,81272,81272,56672,51270,35420,32044,49587,44861,141679,128175,591210,46120,0,637330,662156,61029,15159,708026,756749.0,86708.0,0,843457.0,189187,7278.0,0,196465.0,70945,0,0,70945,94595,0,0,94595,2364842.0,201135.0,15159,2550818.0,662251.8,88759,55752,154051.309,1675906,2636720.549,2666743.2406585,0,81272,-13504,2653239,15405,23108,12324,10784,662251.8,2748015.2309977,1974468.749,773546.4824417,10040
2019,14,25,1,1,1,0,1,1,1,1,1,1,0,1,10,21,7,0.0,0.0,0.0,0.0,100.0,0.0,0,,0.0,0,,0.0,0.0,PLAT BAJA,71.3,32,3.7,31,10.6,73,10.0,4.4,BARANG LOGAM,75.1,32,4.0,33,10.8,36,6.2,3.9,2,2,2,5,1,5,0,0,1,1,10,1,3,0,4,1,1,0,14,2,4,0,0,0,480454.0,120338.0,24022.7,6016.9,504476.7,126354.9,0,0,0,0,0,0,0,0,0,0,0,0,0,0,0,0,0,0,0,0,0,0,0,0,0,0,0,0,11690,93516,0,0,0,0,0,0,0,0,0,0,0,0,0,0,,0,0,,145,2902,0,0,96418,0,10803,59371,86088,0,0,,0,0,0,0,0,17947,9971,14956,0,0,7977,6979,11965,0,4985,0,0,0,9971,14956.0,99706.811,2,1906510,0,97.13647173,2,2852006.9731163,0,0,0,0,0,0,0,0,0,167416,167416,110409,101523,69006,63452,96607,88833,276022,253808,637330,62169,0,699499,708026,0,0,708026,843457.0,401.0,0,843858.0,196465,18230.0,0,214695.0,70945,0,0,70945,94595,4789,0,99384,2550818.0,85589.0,0,2636407.0,630831.6,96418,86088,99706.811,1906510,2819555.394,2852006.9731163,0,167416,-22214,2829793,9971,14956,7977,6979,630831.6,3019422.859498,2188723.794,830699.0656614,10040
2020,14,25,1,1,1,1,1,1,1,1,0,1,1,1,11,24,9,0.0,0.0,0.0,0.0,100.0,0.0,0,,0.0,0,,0.0,0.0,PLAT BAJA,42.7,71,10.5,17,27.3,0,0.0,19.5,BARANG LOGAM,64.3,12,11.8,94,9.2,36,6.9,7.8,2,2,2,5,1,5,7,1,1,0,10,1,3,0,4,1,1,0,14,2,4,0,0,0,499925.0,125215.0,24996.25,6260.8,524921.2,131475.8,0,0,0,0,0,0,0,0,0,0,0,0,0,0,0,0,0,0,0,0,0,0,0,0,0,0,0,0,14539,116310,0,0,0,0,0,0,0,0,0,0,0,0,0,0,,0,0,,243,4870,0,0,121180,0,11849,44920,65133,0,0,,0,0,0,0,0,33319,18510,27766,0,0,14808,12957,22213,0,9255,0,0,0,18510,27767.0,185105.084,2,1950159,0,76.1327257,2,3092820.6827977,0,0,0,0,0,0,0,0,0,257134,257134,115813,112170,72383,70106,101336,98148,289532,280424,699499,0,0,699499,708026,0,27963,680063,843858.0,0.0,0,843858.0,214695,0.0,0,214695.0,70945,0,0,70945,99384,0,0,99384,2636407.0,0.0,27963,2608444.0,656397.0,121180,65133,185105.084,1950159,2977974.337,3092820.6827977,0,257134,-9108,3083713,18510,27766,14808,12957,656397.0,3349954.5332751,2321577.337,1028377.1966587,10040
2021,14,25,1,1,1,1,1,1,1,1,1,1,1,1,12,23,9,0.0,0.0,0.0,0.0,100.0,0.0,0,,0.0,0,,0.0,0.0,PLAT BAJA,85.0,82,4.9,32,2.9,31,5.5,1.7,BARANG LOGAM,72.5,35,1.5,32,11.8,32,10.7,3.5,2,2,2,3,0,2,8,1,0,0,10,1,3,0,4,1,1,0,14,2,4,0,0,0,493866.0,123698.0,24693.3,6184.9,518559.3,129882.9,0,0,0,0,0,0,0,0,0,0,0,0,0,0,0,0,0,0,0,0,0,0,0,0,0,0,0,0,9120,72956,0,0,0,0,0,0,0,0,0,0,0,0,0,0,,0,0,,394,7873,0,0,80829,0,10179,45721,66295,0,0,,0,0,0,0,0,14334,7964,11945,0,0,6371,5575,9556,0,3982,0,0,0,7964,11945.0,79635.926,2,1452242,0,56.83718096,2,2312291.7891945,0,0,0,0,0,0,0,0,0,108203,108203,78000,81459,48750,50912,68251,71276,195001,203647,699499,24076,0,723575,680063,4071,0,684134,843858.0,12639.0,0,856497.0,214695,0.0,0,214695.0,70945,0,0,70945,99384,0,0,99384,2608444.0,40786.0,0,2649230.0,648442.2,80829,66295,79635.926,1452242,2327444.099,2312291.7891945,0,108203,8646,2320938,7964,11945,6371,5575,648442.2,2420494.2929664,1679001.899,741492.3936519,10040
2022,14,25,1,1,1,1,1,1,1,1,1,1,1,0,11,28,7,0.0,0.0,0.0,0.0,100.0,0.0,0,,0.0,0,,0.0,0.0,PLAT BAJA,47.5,32,29.6,35,7.9,16,5.0,10.0,BARANG LOGAM,21.5,31,32.6,51,31.4,33,4.5,10.0,2,2,2,2,3,1,1,1,1,1,10,1,3,0,4,1,1,0,14,2,4,0,0,0,469131.0,117502.0,23456.55,5875.1,492587.6,123377.1,0,0,0,0,0,0,0,0,0,0,0,0,0,0,0,0,0,0,0,0,0,0,0,0,0,0,0,0,10169,81349,0,0,0,0,0,0,0,0,0,0,0,0,0,0,,0,0,,194,3888,0,0,85238,0,8012,38965,56500,0,0,,0,0,0,0,0,16028,8904,13356,0,0,7123,6233,10685,0,4452,0,0,0,8904,13358.0,89043.15,2,1442330,0,57.98552903,2,2144588.9650901,44505,4945,49450,0,0,0,0,0,0,144783,144783,90570,84242,56606,52651,79249,73712,226425,210605,723575,0,0,723575,684134,0,5891,678243,856497.0,0.0,0,856497.0,214695,13770.0,0,228465.0,70945,1763,0,72708,99384,0,0,99384,2649230.0,15533.0,5891,2658872.0,615964.7,85238,56500,89043.15,1442330,2289074.955,2144588.9650901,49450,144783,-15820,2178218,8904,13356,7123,6233,615964.7,2338821.7475344,1673110.305,665711.4429483,10040
2019,33,25,1,1,1,1,1,1,1,1,1,1,1,1,12,23,10,0.0,0.0,0.0,0.0,100.0,0.0,0,,0.0,0,,0.0,0.0,PLAT BAJA,88.6,35,4.0,36,0.7,32,5.0,1.7,BARANG LOGAM,25.3,75,32.7,35,23.8,0,0.0,18.2,2,2,2,2,2,3,1,1,0,1,12,2,4,0,8,1,1,0,20,3,5,0,0,0,986050.0,214694.0,49302.5,10734.7,1035352.5,225428.7,0,0,0,0,0,0,0,0,0,0,0,0,0,0,0,0,0,0,0,0,0,0,0,0,0,0,0,0,27710,221683,0,0,0,0,0,0,0,0,0,0,0,0,0,0,,0,0,,432,8634,0,0,230317,0,38290,107166,155390,0,0,,0,0,0,0,0,33784,18769,28153,0,0,15015,13138,22523,0,9384,0,0,0,18769,28153.0,187687.706,0,1516383,2067829,95.28175993,0,5371200.3203928,0,0,0,0,0,0,0,0,0,169215,169215,159938,168544,99962,105340,139946,147475,399846,421359,1093538,6233,35261,1064510,1224762,52010,0,1276772,1399728.0,0.0,2903,1396825.0,349932,0.0,0,349932.0,131225,6940,0,138165,174966,0,0,174966,4374151.0,65183.0,38164,4401170.0,1260781.2,230317,155390,187687.706,3584212,5418387.941,5371200.3203928,0,169215,21513,5392713,18769,28153,15015,13138,1260781.2,5540415.5917375,4157606.741,1382808.8511431,10041
2020,33,25,1,1,1,1,1,1,1,1,1,1,1,1,12,24,8,0.0,0.0,0.0,0.0,100.0,0.0,0,,0.0,0,,0.0,0.0,PLAT BAJA,77.0,16,9.1,35,1.8,14,9.2,2.9,BARANG LOGAM,67.8,73,11.2,52,2.4,36,14.3,4.3,0,0,2,4,1,4,1,0,0,1,12,2,4,0,8,2,1,0,20,4,5,0,0,0,1170071.0,244150.0,58503.55,12207.5,1228574.6,256357.5,0,0,0,0,0,0,0,0,0,0,0,0,0,0,0,0,0,0,0,0,0,0,0,0,0,0,0,0,31166,249329,0,0,0,0,0,0,0,0,0,0,0,0,0,0,,0,0,,400,7999,0,0,257328,0,23694,129657,188003,0,0,,0,0,0,0,0,55279,30711,46066,0,0,24568,21497,36853,0,15355,0,0,0,30711,46066.0,307105.609,0,2275717,1321379,77.82060421,0,6276006.1746545,158117,17569,175685,0,0,0,0,0,0,21714,21714,88518,86103,55324,53814,77454,75341,221296,215258,1064510,0,0,1064510,1276772,46248,1661,1321359,1396825.0,0.0,0,1396825.0,349932,0.0,0,349932.0,138165,15491,5229,148427,174966,0,0,174966,4401170.0,61739.0,6890,4456019.0,1484932.1,257328,188003,307105.609,3597096,5834464.815,6276006.1746545,175685,21714,-6038,6445653,30711,46066,24568,21497,1484932.1,6473405.497659,4349532.765,2123872.7327765,10041
2021,33,25,1,1,1,0,0,1,1,1,1,1,1,0,9,24,7,0.0,0.0,0.0,0.0,100.0,0.0,0,,0.0,0,,0.0,0.0,PLAT BAJA,67.6,35,9.8,32,13.4,14,4.4,4.8,BARANG LOGAM,65.0,12,18.3,32,2.3,31,8.4,6.0,2,2,2,4,3,4,7,0,1,1,12,2,4,1,9,2,1,0,21,4,5,1,0,0,1075514.0,258450.0,53775.7,12922.5,1129289.7,271372.5,0,0,0,0,0,0,0,0,0,0,0,0,0,0,0,0,0,0,0,0,0,0,0,0,0,0,0,0,29979,239829,0,0,0,0,0,0,0,0,0,0,0,0,0,0,,0,0,,524,10479,0,0,250308,0,28150,128574,186433,0,0,,0,0,0,0,0,93351,51862,77793,0,0,41489,36303,62234,0,25931,0,0,0,51862,77792.0,518617.291,0,2462877,1488531,87.34937085,0,5843392.6073118,0,0,0,0,0,0,0,0,0,227071,227071,236980,231379,148113,144612,207358,202457,592451,578448,1064510,0,0,1064510,1321359,0,61121,1260238,1396825.0,0.0,0,1396825.0,349932,39973.0,420,389485.0,148427,0,0,148427,174966,0,5168,169798,4456019.0,39973.0,66709,4429283.0,1400662.2,250308,186433,518617.291,3951407,6307427.315,5843392.6073118,0,227071,-14003,5829390,51862,77793,41489,36303,1400662.2,6070463.4704288,4906765.115,1163698.3552405,10041
2022,33,25,1,1,0,0,1,1,1,1,1,1,1,1,10,20,9,0.0,0.0,0.0,0.0,100.0,0.0,0,,0.0,0,,0.0,0.0,PLAT BAJA,38.9,73,25.4,35,21.6,0,0.0,14.1,BARANG LOGAM,15.0,31,36.5,73,34.4,32,1.4,12.7,2,2,2,2,0,5,0,0,1,1,15,3,4,1,11,2,2,0,26,5,6,1,0,0,1204393.0,272260.0,60219.65,13613.0,1264612.7,285873.0,0,0,0,0,0,0,0,0,0,0,0,0,0,0,0,0,0,0,0,0,0,0,0,0,0,0,0,0,25427,203419,0,0,0,0,0,0,0,0,0,0,0,0,0,0,,0,0,,705,14098,0,0,217518,0,35791,128760,186702,0,0,,0,0,0,0,0,30435,16909,25363,0,0,13527,11836,20290,0,8454,0,0,0,16909,25363.0,169086.309,0,2499807,1843312,82.18102003,0,6534142.669687,0,0,0,0,0,0,0,0,0,461308,461308,193733,220735,121083,137960,169516,193143,484332,551838,1064510,0,0,1064510,1260238,10025,0,1270263,1396825.0,0.0,0,1396825.0,389485,40487.0,6548,423424.0,148427,1471,625,149273,169798,0,0,169798,4429283.0,51983.0,7173,4474093.0,1550485.7,217518,186702,169086.309,4343119,6466910.255,6534142.669687,0,461308,67506,6601649,16909,25363,13527,11836,1550485.7,6995450.8503899,4916424.605,2079026.2455063,10041
2018,35,33,1,1,1,1,1,1,1,1,1,1,1,1,12,24,9,0.0,0.0,0.0,0.0,100.0,0.0,0,,0.0,0,,0.0,0.0,SUKU CADANG,44.5,14,4.9,12,25.7,33,14.8,10.1,JASA REPARASI MESIN,26.2,31,33.1,82,29.7,0,0.0,11.0,2,2,0,3,0,1,0,1,0,0,56,10,16,2,27,5,4,0,83,15,20,2,0,0,3634213.0,816131.0,181710.65,40806.6,3815923.7,856937.6,0,0,0,0,18634,177020,0,0,0,0,0,0,0,0,0,0,0,0,0,0,0,0,0,0,0,0,0,0,0,0,0,0,0,0,0,0,0,0,0,0,0,0,0,0,,0,0,,930,18591,0,0,195611,0,54814,194318,281761,0,0,,0,0,0,0,0,125673,69818,104727,0,0,55854,48873,83782,0,34909,0,0,0,69818,104727.0,698181.323,2,9791524,0,98.0,2,17367118.4627265,0,0,0,0,0,0,0,0,0,401838,401838,398198,386016,248874,241260,348423,337765,995495,965041,4476435,23223,0,4499658,5013607,342182,0,5355789,5729836.0,564461.0,45725,6248572.0,1432459,0.0,0,1432459.0,537172,0,0,537172,716230,58054,7113,767171,17905739.0,987920.0,52838,18840821.0,4672861.2,195611,281761,698181.323,9791524,15639938.7,17367118.4627265,0,401838,-30454,17336664,69818,99999,55854,48873,4672861.2,17768956.2148179,10967077.5,6801878.7144212,10042
2019,35,33,1,1,1,1,1,1,1,1,0,1,1,1,11,23,8,0.0,0.0,0.0,0.0,100.0,0.0,0,,0.0,0,,0.0,0.0,SUKU CADANG,82.5,33,6.6,32,6.4,31,1.2,3.3,JASA REPARASI MESIN,99.4,73,0.1,33,0.3,13,0.2,-0.0,2,2,2,3,1,2,1,0,0,1,52,9,15,2,25,4,3,0,77,13,18,2,0,0,3454427.0,767949.0,172721.35,38397.5,3627148.4,806346.5,0,0,0,0,26806,254657,0,0,0,0,0,0,0,0,0,0,0,0,0,0,0,0,0,0,0,0,0,0,0,0,0,0,0,0,0,0,0,0,0,0,0,0,0,0,,0,0,,1010,20207,0,0,274864,0,14882,89257,129423,0,0,,0,0,0,0,0,174098,96721,145082,0,0,77377,67705,116065,0,48361,0,0,0,96721,145081.0,967210.629,2,8498048,0,75.09102537,2,14656183.6535663,346174,38464,384638,0,0,0,0,0,0,452082,452082,372985,415179,233116,259487,326362,363281,932463,1037947,4499658,0,0,4499658,5355789,0,0,5355789,6248572.0,0.0,0,6248572.0,1432459,0.0,13880,1418579.0,537172,40507,5709,571970,767171,79617,0,846788,18840821.0,120124.0,19589,18941356.0,4433494.8,274864,129423,967210.629,8498048,14303040.452,14656183.6535663,384638,452082,105484,15146305,96721,99999,77377,67705,4433494.8,15492903.623667,9869545.652,5623357.9715929,10042
2020,35,33,1,1,1,1,1,1,1,1,1,1,1,1,12,19,7,0.0,0.0,0.0,0.0,100.0,0.0,0,,0.0,0,,0.0,0.0,SUKU CADANG,67.4,32,5.8,13,2.1,14,18.3,6.4,JASA REPARASI MESIN,57.4,36,10.4,32,13.2,36,14.3,4.7,0,2,0,1,3,0,3,1,0,0,49,9,14,2,23,4,3,0,72,13,17,2,0,0,3069080.0,686310.0,153454.0,34315.5,3222534.0,720625.5,0,0,0,0,12163,115544,0,0,0,0,0,0,0,0,0,0,0,0,0,0,0,0,0,0,0,0,0,0,0,0,0,0,0,0,0,0,0,0,0,0,0,0,0,0,,0,0,,272,5444,0,0,120988,0,49644,144493,209514,0,0,,0,0,0,0,0,168556,93642,140464,0,0,74914,65550,112371,0,46821,0,0,0,93642,140465.0,936425.422,2,6490297,0,74.43955684,2,12880123.480059,0,0,0,0,0,0,0,0,0,428701,428701,438549,520845,274093,325528,383731,455739,1096373,1302112,4499658,0,0,4499658,5355789,244687,0,5600476,6248572.0,580496.0,295437,6533631.0,1418579,0.0,0,1418579.0,571970,0,0,571970,846788,4885,0,851673,18941356.0,830068.0,295437,19475987.0,3943159.5,120988,209514,936425.422,6490297,11700384.438,12880123.480059,0,428701,205739,13085862,93642,99999,74914,65550,3943159.5,13308824.115603,7757224.938,5551599.1775234,10042
2021,35,33,1,1,1,1,1,1,1,1,1,1,1,1,12,25,9,0.0,0.0,0.0,0.0,100.0,0.0,0,,0.0,0,,0.0,0.0,SUKU CADANG,47.7,14,22.4,32,22.6,0,0.0,7.3,JASA REPARASI MESIN,56.8,13,5.8,32,10.8,36,19.8,6.8,2,2,2,3,0,1,8,1,1,0,51,9,14,2,25,4,3,0,76,13,17,2,0,0,2957588.0,631657.0,147879.4,31582.9,3105467.4,663239.8,0,0,0,0,44805,425648,0,0,0,0,0,0,0,0,0,0,0,0,0,0,0,0,0,0,0,0,0,0,0,0,0,0,0,0,0,0,0,0,0,0,0,0,0,0,,0,0,,748,14963,0,0,440611,0,46597,118577,171937,0,0,,0,0,0,0,0,93656,52031,78047,0,0,41625,36422,62437,0,26016,0,0,0,52031,78046.0,520311.291,2,11864723,0,56.12710751,2,22252628.6560812,124486,13832,138318,0,0,0,0,0,0,352223,352223,422279,492573,263924,307858,369495,431002,1055698,1231433,4499658,0,0,4499658,5600476,0,0,5600476,6533631.0,0.0,0,6533631.0,1418579,40002.0,0,1458581.0,571970,0,6341,565629,851673,0,0,851673,19475987.0,40002.0,6341,19509648.0,3768707.2,440611,171937,520311.291,11864723,16766290.371,22252628.6560812,138318,352223,175735,22566682,52031,78047,41625,36422,3768707.2,22743170.0648375,12997583.121,9745586.9443093,10042
2022,35,33,1,0,1,1,1,1,1,1,1,1,1,1,11,22,7,0.0,0.0,0.0,0.0,100.0,0.0,0,,0.0,0,,0.0,0.0,SUKU CADANG,22.6,31,24.0,81,27.1,32,17.8,8.5,JASA REPARASI MESIN,45.7,33,2.6,31,28.0,32,15.2,8.5,0,2,2,1,5,3,6,0,1,1,53,9,15,2,25,5,3,0,78,14,18,2,0,0,3746183.0,814706.0,187309.15,40735.3,3933492.2,855441.3,0,0,0,0,26650,253173,0,0,0,0,0,0,0,0,0,0,0,0,0,0,0,0,0,0,0,0,0,0,0,0,0,0,0,0,0,0,0,0,0,0,0,0,0,0,,0,0,,674,13479,0,0,266652,0,26059,107390,155716,0,0,,0,0,0,0,0,106267,59037,88556,0,0,47230,41326,70845,0,29519,0,0,0,59037,88556.0,590373.486,2,7360048,0,80.48028532,2,13830549.5766958,0,0,0,0,0,0,0,0,0,534484,534484,418244,497484,261402,310928,365964,435299,1045610,1243711,4499658,0,0,4499658,5600476,500882,0,6101358,6533631.0,0.0,0,6533631.0,1458581,131814.0,0,1590395.0,565629,30205,0,595834,851673,0,0,851673,19509648.0,662901.0,0,20172549.0,4788933.5,266652,155716,590373.486,7360048,13161722.23,13830549.5766958,0,534484,198101,14028651,59037,88556,47230,41326,4788933.5,14365033.3609115,8372788.78,5992244.5807481,10042
2018,31,16,1,1,1,1,1,1,1,1,1,1,0,1,11,25,11,0.0,0.0,0.0,0.0,100.0,0.0,0,,0.0,0,,0.0,0.0,KAYU LOG,61.9,35,6.9,32,12.7,32,13.3,5.2,PRODUK KAYU,71.1,33,3.8,33,11.9,35,9.3,3.9,2,2,2,3,3,0,0,1,0,1,24,4,7,1,10,2,1,0,34,6,8,1,0,0,1216556.0,273961.0,60827.8,13698.1,1277383.8,287659.0,0,0,0,0,0,0,0,0,0,0,0,0,0,0,0,0,0,0,0,0,0,0,0,0,0,0,0,0,0,0,0,0,0,0,0,0,0,0,0,0,398384,318707,0,0,,0,0,,1023,20456,0,0,339163,0,44926,129364,187577,0,0,,0,0,0,0,0,92620,51456,77184,0,0,41165,36019,61747,0,25728,0,0,0,51456,77183.0,514557.848,2,6027576,0,48.41691534,2,9781534.74131,0,0,0,0,0,0,0,0,0,349736,349736,212557,254245,132848,158903,185987,222464,531392,635612,2084172,169999,65580,2188591,2334273,192642,0,2526915,2667741.0,0.0,0,2667741.0,666935,0.0,0,666935.0,250101,0,0,250101,333468,10842,0,344310,8336690.0,373483.0,65580,8644593.0,1565042.9,339163,187577,514557.848,6027576,8633916.895,9781534.74131,0,349736,104220,9885755,51456,77184,41165,36019,1565042.9,10131271.2011973,7068874.045,3062397.1558114,10043
2019,31,16,1,1,1,1,1,1,1,1,1,1,1,1,12,23,7,0.0,0.0,0.0,0.0,100.0,0.0,0,,0.0,0,,0.0,0.0,KAYU LOG,78.5,35,6.3,32,8.4,32,4.1,2.7,PRODUK KAYU,45.0,32,29.4,32,4.3,14,12.4,8.9,2,2,2,4,3,4,3,0,1,0,31,6,8,1,13,2,2,0,44,8,10,1,0,0,1405580.0,297547.0,70279.0,14877.4,1475859.0,312424.4,0,0,0,0,0,0,0,0,0,0,0,0,0,0,0,0,0,0,0,0,0,0,0,0,0,0,0,0,0,0,0,0,0,0,0,0,0,0,0,0,464253,371402,0,0,,0,0,,870,17401,0,0,388804,0,32021,166332,241181,0,0,,0,0,0,0,0,143035,79464,119196,0,0,63571,55625,95357,0,39732,0,0,0,79464,119195.0,794639.448,2,8000823,0,75.14297622,2,11880705.8222248,0,0,0,0,0,0,0,0,0,1265361,1265361,431995,404356,269997,252723,377995,353812,1079987,1010891,2188591,0,0,2188591,2526915,209667,0,2736582,2667741.0,0.0,0,2667741.0,666935,3182.0,0,670117.0,250101,0,0,250101,344310,0,0,344310,8644593.0,212849.0,0,8857442.0,1788283.4,388804,241181,794639.448,8000823,11213730.714,11880705.8222248,0,1265361,-69096,11811610,79464,99999,63571,55625,1788283.4,13146066.3786266,9425447.364,3720619.0146183,10043
2020,31,16,0,1,1,1,1,1,1,0,1,1,1,1,10,25,7,0.0,0.0,0.0,0.0,100.0,0.0,0,,0.0,0,,0.0,0.0,KAYU LOG,66.6,35,8.8,14,16.3,0,0.0,8.3,PRODUK KAYU,85.8,35,5.7,36,1.4,14,4.5,2.6,2,2,2,2,1,4,3,0,0,0,27,5,7,1,12,2,2,0,39,7,9,1,0,0,1399419.0,304460.0,69970.95,15223.0,1469389.9,319683.0,0,0,0,0,0,0,0,0,0,0,0,0,0,0,0,0,0,0,0,0,0,0,0,0,0,0,0,0,0,0,0,0,0,0,0,0,0,0,0,0,348967,279174,0,0,,0,0,,576,11524,0,0,290698,0,36561,105401,152831,0,0,,0,0,0,0,0,122957,68310,102465,0,0,54648,47817,81972,0,34155,0,0,0,68310,102463.0,683096.51,2,6835185,0,57.79807337,2,10412059.1249608,0,0,0,0,0,0,0,0,0,430427,430427,186266,182236,116416,113898,162982,159457,465664,455591,2188591,42267,0,2230858,2736582,184664,63795,2857451,2667741.0,0.0,0,2667741.0,670117,39137.0,26973,682281.0,250101,0,0,250101,344310,0,0,344310,8857442.0,266068.0,90768,9032742.0,1789072.9,290698,152831,683096.51,6835185,9750883.158,10412059.1249608,0,430427,-10073,10401986,68310,99999,54648,47817,1789072.9,10842485.8883124,7961810.208,2880675.6801763,10043
2018,64,13,1,1,0,0,1,1,1,1,1,1,1,1,10,24,9,0.0,0.0,0.0,0.0,100.0,0.0,0,,0.0,0,,0.0,0.0,BENANG POLYESTER,51.8,31,19.5,35,2.0,61,20.1,6.6,KAIN TENUN,38.4,73,15.2,35,22.8,36,15.8,7.8,2,2,2,3,2,3,0,0,0,1,13,2,4,1,16,3,2,0,29,5,6,1,0,0,984274.0,202874.0,49213.7,10143.7,1033487.7,213017.7,0,0,0,0,0,0,0,0,0,0,0,0,0,0,0,0,201285,241542,0,0,0,0,0,0,0,0,0,0,0,0,0,0,0,0,0,0,0,0,0,0,0,0,0,0,,0,0,,1204,24080,0,0,265621,0,25865,107563,155967,0,0,,0,0,0,0,0,37412,20784,31176,0,0,16627,14549,24941,0,10392,0,0,0,20784,31177.0,207841.964,2,4987026,0,61.10633112,0,8196849.6975097,0,0,0,0,0,0,0,0,0,236462,236462,212625,221093,132891,138183,186047,193456,531563,552732,1363854,88674,0,1452528,1527516,0,0,1527516,1745733.0,70235.0,0,1815968.0,436433,26086.0,0,462519.0,163662,803,628,163837,218217,0,6836,211381,5455415.0,185798.0,7464,5633749.0,1246505.4,265621,155967,207841.964,4987026,6862962.047,8196849.6975097,0,236462,21169,8218019,20784,31176,16627,14549,1246505.4,8433312.1778161,5616456.647,2816855.5310692,10044
2019,64,13,1,1,1,1,1,1,1,0,1,1,1,1,11,23,8,0.0,0.0,0.0,0.0,100.0,0.0,0,,0.0,0,,0.0,0.0,BENANG POLYESTER,82.7,35,2.6,32,0.9,31,10.4,3.4,KAIN TENUN,56.8,14,7.8,36,21.3,12,7.5,6.6,0,2,0,1,4,4,2,1,0,1,14,3,5,1,17,3,2,0,31,6,7,1,0,0,1236489.0,267611.0,61824.45,13380.6,1298313.4,280991.5,0,0,0,0,0,0,0,0,0,0,0,0,0,0,0,0,198699,238439,0,0,0,0,0,0,0,0,0,0,0,0,0,0,0,0,0,0,0,0,0,0,0,0,0,0,,0,0,,621,12412,0,0,250851,0,18633,91680,132936,0,0,,0,0,0,0,0,68525,38069,57104,0,0,30455,26649,45683,0,19035,0,0,0,38069,57104.0,380693.145,2,4877198,0,56.19328776,0,7964915.5033277,0,0,0,0,0,0,0,0,0,290689,290689,246741,228777,154213,142986,215899,200180,616853,571943,1452528,92617,0,1545145,1527516,0,0,1527516,1815968.0,0.0,0,1815968.0,462519,39631.0,0,502150.0,163837,0,0,163837,211381,0,0,211381,5633749.0,132248.0,0,5765997.0,1579305.0,250851,132936,380693.145,4877198,7220983.398,7964915.5033277,0,290689,-44910,7920006,38069,57104,30455,26649,1579305.0,8255604.3292292,5641678.398,2613925.9316256,10044
2020,64,13,1,1,1,0,1,1,1,1,1,1,1,1,11,28,8,0.0,0.0,0.0,0.0,100.0,0.0,0,,0.0,0,,0.0,0.0,BENANG POLYESTER,100.0,0,0.0,0,0.0,0,0.0,0.0,KAIN TENUN,47.4,62,13.5,36,19.3,34,12.5,7.3,2,2,2,3,4,1,1,0,0,1,10,2,3,1,13,2,2,0,23,4,5,1,0,0,839414.0,186778.0,41970.7,9338.9,881384.7,196116.9,0,0,0,0,0,0,0,0,0,0,0,0,0,0,0,0,156878,188254,0,0,0,0,0,0,0,0,0,0,0,0,0,0,0,0,0,0,0,0,0,0,0,0,0,0,,0,0,,768,15353,0,0,203607,0,24546,122827,178099,0,0,,0,0,0,0,0,66171,36761,55142,0,0,29409,25733,44114,0,18381,0,0,0,36761,55142.0,367613.776,2,4076570,0,64.03373947,0,6431357.332778,0,0,0,0,0,0,0,0,0,332477,332477,249566,229298,155978,143312,218370,200636,623914,573246,1545145,56026,0,1601171,1527516,19413,0,1546929,1815968.0,111066.0,0,1927034.0,502150,0.0,0,502150.0,163837,0,0,163837,211381,0,0,211381,5765997.0,186505.0,0,5952502.0,1077501.6,203607,178099,367613.776,4076570,5903391.462,6431357.332778,0,332477,-50668,6380689,36761,55142,29409,25733,1077501.6,6763834.7187076,4825889.862,1937944.8565866,10044
2021,64,13,0,1,1,1,1,1,1,1,1,1,1,1,11,25,7,0.0,0.0,0.0,0.0,100.0,0.0,0,,0.0,0,,0.0,0.0,BENANG POLYESTER,78.1,32,7.3,36,4.5,35,7.7,2.4,KAIN TENUN,87.4,21,0.2,61,7.2,18,0.1,5.1,0,2,2,5,4,0,3,0,1,1,13,2,5,1,16,3,2,0,29,5,7,1,0,0,1083570.0,255201.0,54178.5,12760.1,1137748.5,267961.0,0,0,0,0,0,0,0,0,0,0,0,0,0,0,0,0,258683,310419,0,0,0,0,0,0,0,0,0,0,0,0,0,0,0,0,0,0,0,0,0,0,0,0,0,0,,0,0,,751,15027,0,0,325447,0,24833,143124,207530,0,0,,0,0,0,0,0,123080,68378,102566,0,0,54702,47864,82053,0,34189,0,0,0,68378,102565.0,683775.367,2,5058824,0,40.12718177,0,9029161.8534094,0,0,0,0,0,0,0,0,0,631635,631635,185643,170932,116027,106833,162438,149566,464108,427331,1601171,0,0,1601171,1546929,0,0,1546929,1927034.0,0.0,82125,1844909.0,502150,0.0,19417,482733.0,163837,0,0,163837,211381,0,0,211381,5952502.0,0.0,101542,5850960.0,1405709.6,325447,207530,683775.367,5058824,7681285.542,9029161.8534094,0,631635,-36777,8992385,68378,99999,54702,47864,1405709.6,9660796.9018989,6275575.992,3385220.9094573,10044
2022,64,13,0,0,1,1,1,1,1,1,0,1,1,1,9,26,9,0.0,0.0,0.0,0.0,100.0,0.0,0,,0.0,0,,0.0,0.0,BENANG POLYESTER,65.2,34,2.9,32,12.2,33,9.4,10.3,KAIN TENUN,22.9,35,25.0,34,24.9,31,14.2,13.0,2,2,2,2,1,1,7,0,0,1,15,3,5,1,17,3,2,0,32,6,7,1,0,0,1114714.0,234908.0,55735.7,11745.4,1170449.7,246653.4,0,0,0,0,0,0,0,0,0,0,0,0,0,0,0,0,308355,370026,0,0,0,0,0,0,0,0,0,0,0,0,0,0,0,0,0,0,0,0,0,0,0,0,0,0,,0,0,,1782,35649,0,0,405674,0,36213,175853,254987,0,0,,0,0,0,0,0,114227,63460,95189,0,0,50768,44422,76151,0,31730,0,0,0,63460,95188.0,634594.554,2,6060161,0,57.52080978,0,11547013.9167457,0,0,0,0,0,0,0,0,0,117499,117499,254305,279374,158940,174609,222517,244453,635762,698436,1601171,132947,0,1734118,1546929,146549,0,1693478,1844909.0,0.0,0,1844909.0,482733,52410.0,0,535143.0,163837,0,8081,155756,211381,0,0,211381,5850960.0,331906.0,8081,6174785.0,1417103.1,405674,254987,634594.554,6060161,8772520.542,11547013.9167457,0,117499,62674,11609688,63460,95189,50768,44422,1417103.1,11664512.6034439,7355417.442,4309095.1614188,10044
2018,36,13,1,1,1,1,1,1,1,1,1,1,1,1,12,23,10,0.0,0.0,0.0,0.0,100.0,0.0,0,,0.0,0,,0.0,0.0,BENANG POLYESTER,100.0,0,0.0,0,0.0,0,0.0,0.0,KAIN TENUN,31.9,12,16.9,76,2.0,91,35.4,13.8,2,2,2,4,1,0,3,0,0,1,16,2,4,1,10,2,1,0,26,4,5,1,0,0,1001185.0,200504.0,50059.25,10025.2,1051244.2,210529.2,0,0,0,0,0,0,0,0,0,0,0,0,0,0,0,0,135541,162649,0,0,0,0,0,0,0,0,0,0,0,0,0,0,0,0,0,0,0,0,0,0,0,0,0,0,,0,0,,573,11463,0,0,174113,0,15848,74891,108592,0,0,,0,0,0,0,0,56516,31398,47097,0,0,25118,21979,37678,0,15699,0,0,0,31398,47097.0,313979.754,2,3226176,0,69.42393626,2,4800670.3132514,0,0,0,0,0,0,0,0,0,257879,257879,129201,149365,80750,93353,113051,130694,323002,373412,1453183,0,0,1453183,1627565,154990,0,1782555,1860074.0,36191.0,0,1896265.0,465018,32859.0,0,497877.0,174382,692,0,175074,232509,0,2223,230286,5812731.0,224732.0,2223,6035240.0,1261773.4,174113,108592,313979.754,3226176,5084633.07,4800670.3132514,0,257879,50410,4851080,31398,47097,25118,21979,1261773.4,5058549.2224534,3822859.62,1235689.6027326,10045
2019,36,13,1,1,1,1,1,1,1,1,1,1,1,1,12,23,8,0.0,0.0,0.0,0.0,100.0,0.0,0,,0.0,0,,0.0,0.0,BENANG POLYESTER,98.8,33,0.5,63,0.1,32,0.4,0.2,KAIN TENUN,29.3,74,3.2,34,38.3,16,11.0,18.2,2,2,2,2,0,5,8,0,0,1,16,2,4,1,10,2,1,0,26,4,5,1,0,0,853572.0,170942.0,42678.6,8547.1,896250.6,179489.1,0,0,0,0,0,0,0,0,0,0,0,0,0,0,0,0,104002,124802,0,0,0,0,0,0,0,0,0,0,0,0,0,0,0,0,0,0,0,0,0,0,0,0,0,0,,0,0,,224,4471,0,0,129273,0,21511,47813,69329,0,0,,0,0,0,0,0,28123,15624,23436,0,0,12499,10937,18749,0,7812,0,0,0,15624,23437.0,156241.111,2,2254263,0,71.79696819,2,3533400.0413762,0,0,0,0,0,0,0,0,0,158610,158610,48914,51172,30571,31982,42800,44776,122285,127930,1453183,5262,0,1458445,1782555,0,36652,1745903,1896265.0,0.0,0,1896265.0,497877,37597.0,0,535474.0,175074,15086,0,190160,230286,0,0,230286,6035240.0,57945.0,36652,6056533.0,1075739.7,129273,69329,156241.111,2254263,3684845.757,3533400.0413762,0,158610,5645,3539045,15624,23436,12499,10937,1075739.7,3692010.415738,2609106.057,1082904.3589882,10045
2020,36,13,1,1,0,1,1,1,1,0,1,1,1,1,10,25,10,0.0,0.0,0.0,0.0,100.0,0.0,0,,0.0,0,,0.0,0.0,BENANG POLYESTER,86.1,17,6.1,35,1.9,74,3.5,2.4,KAIN TENUN,77.8,33,1.0,12,2.9,0,0.0,18.3,2,2,2,3,5,3,4,0,1,0,15,2,4,1,9,2,1,0,24,4,5,1,0,0,804638.0,172648.0,40231.9,8632.4,844869.9,181280.4,0,0,0,0,0,0,0,0,0,0,0,0,0,0,0,0,115136,138164,0,0,0,0,0,0,0,0,0,0,0,0,0,0,0,0,0,0,0,0,0,0,0,0,0,0,,0,0,,699,13976,0,0,152140,0,16566,40715,59037,0,0,,0,0,0,0,0,35487,19715,29573,0,0,15772,13801,23658,0,9858,0,0,0,19715,29573.0,197152.158,2,2524364,0,81.06003772,2,4116467.7442172,0,0,0,0,0,0,0,0,0,429349,429349,131421,143586,82138,89741,114994,125637,328553,358964,1458445,165514,47122,1576837,1745903,0,0,1745903,1896265.0,0.0,0,1896265.0,535474,8877.0,0,544351.0,190160,10858,0,201018,230286,22001,0,252287,6056533.0,207250.0,47122,6216661.0,1026150.3,152140,59037,197152.158,2524364,3958842.725,4116467.7442172,0,429349,30411,4146879,19715,29573,15772,13801,1026150.3,4545816.6351798,2932692.425,1613124.2104887,10045
2021,36,13,1,1,1,1,1,1,1,1,0,1,1,1,11,23,9,0.0,0.0,0.0,0.0,100.0,0.0,0,,0.0,0,,0.0,0.0,BENANG POLYESTER,55.0,64,10.4,76,16.9,73,12.6,5.1,KAIN TENUN,90.8,73,2.5,51,4.2,15,1.1,1.4,2,2,2,5,5,3,0,1,1,0,19,4,5,1,13,2,2,0,32,6,7,1,0,0,971864.0,204805.0,48593.2,10240.2,1020457.2,215045.2,0,0,0,0,0,0,0,0,0,0,0,0,0,0,0,0,150076,180091,0,0,0,0,0,0,0,0,0,0,0,0,0,0,0,0,0,0,0,0,0,0,0,0,0,0,,0,0,,482,9641,0,0,189732,0,31486,113239,164196,0,0,,0,0,0,0,0,49810,27672,41509,0,0,22138,19371,33207,0,13836,0,0,0,27672,41509.0,276724.403,2,3276044,0,73.53678773,2,5842542.9312465,0,0,0,0,0,0,0,0,0,507475,507475,101561,109252,63476,68282,88865,95596,253902,273130,1576837,169694,0,1746531,1745903,0,0,1745903,1896265.0,27183.0,0,1923448.0,544351,0.0,0,544351.0,201018,20219,0,221237,252287,0,0,252287,6216661.0,217096.0,0,6433757.0,1235502.5,189732,164196,276724.403,3276044,5142198.056,5842542.9312465,0,507475,19228,5861771,27672,41509,22138,19371,1235502.5,6350017.5195555,3906695.606,2443321.9139234,10045
2020,32,18,1,0,1,1,1,0,1,1,1,1,1,1,10,23,10,0.0,0.0,0.0,0.0,100.0,0.0,0,,0.0,0,,0.0,0.0,KERTAS HVS,59.6,63,10.3,35,2.1,33,15.1,12.9,BARANG CETAKAN,58.4,31,13.5,12,10.8,12,11.0,6.3,2,2,0,3,0,3,6,0,0,1,17,3,6,1,23,4,3,0,40,7,9,1,0,0,1891554.0,402775.0,94577.7,20138.8,1986131.7,422913.8,0,0,0,0,0,0,0,0,0,0,0,0,0,0,0,0,0,0,0,0,0,0,0,0,0,0,0,0,0,0,0,0,0,0,0,0,5409,64908,0,0,0,0,0,0,,0,0,,303,6054,0,0,70962,0,19520,75514,109496,0,0,,0,0,0,0,0,51863,28813,43219,0,0,23050,20169,34575,0,14406,0,0,0,28813,43220.0,288128.293,0,3096718,1903789,79.74952346,2,8287089.587263,0,0,0,0,0,0,0,0,0,383161,383161,200003,231158,125002,144474,175003,202263,500008,577895,1659946,0,55869,1604077,1859140,0,78924,1780216,2124731.0,173710.0,0,2298441.0,531183,0.0,23055,508128.0,199194,19507,5430,213271,265590,21952,0,287542,6639784.0,215169.0,163278,6691675.0,2409045.5,70962,109496,288128.293,5000507,7878138.101,8287089.587263,0,383161,77887,8364977,28813,43219,23050,20169,2409045.5,8670250.3924811,5469092.651,3201157.7413751,10046
2021,32,18,1,1,0,1,1,1,1,1,1,0,1,1,10,22,8,0.0,0.0,0.0,0.0,100.0,0.0,0,,0.0,0,,0.0,0.0,KERTAS HVS,74.9,35,12.5,12,8.3,0,0.0,4.3,BARANG CETAKAN,34.8,35,15.0,35,36.8,0,0.0,13.4,2,2,2,1,1,0,7,0,0,1,25,4,9,1,33,6,5,0,58,10,14,1,0,0,2477965.0,546894.0,123898.25,27344.7,2601863.2,574238.7,0,0,0,0,0,0,0,0,0,0,0,0,0,0,0,0,0,0,0,0,0,0,0,0,0,0,0,0,0,0,0,0,0,0,0,0,24345,292138,0,0,0,0,0,0,,0,0,,937,18745,0,0,310883,0,48060,122121,177076,0,0,,0,0,0,0,0,129342,71857,107785,0,0,57485,50300,86228,0,35928,0,0,0,71857,107785.0,718567.353,0,5924370,1476241,84.60665407,2,11995095.8661315,0,0,0,0,0,0,0,0,0,1070145,1070145,385308,458513,240818,286571,337145,401199,963271,1146283,1604077,161391,0,1765468,1780216,0,0,1780216,2298441.0,263631.0,112438,2449634.0,508128,29295.0,0,537423.0,213271,0,0,213271,287542,6933,0,294475,6691675.0,461250.0,112438,7040487.0,3176102.0,310883,177076,718567.353,7400612,11783240.082,11995095.8661315,0,1070145,183012,12178108,71857,99999,57485,50300,3176102.0,13065240.4636046,8607138.132,4458102.3311464,10046
2022,32,18,1,1,1,1,1,1,1,1,1,1,1,1,12,24,7,0.0,0.0,0.0,0.0,100.0,0.0,0,,0.0,0,,0.0,0.0,KERTAS HVS,47.6,33,22.1,36,19.4,73,4.0,6.9,BARANG CETAKAN,64.8,33,15.8,35,2.4,17,11.9,5.1,2,2,2,1,0,3,1,1,1,0,22,4,8,1,29,5,4,0,51,9,12,1,0,0,2245926.0,486910.0,112296.3,24345.5,2358222.3,511255.5,0,0,0,0,0,0,0,0,0,0,0,0,0,0,0,0,0,0,0,0,0,0,0,0,0,0,0,0,0,0,0,0,0,0,0,0,25057,300686,0,0,0,0,0,0,,0,0,,593,11854,0,0,312540,0,25814,147798,214307,0,0,,0,0,0,0,0,103481,57490,86234,0,0,45992,40243,68987,0,28745,0,0,0,57490,86233.0,574895.008,0,3268994,2231181,51.42496373,2,10066406.8565878,0,0,0,0,0,0,0,0,0,1015294,1015294,429917,463402,268698,289626,376178,405478,1074793,1158506,1765468,7547,0,1773015,1780216,0,0,1780216,2449634.0,0.0,0,2449634.0,537423,17804.0,0,555227.0,213271,0,0,213271,294475,12002,0,306477,7040487.0,37353.0,0,7077840.0,2869477.8,312540,214307,574895.008,5500175,9471394.002,10066406.8565878,0,1015294,83713,10150120,57490,86234,45992,40243,2869477.8,11081700.9903548,6601916.202,4479784.7887819,10046
2020,13,10,1,1,0,1,1,1,1,0,1,0,1,1,9,21,9,0.0,0.0,0.0,0.0,100.0,0.0,0,,0.0,0,,0.0,0.0,TEPUNG TERIGU,59.2,64,16.5,33,11.9,35,0.5,11.9,MAKANAN OLAHAN,51.2,12,25.3,36,6.6,36,7.6,9.3,0,2,2,4,0,1,6,1,0,0,30,5,8,1,13,2,2,0,43,7,10,1,0,0,1680659.0,370007.0,84032.95,18500.4,1764692.0,388507.4,0,0,0,0,0,0,0,0,0,0,0,0,0,0,0,0,0,0,0,0,0,0,0,0,0,0,0,0,23346,186765,0,0,0,0,0,0,0,0,0,0,0,0,0,0,,0,0,,951,19022,0,0,205786,0,45847,126945,184070,0,0,,0,0,0,0,0,69064,38369,57553,0,0,30695,26858,46042,0,19184,0,0,0,38369,57553.0,383686.579,2,6369116,0,49.08406955,2,9353411.0546297,0,0,0,0,0,0,0,0,0,470125,470125,163652,167630,102282,104768,143196,146676,409130,419074,1179580,11929,0,1191509,1321129,0,0,1321129,1509862.0,0.0,52342,1457520.0,377465,0.0,12180,365285.0,141550,12812,0,154362,188732,14959,0,203691,4718318.0,39700.0,64522,4693496.0,2153199.3,205786,184070,383686.579,6369116,9295858.514,9353411.0546297,0,470125,9944,9363355,38369,57553,30695,26858,2153199.3,9823536.3785634,7142659.214,2680877.1643099,10047
2021,35,26,1,0,1,1,1,1,1,1,1,1,1,1,11,22,7,0.0,0.0,0.0,0.0,100.0,0.0,0,,0.0,0,,0.0,0.0,KOMPONEN ELEKTRONIK,46.9,33,10.3,14,9.5,14,24.6,8.7,PERANGKAT ELEKTRONIK,67.6,13,2.5,14,22.0,0,0.0,7.9,2,2,2,1,3,2,2,1,1,1,27,5,8,1,16,3,2,0,43,8,10,1,0,0,2082553.0,449498.0,104127.65,22474.9,2186680.6,471972.9,0,0,0,0,0,0,0,0,0,0,0,0,0,0,0,0,0,0,0,0,0,0,0,0,0,0,0,0,23666,189330,0,0,0,0,0,0,0,0,0,0,0,0,0,0,,0,0,,480,9598,0,0,198927,0,58520,148269,214990,0,0,,0,0,0,0,0,86649,48138,72207,0,0,38511,33697,57766,0,24069,0,0,0,48138,72208.0,481383.418,2,6307236,0,82.9272535,2,10838232.1944042,0,0,0,0,0,0,0,0,0,223573,223573,412804,413272,258003,258295,361204,361614,1032011,1033181,3363995,0,0,3363995,3767675,119804,0,3887479,4305914.0,389077.0,0,4694991.0,1076478,0.0,4810,1071668.0,403679,0,0,403679,538240,0,0,538240,13455981.0,508881.0,4810,13960052.0,2658653.5,198927,214990,481383.418,6307236,9861189.546,10838232.1944042,0,223573,1170,10839402,48138,72207,38511,33697,2658653.5,11061805.6556892,7202535.996,3859269.6598436,10048
2022,35,26,0,0,0,0,0,0,0,0,0,0,0,0,0,0,0,0.0,0.0,0.0,0.0,100.0,0.0,0,,0.0,0,,0.0,0.0,KOMPONEN ELEKTRONIK,89.5,17,6.7,0,0.0,0,0.0,3.8,PERANGKAT ELEKTRONIK,100.0,0,0.0,0,0.0,0,0.0,0.0,2,2,0,4,0,5,6,0,0,1,0,0,0,0,0,0,0,0,0,0,0,0,0,0,0.0,0.0,0.0,0.0,0.0,0.0,0,0,0,0,0,0,0,0,0,0,0,0,0,0,0,0,0,0,0,0,0,0,0,0,0,0,0,0,0,0,0,0,0,0,0,0,0,0,0,0,0,0,0,0,,0,0,,0,0,0,0,0,0,0,0,0,0,0,,0,0,0,0,0,0,0,0,0,0,0,0,0,0,0,0,0,0,0,0.0,0.0,2,0,0,0.0,2,0.0,0,0,0,0,0,0,0,0,0,0,0,0,0,0,0,0,0,0,0,3363995,133941,0,3497936,3887479,0,0,3887479,4694991.0,0.0,0,4694991.0,1071668,92291.0,0,1163959.0,403679,8958,0,412637,538240,0,0,538240,13960052.0,235190.0,0,14195242.0,0.0,0,0,0.0,0,0.0,0.0,0,0,0,0,0,0,0,0,0.0,0.0,0.0,0.0,10048
2018,21,25,1,1,0,1,1,1,1,1,1,1,1,1,11,20,10,0.0,0.0,0.0,0.0,100.0,0.0,0,,0.0,0,,0.0,0.0,PLAT BAJA,99.9,14,0.0,36,0.0,35,0.0,0.1,BARANG LOGAM,91.5,32,3.2,32,0.1,35,2.7,2.5,2,2,2,5,1,3,4,0,1,1,20,3,6,1,11,2,1,0,31,5,7,1,0,0,1229990.0,273597.0,61499.5,13679.9,1291489.5,287276.9,0,0,0,0,0,0,0,0,0,0,0,0,0,0,0,0,0,0,0,0,0,0,0,0,0,0,0,0,35608,284863,0,0,0,0,0,0,0,0,0,0,0,0,0,0,,0,0,,450,8995,0,0,293858,0,62767,137089,198779,0,0,,0,0,0,0,0,106744,59302,88954,0,0,47442,41512,71163,0,29651,0,0,0,59302,88955.0,593025.093,0,2861568,2292514,61.54225197,2,7604612.7604037,0,0,0,0,0,0,0,0,0,647973,647973,207305,195208,129566,122005,181392,170808,518263,488021,2193645,206549,0,2400194,2456882,0,0,2456882,2807865.0,45173.0,0,2853038.0,701966,38582.0,0,740548.0,263237,26609,0,289846,350984,33094,0,384078,8774579.0,350007.0,0,9124586.0,1578766.4,293858,198779,593025.093,5154081,7818509.739,7604612.7604037,0,647973,-30242,7574371,59302,88954,47442,41512,1578766.4,8252585.8933426,6239743.389,2012842.5040538,10049
2019,21,25,0,1,1,1,1,1,1,1,1,0,1,1,10,26,7,0.0,0.0,0.0,0.0,100.0,0.0,0,,0.0,0,,0.0,0.0,PLAT BAJA,47.1,36,14.6,35,14.4,31,17.8,6.1,BARANG LOGAM,71.5,64,9.1,74,7.5,34,8.7,3.2,2,2,2,2,4,0,4,1,0,0,19,3,5,1,10,2,1,0,29,5,6,1,0,0,1524903.0,314307.0,76245.15,15715.4,1601148.2,330022.4,0,0,0,0,0,0,0,0,0,0,0,0,0,0,0,0,0,0,0,0,0,0,0,0,0,0,0,0,35855,286838,0,0,0,0,0,0,0,0,0,0,0,0,0,0,,0,0,,487,9734,0,0,296572,0,35197,130696,189510,0,0,,0,0,0,0,0,78413,43563,65344,0,0,34850,30494,52275,0,21781,0,0,0,43563,65343.0,435625.691,0,2172793,2738466,53.2282868,2,6957058.0153703,0,0,0,0,0,0,0,0,0,468749,468749,186661,174210,116663,108881,163328,152434,466652,435525,2400194,0,47168,2353026,2456882,94277,0,2551159,2853038.0,0.0,0,2853038.0,740548,0.0,0,740548.0,289846,6559,0,296405,384078,39019,0,423097,9124586.0,139855.0,47168,9217273.0,1931170.5,296572,189510,435625.691,4911259,7764136.275,6957058.0153703,0,468749,-31127,6925931,43563,65344,34850,30494,1931170.5,7425806.5794345,5832965.775,1592840.8039896,10049
2020,21,25,1,1,1,1,0,0,1,1,1,1,1,1,10,21,7,0.0,0.0,0.0,0.0,100.0,0.0,0,,0.0,0,,0.0,0.0,PLAT BAJA,66.2,51,4.1,19,6.1,36,11.7,11.9,BARANG LOGAM,36.7,36,7.0,11,3.1,35,32.3,20.9,2,2,2,3,0,4,1,1,1,0,18,3,5,1,9,2,1,0,27,5,6,1,0,0,1290766.0,282670.0,64538.3,14133.5,1355304.3,296803.5,0,0,0,0,0,0,0,0,0,0,0,0,0,0,0,0,0,0,0,0,0,0,0,0,0,0,0,0,24196,193570,0,0,0,0,0,0,0,0,0,0,0,0,0,0,,0,0,,395,7902,0,0,201472,0,14776,83436,120982,0,0,,0,0,0,0,0,49336,27409,41113,0,0,21927,19186,32891,0,13704,0,0,0,27409,41114.0,274089.442,0,1337695,2144367,84.35505849,2,5726619.4866955,0,0,0,0,0,0,0,0,0,62012,62012,195337,189085,122086,118178,170919,165449,488342,472712,2353026,0,0,2353026,2551159,18956,0,2570115,2853038.0,103988.0,0,2957026.0,740548,0.0,0,740548.0,296405,0,0,296405,423097,9836,0,432933,9217273.0,132780.0,0,9350053.0,1652107.8,201472,120982,274089.442,3482062,5730713.539,5726619.4866955,0,62012,-15630,5710989,27409,41113,21927,19186,1652107.8,5788631.1256039,4078605.739,1710025.3861475,10049
2021,21,25,1,1,1,1,1,1,1,1,1,1,1,1,12,22,8,0.0,0.0,0.0,0.0,100.0,0.0,0,,0.0,0,,0.0,0.0,PLAT BAJA,87.1,32,3.7,13,2.4,12,5.0,1.8,BARANG LOGAM,21.0,36,33.1,35,2.2,32,27.1,16.6,2,2,2,2,1,2,3,1,1,0,18,3,5,1,10,2,1,0,28,5,6,1,0,0,1316522.0,279577.0,65826.1,13978.9,1382348.1,293555.9,0,0,0,0,0,0,0,0,0,0,0,0,0,0,0,0,0,0,0,0,0,0,0,0,0,0,0,0,37440,299522,0,0,0,0,0,0,0,0,0,0,0,0,0,0,,0,0,,826,16517,0,0,316039,0,33447,106278,154102,0,0,,0,0,0,0,0,119556,66420,99630,0,0,53136,46494,79704,0,33210,0,0,0,66420,99630.0,664199.949,0,3948864,745411,48.17573046,2,7297302.4861909,146446,16272,162718,0,0,0,0,0,0,242975,242975,103066,99564,64416,62228,90183,87118,257665,248910,2353026,0,0,2353026,2570115,0,0,2570115,2957026.0,0.0,0,2957026.0,740548,68409.0,24909,784048.0,296405,13579,0,309984,432933,0,525,432408,9350053.0,81988.0,25434,9406607.0,1675904.0,316039,154102,664199.949,4694275,7504520.31,7297302.4861909,162718,242975,-8755,7451265,66420,99630,53136,46494,1675904.0,7702995.7944634,5828616.36,1874379.4343077,10049
2022,21,25,1,1,1,1,1,1,1,1,0,1,1,1,11,22,7,0.0,0.0,0.0,0.0,100.0,0.0,0,,0.0,0,,0.0,0.0,PLAT BAJA,62.1,18,15.1,14,3.1,53,13.9,5.8,BARANG LOGAM,93.0,32,2.1,91,3.0,33,0.8,1.1,2,2,2,4,0,3,4,0,1,1,22,4,6,1,11,2,1,0,33,6,7,1,0,0,1476614.0,303196.0,73830.7,15159.8,1550444.7,318355.8,0,0,0,0,0,0,0,0,0,0,0,0,0,0,0,0,0,0,0,0,0,0,0,0,0,0,0,0,32025,256202,0,0,0,0,0,0,0,0,0,0,0,0,0,0,,0,0,,1213,24260,0,0,280462,0,28759,161660,234408,0,0,,0,0,0,0,0,107023,59457,89186,0,0,47566,41620,71349,0,29729,0,0,0,59457,89184.0,594571.367,0,4671129,701332,67.07516561,2,8462252.2406723,0,0,0,0,0,0,0,0,0,286917,286917,116208,124757,72630,77973,101681,109163,290519,311893,2353026,0,0,2353026,2570115,32888,0,2603003,2957026.0,0.0,0,2957026.0,784048,0.0,0,784048.0,309984,720,0,310704,432408,26386,0,458794,9406607.0,59994.0,0,9466601.0,1868800.5,280462,234408,594571.367,5372461,8350702.132,8462252.2406723,0,286917,21374,8483626,59457,89186,47566,41620,1868800.5,8749169.19325,6481901.632,2267267.5615199,10049
2018,52,11,1,1,1,1,1,1,1,1,1,1,1,1,12,23,7,0.0,0.0,0.0,0.0,100.0,0.0,0,,0.0,0,,0.0,0.0,GULA & KONSENTRAT,65.4,32,11.7,35,2.1,61,14.2,6.6,MINUMAN KEMASAN,54.9,32,16.0,35,18.2,35,5.4,5.5,2,2,0,2,1,1,7,1,1,0,97,17,25,3,32,6,5,0,129,23,30,3,0,0,6547769.0,1421892.0,327388.45,71094.6,6875157.5,1492986.6,0,0,0,0,0,0,0,0,0,0,0,0,0,0,0,0,0,0,0,0,0,0,0,0,0,0,0,0,100529,804236,0,0,0,0,0,0,0,0,0,0,0,0,0,0,,0,0,,3183,63665,0,0,867901,0,203758,463580,672192,0,0,,0,0,0,0,0,83128,46182,69273,0,0,36946,32327,55419,0,23091,0,0,0,46182,69273.0,461821.349,0,11605271,4488763,67.76714682,2,27981983.5039014,0,0,0,0,0,0,0,0,0,1595802,1595802,471364,526570,294602,329106,412444,460750,1178410,1316426,5745584,502967,0,6248551,6435055,665084,0,7100139,7354348.0,0.0,0,7354348.0,1838587,0.0,0,1838587.0,689470,0,0,689470,919294,0,0,919294,22982338.0,1168051.0,0,24150389.0,8368144.1,867901,672192,461821.349,16094035,26464092.797,27981983.5039014,0,1595802,138016,28120000,46182,69273,36946,32327,8368144.1,29577785.6474694,18095948.747,11481836.9002338,10050
2019,52,11,1,1,1,1,1,1,1,1,1,1,0,1,11,21,11,0.0,0.0,0.0,0.0,100.0,0.0,0,,0.0,0,,0.0,0.0,GULA & KONSENTRAT,92.7,35,2.1,32,2.3,32,2.1,0.8,MINUMAN KEMASAN,61.9,32,16.0,12,11.0,35,6.1,5.0,2,0,2,2,0,4,7,0,1,1,104,19,27,3,35,6,5,1,139,25,32,4,0,0,6267127.0,1376009.0,313356.35,68800.4,6580483.4,1444809.4,0,0,0,0,0,0,0,0,0,0,0,0,0,0,0,0,0,0,0,0,0,0,0,0,0,0,0,0,144935,1159476,0,0,0,0,0,0,0,0,0,0,0,0,0,0,,0,0,,5167,103340,0,0,1262817,0,98650,409134,593244,0,0,,0,0,0,0,0,168236,93465,140197,0,0,74772,65425,112158,0,46732,0,0,0,93465,140196.0,934645.56,0,15263167,3748743,84.34274074,2,30243212.445511,0,0,0,0,0,0,0,0,0,2625124,2625124,1303477,1208518,814673,755324,1140542,1057453,3258692,3021295,6248551,0,10616,6237935,7100139,0,141188,6958951,7354348.0,229704.0,0,7584052.0,1838587,0.0,0,1838587.0,689470,0,0,689470,919294,83159,0,1002453,24150389.0,312863.0,151804,24311448.0,8025292.8,1262817,593244,934645.56,19011910,29827909.973,30243212.445511,0,2625124,-237397,30005815,93465,99999,74772,65425,8025292.8,32868336.2352601,21802617.173,11065719.0621596,10050
2020,52,11,1,1,1,1,1,1,1,1,1,1,1,1,12,21,7,0.0,0.0,0.0,0.0,100.0,0.0,0,,0.0,0,,0.0,0.0,GULA & KONSENTRAT,92.2,36,0.0,13,2.5,31,4.0,1.3,MINUMAN KEMASAN,63.9,32,9.5,71,10.6,32,10.5,5.5,2,2,2,1,0,5,5,0,1,1,87,15,23,3,29,5,4,0,116,20,27,3,0,3,4990971.0,1101236.0,249548.55,55061.8,5240519.5,1156297.8,0,0,0,0,0,0,0,0,0,0,0,0,0,0,0,0,0,0,0,0,0,0,0,0,0,0,0,0,100212,801700,0,0,0,0,0,0,0,0,0,0,0,0,0,0,,0,0,,1244,24885,0,0,826585,0,219719,489028,709091,0,0,,0,0,0,0,0,251191,139550,209325,0,0,111640,97685,167460,0,69775,0,0,0,139550,209327.0,1395503.44,0,13596243,6282415,59.03699797,2,34128689.3432712,63148,7016,70165,0,0,0,0,0,0,564426,564426,699409,793770,437131,496106,611983,694550,1748523,1984426,6237935,0,0,6237935,6958951,795715,0,7754666,7584052.0,117952.0,0,7702004.0,1838587,0.0,0,1838587.0,689470,0,9966,679504,1002453,0,20419,982034,24311448.0,913667.0,30385,25194730.0,6396817.3,826585,709091,1395503.44,19878658,29206654.539,34128689.3432712,70165,564426,235903,34434757,99999,99999,99999,97685,6396817.3,34763280.4088565,22809837.189,11953443.219635,10050
2021,52,11,1,1,1,1,0,1,1,0,1,1,1,1,10,22,10,0.0,0.0,0.0,0.0,100.0,0.0,0,,0.0,0,,0.0,0.0,GULA & KONSENTRAT,87.5,35,1.2,32,4.7,64,4.7,1.9,MINUMAN KEMASAN,48.4,51,5.3,35,18.9,36,20.5,6.9,2,2,2,2,1,2,6,0,0,1,100,18,27,3,34,6,5,0,134,24,32,3,0,0,5852943.0,1296826.0,292647.15,64841.3,6145590.2,1361667.3,0,0,0,0,0,0,0,0,0,0,0,0,0,0,0,0,0,0,0,0,0,0,0,0,0,0,0,0,132584,1060672,0,0,0,0,0,0,0,0,0,0,0,0,0,0,,0,0,,3364,67289,0,0,1127961,0,99647,595222,863072,0,0,,0,0,0,0,0,354816,197120,295680,0,0,157696,137984,236544,0,98560,0,0,0,197120,295679.0,1971199.434,0,13163020,2582573,94.08373497,2,32004773.9179641,0,0,0,0,0,0,0,0,0,988488,988488,1018233,958442,636396,599026,890954,838636,2545583,2396104,6237935,122423,0,6360358,7754666,0,0,7754666,7702004.0,628330.0,0,8330334.0,1838587,190702.0,0,2029289.0,679504,58042,11506,726040,982034,49394,0,1031428,25194730.0,1048891.0,11506,26232115.0,7507257.5,1127961,863072,1971199.434,15745593,27215082.697,32004773.9179641,0,988488,-149479,31855295,99999,99999,99999,99999,7507257.5,32993262.107376,19707825.247,13285436.8600459,10050
2022,52,11,1,1,1,0,1,1,1,1,1,1,1,1,11,23,10,0.0,0.0,0.0,0.0,100.0,0.0,0,,0.0,0,,0.0,0.0,GULA & KONSENTRAT,89.8,16,2.5,18,4.5,75,1.0,2.2,MINUMAN KEMASAN,19.0,11,17.5,31,40.2,61,6.8,16.5,2,2,2,2,1,5,7,1,0,1,112,20,30,3,38,7,5,1,150,27,35,4,0,0,6302052.0,1388865.0,315102.6,69443.2,6617154.6,1458308.2,0,0,0,0,0,0,0,0,0,0,0,0,0,0,0,0,0,0,0,0,0,0,0,0,0,0,0,0,90246,721967,0,0,0,0,0,0,0,0,0,0,0,0,0,0,,0,0,,2309,46179,0,0,768145,0,144423,821814,1191630,0,0,,0,0,0,0,0,440006,244448,366672,0,0,195558,171113,293337,0,122224,0,0,0,244448,366671.0,2444476.644,0,15125747,11003862,66.37504555,2,43647142.569816,279199,31022,310222,0,0,0,0,0,0,988070,988070,1574613,1490805,984133,931753,1377787,1304455,3936533,3727013,6360358,301042,165057,6496343,7754666,52349,0,7807015,8330334.0,185975.0,0,8516309.0,2029289,40654.0,0,2069943.0,726040,27616,0,753656,1031428,101673,0,1133101,26232115.0,709309.0,165057,26776367.0,8075462.9,768145,1191630,2444476.644,26129609,38609324.007,43647142.569816,310222,988070,-209520,43747844,99999,99999,99999,99999,8075462.9,44945433.920733,30533861.157,14411572.7641201,10050
2019,32,23,1,1,1,1,1,1,1,1,1,1,1,1,12,25,8,0.0,0.0,0.0,0.0,100.0,0.0,0,,0.0,0,,0.0,0.0,PASIR SILIKA & SEMEN,76.1,61,9.0,31,4.3,0,0.0,10.6,SEMEN & KERAMIK,56.1,17,13.2,33,10.0,0,0.0,20.7,2,2,2,4,0,1,8,0,0,1,33,6,10,1,20,3,3,0,53,9,13,1,0,0,2011050.0,454359.0,100552.5,22718.0,2111602.5,477077.0,0,0,0,0,0,0,0,0,0,0,0,0,0,0,0,0,670162,804194,0,0,0,0,0,0,0,0,0,0,0,0,0,0,0,0,0,0,0,0,0,0,0,0,0,0,,0,0,,1464,29282,0,0,833476,0,65842,387221,561471,0,0,,0,0,0,0,0,143058,79476,119215,0,0,63581,55633,95372,0,39738,0,0,0,79476,119215.0,794764.105,2,7696850,0,69.50037126,2,12796771.6130074,23378,2598,25976,0,0,0,0,0,0,1196500,1196500,529481,494736,330926,309210,463295,432894,1323702,1236840,4703760,185892,221860,4667792,5268211,519321,0,5787532,6020813.0,0.0,0,6020813.0,1505203,0.0,13248,1491955.0,564451,0,13867,550584,752602,62557,0,815159,18815040.0,767770.0,248975,19333835.0,2588679.5,833476,561471,794764.105,7696850,12475240.914,12796771.6130074,25976,1196500,-86862,12735885,79476,99999,63581,55633,2588679.5,14019247.1450375,9886561.464,4132685.6815366,10051
2020,32,23,1,1,1,1,1,1,1,1,1,1,1,1,12,25,7,0.0,0.0,0.0,0.0,100.0,0.0,0,,0.0,0,,0.0,0.0,PASIR SILIKA & SEMEN,74.7,11,8.5,36,5.3,33,8.5,3.0,SEMEN & KERAMIK,70.7,31,4.0,35,10.0,31,11.3,4.0,2,2,2,4,3,3,3,0,1,1,30,6,9,1,18,3,3,0,48,9,12,1,0,0,2578026.0,588320.0,128901.3,29416.0,2706927.3,617736.0,0,0,0,0,0,0,0,0,0,0,0,0,0,0,0,0,1002247,1202696,0,0,0,0,0,0,0,0,0,0,0,0,0,0,0,0,0,0,0,0,0,0,0,0,0,0,,0,0,,2748,54955,0,0,1257651,0,184185,456083,661321,0,0,,0,0,0,0,0,123213,68452,102678,0,0,54761,47916,82142,0,34226,0,0,0,68452,102677.0,684517.09,2,10599259,0,63.81345401,2,16547899.4501806,319300,35478,354778,0,0,0,0,0,0,1411285,1411285,616212,708410,385132,442756,539186,619859,1540530,1771025,4667792,247005,0,4914797,5787532,0,0,5787532,6020813.0,0.0,0,6020813.0,1491955,0.0,0,1491955.0,550584,0,0,550584,815159,0,71,815088,19333835.0,247005.0,71,19580769.0,3324663.3,1257651,661321,684517.09,10599259,16527410.911,16547899.4501806,354778,1411285,230495,17133172,68452,99999,54761,47916,3324663.3,18313961.7801059,13202747.611,5111214.1695964,10051
2021,32,23,1,1,1,1,1,1,1,1,1,0,1,1,11,24,10,0.0,0.0,0.0,0.0,100.0,0.0,0,,0.0,0,,0.0,0.0,PASIR SILIKA & SEMEN,66.9,35,13.2,35,14.3,0,0.0,5.6,SEMEN & KERAMIK,36.5,11,17.8,72,4.1,33,30.5,11.1,2,2,2,4,0,1,4,0,0,1,28,5,9,1,17,3,2,0,45,8,11,1,0,0,1923559.0,435803.0,96177.95,21790.2,2019737.0,457593.2,0,0,0,0,0,0,0,0,0,0,0,0,0,0,0,0,646443,775732,0,0,0,0,0,0,0,0,0,0,0,0,0,0,0,0,0,0,0,0,0,0,0,0,0,0,,0,0,,2513,50258,0,0,825990,0,156769,483488,701058,0,0,,0,0,0,0,0,110112,61173,91760,0,0,48938,42821,73408,0,30587,0,0,0,61173,91759.0,611730.761,2,7692808,0,68.25721019,2,14478239.4301456,0,0,0,0,0,0,0,0,0,419841,419841,295857,271273,184910,169546,258875,237364,739642,678183,4914797,0,177384,4737413,5787532,0,0,5787532,6020813.0,0.0,0,6020813.0,1491955,136225.0,0,1628180.0,550584,0,0,550584,815088,0,0,815088,19580769.0,136225.0,177384,19539610.0,2477330.1,825990,701058,611730.761,7692808,12308917.069,14478239.4301456,0,419841,-61459,14416780,61173,91760,48938,42821,2477330.1,14898079.9684303,9831586.969,5066492.9993474,10051
2022,32,23,1,1,1,1,1,1,1,0,1,1,1,1,11,21,8,0.0,0.0,0.0,0.0,100.0,0.0,0,,0.0,0,,0.0,0.0,PASIR SILIKA & SEMEN,73.8,64,7.2,18,13.9,33,0.4,4.7,SEMEN & KERAMIK,55.0,36,12.7,18,17.8,0,0.0,14.5,2,2,2,3,5,1,0,0,1,0,30,5,9,1,18,3,2,0,48,8,11,1,0,0,1985848.0,425817.0,99292.4,21290.9,2085140.4,447107.9,0,0,0,0,0,0,0,0,0,0,0,0,0,0,0,0,746630,895955,0,0,0,0,0,0,0,0,0,0,0,0,0,0,0,0,0,0,0,0,0,0,0,0,0,0,,0,0,,4284,85679,0,0,981635,0,79622,423396,613925,0,0,,0,0,0,0,0,144444,80247,120370,0,0,64197,56173,96296,0,40123,0,0,0,80247,120371.0,802467.594,2,7461983,0,62.12758144,2,13784285.9743456,0,0,0,0,0,0,0,0,0,1220132,1220132,531746,518844,332342,324277,465278,453988,1329366,1297109,4737413,0,0,4737413,5787532,574057,0,6361589,6020813.0,288420.0,200963,6108270.0,1628180,0.0,0,1628180.0,550584,0,0,550584,815088,0,38412,776676,19539610.0,862477.0,239375,20162712.0,2532248.2,981635,613925,802467.594,7461983,12392257.928,13784285.9743456,0,1220132,-32257,13752029,80247,99999,64197,56173,2532248.2,15004417.7120068,9860009.678,5144408.0335737,10051
2018,35,25,1,1,1,1,1,1,1,1,1,1,0,1,11,24,11,0.0,0.0,0.0,0.0,100.0,0.0,0,,0.0,0,,0.0,0.0,PLAT BAJA,64.4,21,11.6,64,9.5,36,10.1,4.4,BARANG LOGAM,45.7,31,27.1,12,10.7,0,0.0,16.5,2,2,2,5,5,5,3,0,1,1,10,1,3,0,4,1,1,0,14,2,4,0,0,0,699652.0,175241.0,34982.6,8762.1,734634.6,184003.1,0,0,0,0,0,0,0,0,0,0,0,0,0,0,0,0,0,0,0,0,0,0,0,0,0,0,0,0,12779,102234,0,0,0,0,0,0,0,0,0,0,0,0,0,0,,0,0,,517,10338,0,0,112572,0,12709,58760,85201,0,0,,0,0,0,0,0,28214,15674,23511,0,0,12539,10972,18809,0,7837,0,0,0,15674,23513.0,156742.596,0,1626017,854228,66.36009839,2,3451008.7869677,0,0,0,0,0,0,0,0,0,104142,104142,72895,87238,45559,54524,63783,76333,182237,218095,844824,16448,0,861272,946203,0,0,946203,1081375.0,82079.0,0,1163454.0,270344,0.0,0,270344.0,101379,0,364,101015,135172,7884,0,143056,3379297.0,106411.0,364,3485344.0,918637.7,112572,85201,156742.596,2480245,3753398.842,3451008.7869677,0,104142,35858,3486867,15674,23511,12539,10972,918637.7,3555150.8668332,2834761.192,720389.6745455,10052
2019,35,25,1,1,1,0,1,1,1,1,1,1,1,1,11,24,10,0.0,0.0,0.0,0.0,100.0,0.0,0,,0.0,0,,0.0,0.0,PLAT BAJA,88.5,31,1.9,32,4.5,53,3.5,1.6,BARANG LOGAM,80.7,12,6.1,32,5.2,0,0.0,8.0,2,2,2,5,4,2,3,1,1,1,10,1,3,0,4,1,1,0,14,2,4,0,0,0,738681.0,185016.0,36934.05,9250.8,775615.1,194266.8,0,0,0,0,0,0,0,0,0,0,0,0,0,0,0,0,0,0,0,0,0,0,0,0,0,0,0,0,17264,138109,0,0,0,0,0,0,0,0,0,0,0,0,0,0,,0,0,,422,8442,0,0,146551,0,12801,61376,88995,0,0,,0,0,0,0,0,36879,20489,30733,0,0,16391,14342,24586,0,10244,0,0,0,20489,30733.0,204886.194,0,1846991,370300,60.79618826,2,3660953.3696886,0,0,0,0,0,0,0,0,0,71642,71642,132408,129403,82755,80877,115858,113227,331021,323507,861272,38873,0,900145,946203,46634,36674,956163,1163454.0,0.0,45470,1117984.0,270344,0.0,0,270344.0,101015,0,0,101015,143056,0,0,143056,3485344.0,85507.0,82144,3488707.0,969881.9,146551,88995,204886.194,2217291,3627604.746,3660953.3696886,0,71642,-7514,3653439,20489,30733,16391,14342,969881.9,3732595.0507509,2657722.896,1074872.1543283,10052
2020,35,25,1,1,1,1,1,1,1,1,1,1,1,1,12,24,9,0.0,0.0,0.0,0.0,100.0,0.0,0,,0.0,0,,0.0,0.0,PLAT BAJA,84.0,32,1.2,18,11.4,0,0.0,3.4,BARANG LOGAM,52.5,36,0.7,73,6.2,31,30.3,10.3,2,2,0,5,3,0,4,0,1,0,10,1,3,0,4,1,1,0,14,2,4,0,0,0,703707.0,176256.0,35185.35,8812.8,738892.3,185068.8,0,0,0,0,0,0,0,0,0,0,0,0,0,0,0,0,0,0,0,0,0,0,0,0,0,0,0,0,17123,136984,0,0,0,0,0,0,0,0,0,0,0,0,0,0,,0,0,,592,11841,0,0,148824,0,13501,49021,71080,0,0,,0,0,0,0,0,42511,23617,35426,0,0,18894,16532,28341,0,11809,0,0,0,23617,35425.0,236171.561,0,1196694,788958,70.05802738,2,3347140.7867614,0,0,0,0,0,0,0,0,0,44933,44933,72617,69724,45386,43578,63540,61009,181543,174311,900145,0,0,900145,956163,0,0,956163,1117984.0,0.0,0,1117984.0,270344,27547.0,12412,285479.0,101015,3133,0,104148,143056,1137,0,144193,3488707.0,31817.0,12412,3508112.0,923961.2,148824,71080,236171.561,1985653,3365689.565,3347140.7867614,0,44933,-7232,3339909,23617,35426,18894,16532,923961.2,3392073.7125717,2441728.415,950345.2971866,10052
2021,35,25,1,1,0,1,1,1,1,1,1,1,1,1,11,23,9,0.0,0.0,0.0,0.0,100.0,0.0,0,,0.0,0,,0.0,0.0,PLAT BAJA,89.6,31,6.4,12,1.7,0,0.0,2.3,BARANG LOGAM,75.7,63,4.4,36,12.3,0,0.0,7.6,2,2,2,5,0,3,7,0,0,0,10,1,3,0,4,1,1,0,14,2,4,0,0,0,663808.0,166263.0,33190.4,8313.1,696998.4,174576.1,0,0,0,0,0,0,0,0,0,0,0,0,0,0,0,0,0,0,0,0,0,0,0,0,0,0,0,0,18399,147191,0,0,0,0,0,0,0,0,0,0,0,0,0,0,,0,0,,594,11878,0,0,159068,0,29206,62467,90578,0,0,,0,0,0,0,0,42554,23641,35461,0,0,18913,16549,28369,0,11820,0,0,0,23641,35461.0,236409.204,0,1440833,696677,81.23458694,2,3575197.4700927,0,0,0,0,0,0,0,0,0,160843,160843,86250,102899,53906,64312,75470,90037,215626,257248,900145,0,0,900145,956163,0,0,956163,1117984.0,0.0,3110,1114874.0,285479,17388.0,0,302867.0,104148,0,0,104148,144193,0,0,144193,3508112.0,17388.0,3110,3522390.0,871574.6,159068,90578,236409.204,2137511,3495140.594,3575197.4700927,0,160843,41622,3616819,23641,35461,18913,16549,871574.6,3736040.3036922,2623566.044,1112474.2593434,10052
2018,51,22,1,1,1,1,1,1,1,1,1,1,1,1,12,23,7,0.0,0.0,0.0,0.0,100.0,0.0,0,,0.0,0,,0.0,0.0,BIJIH PLASTIK,56.9,33,14.0,16,6.2,32,16.6,6.3,BARANG PLASTIK,50.4,35,5.4,73,13.1,33,23.7,7.4,2,2,2,4,4,3,2,1,0,1,61,11,15,2,18,3,3,0,79,14,18,2,0,0,2434484.0,523750.0,121724.2,26187.5,2556208.2,549937.5,0,0,0,0,76565,727369,0,0,0,0,0,0,0,0,0,0,0,0,0,0,0,0,0,0,0,0,0,0,0,0,0,0,0,0,0,0,0,0,0,0,0,0,0,0,,0,0,,2001,40026,0,0,767395,0,90832,335031,485796,0,0,,0,0,0,0,0,236981,131656,197484,0,0,105325,92159,157988,0,65828,0,0,0,131656,197486.0,1316562.531,0,7289555,5919507,84.36195145,0,22227294.0031622,13177,1464,14641,0,0,0,0,0,0,396867,396867,473148,481915,295718,301197,414004,421676,1182870,1204788,5241315,563913,0,5805228,5870273,0,0,5870273,6708883.0,785706.0,0,7494589.0,1677221,0.0,0,1677221.0,628958,60670,0,689628,838609,0,0,838609,20965259.0,1410289.0,0,22375548.0,3106145.7,767395,485796,1316562.531,13209062,18884960.479,22227294.0031622,14641,396867,21918,22263853,99999,99999,99999,92159,3106145.7,22638802.8648262,15778814.779,6859988.0855728,10053
2019,51,22,1,1,1,1,1,1,1,1,0,1,1,1,11,24,8,0.0,0.0,0.0,0.0,100.0,0.0,0,,0.0,0,,0.0,0.0,BIJIH PLASTIK,50.8,16,13.5,82,27.2,0,0.0,8.5,BARANG PLASTIK,63.4,53,11.9,33,3.1,73,15.4,6.2,2,2,0,4,3,0,1,0,0,0,68,12,18,2,21,4,3,0,89,16,21,2,0,0,3422794.0,750010.0,171139.7,37500.5,3593933.7,787510.5,0,0,0,0,87933,835361,0,0,0,0,0,0,0,0,0,0,0,0,0,0,0,0,0,0,0,0,0,0,0,0,0,0,0,0,0,0,0,0,0,0,0,0,0,0,,0,0,,3189,63775,0,0,899135,0,117623,483663,701311,0,0,,0,0,0,0,0,259096,143942,215914,0,0,115154,100760,172731,0,71971,0,0,0,143942,215914.0,1439424.035,0,8704146,10826413,72.89456601,0,24874788.3699527,0,0,0,0,0,0,0,0,0,1711305,1711305,884970,918361,553106,573976,774349,803565,2212425,2295902,5805228,0,0,5805228,5870273,0,207954,5662319,7494589.0,176522.0,0,7671111.0,1677221,0.0,0,1677221.0,689628,7791,0,697419,838609,87002,0,925611,22375548.0,271315.0,207954,22438909.0,4381444.2,899135,701311,1439424.035,19530558,26951873.122,24874788.3699527,0,1711305,83477,24958265,99999,99999,99999,99999,4381444.2,26586093.4605435,22570428.922,4015664.5389214,10053
2020,51,22,0,0,1,1,1,0,1,1,1,1,0,1,8,23,11,0.0,0.0,0.0,0.0,100.0,0.0,0,,0.0,0,,0.0,0.0,BIJIH PLASTIK,61.2,12,1.6,11,25.4,35,3.0,8.8,BARANG PLASTIK,47.9,32,6.5,31,25.2,33,12.0,8.4,2,2,2,3,1,2,7,1,0,0,64,12,16,2,19,3,3,0,83,15,19,2,0,0,2661681.0,570574.0,133084.05,28528.7,2794765.1,599102.7,0,0,0,0,83754,795662,0,0,0,0,0,0,0,0,0,0,0,0,0,0,0,0,0,0,0,0,0,0,0,0,0,0,0,0,0,0,0,0,0,0,0,0,0,0,,0,0,,2298,45957,0,0,841619,0,98375,277693,402654,0,0,,0,0,0,0,0,274449,152472,228707,0,0,121977,106730,182966,0,76236,0,0,0,152472,228706.0,1524714.718,0,10071658,2809883,98.0,0,19363439.122793,0,0,0,0,0,0,0,0,0,688983,688983,420991,386046,263119,241279,368367,337791,1052477,965116,5805228,0,0,5805228,5662319,0,0,5662319,7671111.0,0.0,0,7671111.0,1677221,192489.0,0,1869710.0,697419,0,0,697419,925611,0,0,925611,22438909.0,192489.0,0,22631398.0,3393867.8,841619,402654,1524714.718,12881542,19044397.399,19363439.122793,0,688983,-87361,19276078,99999,99999,99999,99999,3393867.8,20052422.2960978,15650529.649,4401892.6469574,10053
2021,51,22,1,1,1,1,1,1,1,1,1,1,1,1,12,22,11,0.0,0.0,0.0,0.0,100.0,0.0,0,,0.0,0,,0.0,0.0,BIJIH PLASTIK,92.4,36,0.8,73,3.1,14,2.7,1.0,BARANG PLASTIK,72.1,71,6.4,31,8.8,36,9.6,3.1,2,2,2,5,2,5,1,0,0,0,71,12,19,2,22,4,3,0,93,16,22,2,0,0,3002296.0,661271.0,150114.8,33063.6,3152410.8,694334.6,0,0,0,0,83321,791550,0,0,0,0,0,0,0,0,0,0,0,0,0,0,0,0,0,0,0,0,0,0,0,0,0,0,0,0,0,0,0,0,0,0,0,0,0,0,,0,0,,3796,75913,0,0,867463,0,116934,459789,666694,0,0,,0,0,0,0,0,155890,86605,129908,0,0,69284,60624,103926,0,43303,0,0,0,86605,129908.0,866053.066,0,8405353,7400668,62.23165494,0,23243956.8493009,0,0,0,0,0,0,0,0,0,1486575,1486575,498332,550968,311457,344355,436040,482097,1245829,1377420,5805228,0,0,5805228,5662319,0,0,5662319,7671111.0,0.0,0,7671111.0,1869710,119692.0,0,1989402.0,697419,0,0,697419,925611,43951,0,969562,22631398.0,163643.0,0,22795041.0,3846745.4,867463,666694,866053.066,15806021,22052976.192,23243956.8493009,0,1486575,131591,23375548,86605,99999,69284,60624,3846745.4,24730531.5838723,18206230.842,6524300.7415672,10053
2022,51,22,1,1,1,1,1,1,1,1,0,1,1,1,11,26,7,0.0,0.0,0.0,0.0,100.0,0.0,0,,0.0,0,,0.0,0.0,BIJIH PLASTIK,69.8,31,3.4,13,11.1,11,10.8,4.9,BARANG PLASTIK,75.5,35,0.0,32,13.5,33,4.4,6.6,2,2,2,1,4,2,3,1,0,1,88,15,23,3,27,5,4,0,115,20,27,3,0,0,3104623.0,690095.0,155231.15,34504.8,3259854.1,724599.8,0,0,0,0,137920,1310236,0,0,0,0,0,0,0,0,0,0,0,0,0,0,0,0,0,0,0,0,0,0,0,0,0,0,0,0,0,0,0,0,0,0,0,0,0,0,,0,0,,6567,131337,0,0,1441574,0,116231,611863,887202,0,0,,0,0,0,0,0,246257,136810,205214,0,0,109448,95767,164172,0,68405,0,0,0,136810,205213.0,1368096.451,0,10541406,9236122,65.66937667,0,30641031.2880199,0,0,0,0,0,0,0,0,0,2746484,2746484,755530,717950,472206,448719,661090,628207,1888826,1794876,5805228,0,0,5805228,5662319,0,0,5662319,7671111.0,0.0,0,7671111.0,1989402,0.0,0,1989402.0,697419,0,0,697419,969562,17915,14595,972882,22795041.0,17915.0,14595,22798361.0,3984453.9,1441574,887202,1368096.451,19777527,27458853.057,30641031.2880199,0,2746484,-93950,30547081,99999,99999,99999,95767,3984453.9,33387515.3275016,23474399.157,9913116.1700923,10053
2018,94,13,1,1,1,1,1,0,1,1,1,0,1,1,10,24,7,0.0,0.0,0.0,0.0,100.0,0.0,0,,0.0,0,,0.0,0.0,BENANG POLYESTER,69.4,32,5.0,32,15.9,11,4.8,4.9,KAIN TENUN,61.7,32,9.3,32,15.5,32,6.5,7.0,2,2,2,2,4,1,8,1,0,1,13,2,5,1,18,4,2,0,31,6,7,1,0,0,1136757.0,246026.0,56837.85,12301.3,1193594.9,258327.3,0,0,0,0,0,0,0,0,0,0,0,0,0,0,0,0,237191,284630,0,0,0,0,0,0,0,0,0,0,0,0,0,0,0,0,0,0,0,0,0,0,0,0,0,0,,0,0,,1172,23441,0,0,308070,0,21464,111973,162361,0,0,,0,0,0,0,0,91366,50759,76138,0,0,40607,35531,60911,0,25379,0,0,0,50759,76138.0,507587.885,0,3075495,3385563,80.64984371,2,10637586.9781734,0,0,0,0,0,0,0,0,0,255510,255510,233151,275967,145720,172480,204007,241471,582878,689918,2352132,0,0,2352132,2634387,0,0,2634387,3010728.0,0.0,0,3010728.0,752682,0.0,0,752682.0,282256,0,0,282256,376341,0,0,376341,9408526.0,0.0,0,9408526.0,1451922.2,308070,162361,507587.885,6461058,8890999.686,10637586.9781734,0,255510,107040,10744627,50759,76138,40607,35531,1451922.2,10893096.9700618,7439077.536,3454019.4343666,10054
2019,94,13,1,1,1,1,1,1,1,1,1,1,1,1,12,20,8,0.0,0.0,0.0,0.0,100.0,0.0,0,,0.0,0,,0.0,0.0,BENANG POLYESTER,69.3,33,5.0,81,14.9,64,5.0,5.8,KAIN TENUN,33.1,35,25.4,14,6.0,35,25.0,10.5,2,2,2,1,5,0,3,0,1,0,15,3,6,1,22,4,3,0,37,7,9,1,0,3,1043325.0,237303.0,52166.25,11865.2,1095491.2,249168.2,0,0,0,0,0,0,0,0,0,0,0,0,0,0,0,0,224677,269613,0,0,0,0,0,0,0,0,0,0,0,0,0,0,0,0,0,0,0,0,0,0,0,0,0,0,,0,0,,1272,25433,0,0,295046,0,37325,181647,263388,0,0,,0,0,0,0,0,114389,63549,95324,0,0,50840,44485,76259,0,31775,0,0,0,63549,95324.0,635493.655,0,5650975,266988,76.15409512,2,10285244.7087703,0,0,0,0,0,0,0,0,0,129590,129590,197237,191001,123273,119376,172582,167126,493092,477503,2352132,275187,0,2627319,2634387,0,0,2634387,3010728.0,47643.0,0,3058371.0,752682,0.0,0,752682.0,282256,0,10665,271591,376341,39970,0,416311,9408526.0,362800.0,10665,9760661.0,1344659.4,295046,263388,635493.655,5917963,8456549.831,10285244.7087703,0,129590,-15589,10269656,63549,95324,50840,44485,1344659.4,10414834.3901846,7111890.431,3302943.959329,10054
2020,94,13,1,1,1,1,1,1,1,1,1,0,1,1,11,25,7,0.0,0.0,0.0,0.0,100.0,0.0,0,,0.0,0,,0.0,0.0,BENANG POLYESTER,73.2,35,8.7,35,8.8,16,6.0,3.3,KAIN TENUN,84.2,72,7.2,35,4.9,14,0.9,2.8,2,2,0,4,2,0,8,1,0,0,12,2,4,1,17,3,2,0,29,5,6,1,0,0,911755.0,187927.0,45587.75,9396.4,957342.8,197323.4,0,0,0,0,0,0,0,0,0,0,0,0,0,0,0,0,289186,347024,0,0,0,0,0,0,0,0,0,0,0,0,0,0,0,0,0,0,0,0,0,0,0,0,0,0,,0,0,,614,12274,0,0,359298,0,40757,122469,177581,0,0,,0,0,0,0,0,71201,39556,59334,0,0,31645,27689,47467,0,19778,0,0,0,39556,59333.0,395559.182,0,4374646,2163617,90.20128713,2,10766382.1837625,0,0,0,0,0,0,0,0,0,171308,171308,409391,431346,255869,269591,358217,377428,1023477,1078365,2627319,20942,0,2648261,2634387,0,0,2634387,3058371.0,0.0,0,3058371.0,752682,0.0,3326,749356.0,271591,13949,0,285540,416311,0,0,416311,9760661.0,34891.0,3326,9792226.0,1154666.1,359298,177581,395559.182,6538263,8625366.466,10766382.1837625,0,171308,54888,10821270,39556,59334,31645,27689,1154666.1,10937690.2432012,7470700.366,3466989.8776275,10054
2021,94,13,1,1,1,1,1,1,1,1,1,1,1,1,12,20,7,0.0,0.0,0.0,0.0,100.0,0.0,0,,0.0,0,,0.0,0.0,BENANG POLYESTER,82.1,34,8.5,62,1.9,31,2.9,4.6,KAIN TENUN,51.1,35,6.5,16,1.2,31,24.0,17.2,2,2,2,5,0,0,3,1,1,1,15,2,5,1,21,4,3,0,36,6,8,1,0,0,1055910.0,226464.0,52795.5,11323.2,1108705.5,237787.2,0,0,0,0,0,0,0,0,0,0,0,0,0,0,0,0,314300,377161,0,0,0,0,0,0,0,0,0,0,0,0,0,0,0,0,0,0,0,0,0,0,0,0,0,0,,0,0,,1869,37376,0,0,414537,0,82881,194371,281838,0,0,,0,0,0,0,0,91576,50876,76314,0,0,40701,35613,61051,0,25438,0,0,0,50876,76313.0,508758.365,0,4408714,1801658,69.73197534,2,11231700.4707103,0,0,0,0,0,0,0,0,0,283204,283204,308907,354695,193067,221684,270293,310359,772267,886738,2648261,66877,0,2715138,2634387,0,0,2634387,3058371.0,0.0,0,3058371.0,749356,12204.0,16587,744973.0,285540,0,0,285540,416311,19960,0,436271,9792226.0,99041.0,16587,9874680.0,1346492.7,414537,281838,508758.365,6210371,8761997.494,11231700.4707103,0,283204,114471,11346171,50876,76314,40701,35613,1346492.7,11514904.4985283,7415504.794,4099399.7048978,10054
2022,94,13,1,1,0,1,1,1,0,1,1,1,1,1,10,21,7,0.0,0.0,0.0,0.0,100.0,0.0,0,,0.0,0,,0.0,0.0,BENANG POLYESTER,59.9,63,11.3,35,10.0,14,13.9,4.9,KAIN TENUN,28.0,14,3.7,35,26.6,72,32.0,9.7,2,2,2,2,0,5,4,1,0,0,14,2,5,1,19,4,3,0,33,6,8,1,0,0,1191985.0,275309.0,59599.25,13765.5,1251584.2,289074.5,0,0,0,0,0,0,0,0,0,0,0,0,0,0,0,0,216835,260202,0,0,0,0,0,0,0,0,0,0,0,0,0,0,0,0,0,0,0,0,0,0,0,0,0,0,,0,0,,571,11428,0,0,271630,0,37802,209761,304153,0,0,,0,0,0,0,0,100714,55952,83928,0,0,44762,39166,67142,0,27976,0,0,0,55952,83928.0,559520.477,0,3984408,2941423,57.78811721,2,10541559.3602026,0,0,0,0,0,0,0,0,0,921278,921278,282553,278544,176596,174090,247233,243725,706382,696359,2715138,40358,0,2755496,2634387,0,0,2634387,3058371.0,0.0,0,3058371.0,744973,40596.0,0,785569.0,285540,0,0,285540,436271,43125,0,479396,9874680.0,124079.0,0,9998759.0,1540658.7,271630,304153,559520.477,6925831,9601793.845,10541559.3602026,0,921278,-10023,10531536,55952,83928,44762,39166,1540658.7,11462837.5963985,8061135.145,3401702.4509876,10054
2018,14,29,1,1,1,1,1,1,1,1,1,1,1,0,11,23,8,0.0,0.0,0.0,0.0,100.0,0.0,0,,0.0,0,,0.0,0.0,KOMPONEN OTOMOTIF,91.4,35,3.1,35,1.3,32,3.2,1.0,KENDARAAN BERMOTOR,62.7,35,14.2,18,17.2,0,0.0,5.9,0,2,2,5,3,3,4,0,1,0,83,14,22,3,31,6,4,0,114,20,26,3,0,0,6485409.0,1403938.0,324270.45,70196.9,6809679.5,1474134.9,0,0,0,0,0,0,0,0,0,0,0,0,0,0,0,0,0,0,0,0,0,0,0,0,0,0,0,0,134519,1076155,0,0,0,0,0,0,0,0,0,0,0,0,0,0,,0,0,,3894,77871,0,0,1154026,0,114221,553979,803269,0,0,,0,0,0,0,0,232792,129329,193993,0,0,103463,90530,155195,0,64664,0,0,0,129329,193994.0,1293288.56,0,12969876,5201222,60.42847156,0,30733703.4448695,623816,69313,693129,0,0,0,0,0,0,0,0,895970,892090,559981,557556,783973,780578,2239924,2230224,10590497,0,0,10590497,11861357,0,0,11861357,13555836.0,0.0,0,13555836.0,3388959,0.0,134190,3254769.0,1270860,0,0,1270860,1694480,189745,0,1884225,42361989.0,189745.0,134190,42417544.0,8283814.4,1154026,803269,1293288.56,18171098,29705496.271,30733703.4448695,693129,0,-9700,31417133,99999,99999,99999,90530,8283814.4,31426832.5758794,21421681.921,10005150.654634,10055
2019,14,29,1,1,1,1,1,1,1,1,1,0,1,1,11,25,8,0.0,0.0,0.0,0.0,100.0,0.0,0,,0.0,0,,0.0,0.0,KOMPONEN OTOMOTIF,59.7,35,14.4,71,5.8,32,11.0,9.1,KENDARAAN BERMOTOR,64.6,32,8.3,64,5.6,36,11.3,10.2,2,2,2,1,1,4,7,1,0,0,72,13,19,3,28,5,4,0,100,18,23,3,0,0,5964689.0,1314648.0,298234.45,65732.4,6262923.5,1380380.4,0,0,0,0,0,0,0,0,0,0,0,0,0,0,0,0,0,0,0,0,0,0,0,0,0,0,0,0,111613,892908,0,0,0,0,0,0,0,0,0,0,0,0,0,0,,0,0,,4266,85315,0,0,978223,0,167263,581518,843201,0,0,,0,0,0,0,0,301781,167656,251484,0,0,134125,117359,201187,0,83828,0,0,0,167656,251486.0,1676562.398,0,12829922,5598352,50.96585776,0,29414614.7625038,0,0,0,0,0,0,0,0,0,1482602,1482602,815262,931756,509538,582348,713354,815287,2038154,2329391,10590497,221641,0,10812138,11861357,0,0,11861357,13555836.0,0.0,0,13555836.0,3254769,0.0,0,3254769.0,1270860,14664,0,1285524,1884225,60850,0,1945075,42417544.0,297155.0,0,42714699.0,7643303.9,978223,843201,1676562.398,18428274,29569565.459,29414614.7625038,0,1482602,291237,29705852,99999,99999,99999,99999,7643303.9,30897216.4610727,21926261.609,8970954.852434,10055
2020,14,29,1,1,1,1,1,0,1,1,1,1,1,1,11,23,9,0.0,0.0,0.0,0.0,100.0,0.0,0,,0.0,0,,0.0,0.0,KOMPONEN OTOMOTIF,100.0,0,0.0,0,0.0,0,0.0,0.0,KENDARAAN BERMOTOR,30.1,12,0.4,12,22.6,21,29.5,17.4,2,2,2,3,4,0,5,0,1,1,69,12,18,2,26,5,4,0,95,17,22,2,0,0,5367347.0,1150522.0,268367.35,57526.1,5635714.4,1208048.1,0,0,0,0,0,0,0,0,0,0,0,0,0,0,0,0,0,0,0,0,0,0,0,0,0,0,0,0,108733,869866,0,0,0,0,0,0,0,0,0,0,0,0,0,0,,0,0,,4139,82790,0,0,952656,0,212352,471068,683049,0,0,,0,0,0,0,0,218002,121112,181669,0,0,96890,84779,145335,0,60556,0,0,0,121112,181669.0,1211123.89,0,11539345,5888503,80.95299397,0,27528962.5886133,0,0,0,0,0,0,0,0,0,938813,938813,461560,498645,288475,311653,403864,436315,1153899,1246613,10812138,0,0,10812138,11861357,62333,0,11923690,13555836.0,0.0,0,13555836.0,3254769,0.0,0,3254769.0,1285524,0,0,1285524,1945075,0,0,1945075,42714699.0,62333.0,0,42777032.0,6843762.5,952656,683049,1211123.89,17427848,27118439.644,27528962.5886133,0,938813,92714,27621677,99999,99999,96890,84779,6843762.5,28467775.5515994,20274677.194,8193098.3573727,10055
2022,71,30,1,1,1,1,1,1,1,1,1,1,1,1,12,26,7,0.0,0.0,0.0,0.0,100.0,0.0,0,,0.0,0,,0.0,0.0,PLAT ALUMINIUM,62.6,32,5.1,35,11.8,13,15.7,4.8,ALAT ANGKUTAN,66.9,31,2.0,32,12.6,91,13.2,5.3,2,2,2,1,3,5,2,1,0,0,29,5,7,1,7,1,1,0,36,6,8,1,0,1,2089830.0,448211.0,104491.5,22410.6,2194321.5,470621.6,0,0,0,0,0,0,0,0,0,0,0,0,0,0,0,0,0,0,0,0,0,0,0,0,0,0,0,0,30628,245028,0,0,0,0,0,0,0,0,0,0,0,0,0,0,,0,0,,936,18714,0,0,263742,0,29129,117124,169830,0,0,,0,0,0,0,0,70158,38977,58465,0,0,31181,27284,46772,0,19488,0,0,0,38977,58465.0,389767.121,0,2928595,2104113,78.35297272,2,7639596.1018161,27301,3033,30334,0,0,0,0,0,0,642640,642640,215715,212778,134822,132986,188750,186180,539287,531944,2262513,0,0,2262513,2534015,200968,80956,2654027,2896017.0,96372.0,0,2992389.0,724004,48996.0,0,773000.0,271502,0,0,271502,362001,0,6613,355388,9050052.0,346336.0,87569,9308819.0,2664943.0,263742,169830,389767.121,5032708,8520989.753,7639596.1018161,30334,642640,-7343,7662587,38977,58465,31181,27284,2664943.0,8312570.3874024,5856046.703,2456523.6848421,10056
2018,33,31,1,0,1,1,1,1,1,1,1,1,1,0,10,25,7,0.0,0.0,0.0,0.0,100.0,0.0,0,,0.0,0,,0.0,0.0,KAYU OLAHAN,67.5,35,10.0,61,13.9,94,3.7,4.9,FURNITUR,67.4,18,5.0,35,9.6,32,13.6,4.4,2,2,2,3,3,4,7,0,0,1,22,4,7,1,16,3,2,0,38,7,9,1,0,3,1227666.0,273027.0,61383.3,13651.4,1289049.3,286678.4,0,0,0,0,0,0,0,0,0,0,0,0,0,0,0,0,0,0,0,0,0,0,0,0,0,0,0,0,0,0,0,0,0,0,0,0,0,0,0,0,154639,123711,0,0,,0,0,,421,8414,0,0,132125,0,10284,44725,64851,0,0,,0,0,0,0,0,96277,53487,80231,0,0,42790,37441,64185,0,26744,0,0,0,53487,80231.0,534873.343,0,4043158,82513,72.65601625,2,6994349.447993,0,0,0,0,0,0,0,0,0,118961,118961,163153,149594,101971,93496,142759,130894,407883,373984,882816,0,0,882816,988754,0,0,988754,1130004.0,0.0,0,1130004.0,282501,12342.0,0,294843.0,105938,0,0,105938,141251,14890,0,156141,3531264.0,27232.0,0,3558496.0,1575727.7,132125,64851,534873.343,4125672,6433248.999,6994349.447993,0,118961,-33899,6960450,53487,80231,42790,37441,1575727.7,7113310.5346856,4857521.349,2255789.1857787,10057
2019,33,31,1,0,1,1,1,0,1,1,1,1,1,1,10,23,8,0.0,0.0,0.0,0.0,100.0,0.0,0,,0.0,0,,0.0,0.0,KAYU OLAHAN,73.5,35,19.6,0,0.0,0,0.0,6.9,FURNITUR,87.1,36,3.8,31,3.3,11,4.4,1.4,2,2,2,4,0,2,4,0,0,0,23,4,7,1,17,3,2,0,40,7,9,1,0,0,1162773.0,247593.0,58138.65,12379.7,1220911.7,259972.7,0,0,0,0,0,0,0,0,0,0,0,0,0,0,0,0,0,0,0,0,0,0,0,0,0,0,0,0,0,0,0,0,0,0,0,0,0,0,0,0,200048,160038,0,0,,0,0,,626,12522,0,0,172560,0,17439,92898,134703,0,0,,0,0,0,0,0,92838,51576,77365,0,0,41261,36103,61892,0,25788,0,0,0,51576,77365.0,515764.15,0,3455224,1097187,82.41452247,2,7866375.9969018,0,0,0,0,0,0,0,0,0,592733,592733,333613,305739,208508,191087,291912,267522,834033,764348,882816,0,0,882816,988754,17215,0,1005969,1130004.0,0.0,0,1130004.0,294843,2259.0,0,297102.0,105938,0,0,105938,156141,0,0,156141,3558496.0,19474.0,0,3577970.0,1480884.3,172560,134703,515764.15,4552411,6856322.449,7866375.9969018,0,592733,-69685,7796691,51576,77365,41261,36103,1480884.3,8459108.8111353,5375438.149,3083670.6619537,10057
2020,33,31,1,1,1,1,1,1,1,1,1,0,1,0,10,21,8,0.0,0.0,0.0,0.0,100.0,0.0,0,,0.0,0,,0.0,0.0,KAYU OLAHAN,91.8,15,0.3,19,3.2,52,3.2,1.5,FURNITUR,61.2,91,1.0,63,27.6,0,0.0,10.2,0,2,2,3,4,3,3,1,1,0,15,2,4,1,11,2,2,0,26,4,6,1,0,0,736371.0,172008.0,36818.55,8600.4,773189.6,180608.4,0,0,0,0,0,0,0,0,0,0,0,0,0,0,0,0,0,0,0,0,0,0,0,0,0,0,0,0,0,0,0,0,0,0,0,0,0,0,0,0,178556,142845,0,0,,0,0,,585,11707,0,0,154552,0,6334,34082,49419,0,0,,0,0,0,0,0,77338,42966,64448,0,0,34372,30076,51559,0,21483,0,0,0,42966,64447.0,429654.754,0,2795563,712052,78.44273235,2,6066897.8972303,78758,8751,87509,0,0,0,0,0,0,88185,88185,130390,135450,81494,84656,114091,118520,325975,338626,882816,35617,0,918433,1005969,0,0,1005969,1130004.0,118298.0,0,1248302.0,297102,0.0,0,297102.0,105938,0,1433,104505,156141,11327,0,167468,3577970.0,165242.0,1433,3741779.0,953798.0,154552,49419,429654.754,3507615,5095039.637,6066897.8972303,87509,88185,12651,6167058,42966,64448,34372,30076,953798.0,6242592.3297453,4141241.687,2101350.6423036,10057
2021,33,31,1,1,0,1,1,1,1,1,0,1,1,0,9,22,10,0.0,0.0,0.0,0.0,100.0,0.0,0,,0.0,0,,0.0,0.0,KAYU OLAHAN,50.5,36,23.9,32,2.7,0,0.0,22.9,FURNITUR,42.4,32,24.0,32,25.3,13,0.1,8.2,2,0,0,4,3,0,2,0,1,1,19,3,6,1,14,3,2,0,33,6,8,1,0,0,1144744.0,264398.0,57237.2,13219.9,1201981.2,277617.9,0,0,0,0,0,0,0,0,0,0,0,0,0,0,0,0,0,0,0,0,0,0,0,0,0,0,0,0,0,0,0,0,0,0,0,0,0,0,0,0,197007,157605,0,0,,0,0,,502,10032,0,0,167637,0,20481,75814,109930,0,0,,0,0,0,0,0,71245,39580,59371,0,0,31664,27706,47496,0,19790,0,0,0,39580,59372.0,395803.624,0,1464083,1808959,69.68615026,2,5820995.6965734,0,0,0,0,0,0,0,0,0,95998,95998,206341,202127,128963,126329,180549,176861,515853,505317,918433,87299,0,1005732,1005969,0,0,1005969,1248302.0,0.0,0,1248302.0,297102,0.0,0,297102.0,104505,6955,0,111460,167468,0,0,167468,3741779.0,94254.0,0,3836033.0,1479599.1,167637,109930,395803.624,3273042,5426011.49,5820995.6965734,0,95998,-10536,5810460,39580,59371,31664,27706,1479599.1,5916994.0102288,3946412.39,1970581.6200252,10057
2022,33,31,1,1,1,1,1,0,1,1,1,0,0,1,9,21,9,0.0,0.0,0.0,0.0,100.0,0.0,0,,0.0,0,,0.0,0.0,KAYU OLAHAN,69.2,36,9.5,36,10.2,32,7.2,3.9,FURNITUR,100.0,0,0.0,0,0.0,0,0.0,0.0,2,2,2,2,3,5,1,0,1,1,16,3,4,1,13,2,2,0,29,5,6,1,0,0,911356.0,187845.0,45567.8,9392.2,956923.8,197237.2,0,0,0,0,0,0,0,0,0,0,0,0,0,0,0,0,0,0,0,0,0,0,0,0,0,0,0,0,0,0,0,0,0,0,0,0,0,0,0,0,152403,121922,0,0,,0,0,,350,7008,0,0,128930,0,21557,64092,92933,0,0,,0,0,0,0,0,84472,46929,70393,0,0,37543,32850,56315,0,23464,0,0,0,46929,70393.0,469287.9,0,2182092,1928622,87.70198391,2,6142941.9852753,28861,3207,32068,0,0,0,0,0,0,520319,520319,241338,254556,150836,159098,211171,222736,603345,636390,1005732,0,0,1005732,1005969,0,0,1005969,1248302.0,0.0,25635,1222667.0,297102,0.0,0,297102.0,111460,6549,0,118009,167468,11612,0,179080,3836033.0,18161.0,25635,3828559.0,1154161.1,128930,92933,469287.9,4110713,5956025.123,6142941.9852753,32068,520319,33045,6208055,46929,70393,37543,32850,1154161.1,6695329.0460615,4801864.073,1893464.9732307,10057
2018,32,23,1,1,1,1,1,1,1,1,1,0,1,1,11,25,7,0.0,0.0,0.0,0.0,100.0,0.0,0,,0.0,0,,0.0,0.0,PASIR SILIKA & SEMEN,31.1,33,24.6,15,6.2,16,29.3,8.8,SEMEN & KERAMIK,45.7,35,16.6,36,20.7,35,8.0,9.0,2,2,2,5,4,4,2,1,0,0,10,2,3,0,5,1,1,0,15,3,4,0,0,0,489825.0,109061.0,24491.25,5453.1,514316.2,114514.1,0,0,0,0,0,0,0,0,0,0,0,0,0,0,0,0,148825,178590,0,0,0,0,0,0,0,0,0,0,0,0,0,0,0,0,0,0,0,0,0,0,0,0,0,0,,0,0,,454,9087,0,0,187677,0,16839,85965,124650,0,0,,0,0,0,0,0,22055,12253,18379,0,0,9802,8577,14703,0,6126,0,0,0,12253,18379.0,122526.945,2,1842513,0,42.89618795,2,2939282.6242646,39090,4343,43434,0,0,0,0,0,0,221797,221797,78072,77230,48795,48268,68314,67576,195181,193074,1149987,0,0,1149987,1287985,104583,0,1392568,1471983.0,0.0,0,1471983.0,367996,4208.0,0,372204.0,137998,16523,0,154521,183998,9540,7104,186434,4599947.0,134854.0,7104,4727697.0,628830.3,187677,124650,122526.945,1842513,2906196.675,2939282.6242646,43434,221797,-2107,2980609,12253,18379,9802,8577,628830.3,3204512.7479104,2277366.375,927146.3731907,10058
2019,32,23,1,1,1,1,1,1,1,1,1,1,1,1,12,24,10,0.0,0.0,0.0,0.0,100.0,0.0,0,,0.0,0,,0.0,0.0,PASIR SILIKA & SEMEN,60.4,65,14.2,31,18.5,0,0.0,6.9,SEMEN & KERAMIK,62.2,35,18.4,0,0.0,0,0.0,19.4,2,2,2,4,2,3,6,1,1,1,12,2,4,0,6,1,1,0,18,3,5,0,0,0,699922.0,166902.0,34996.1,8345.1,734918.1,175247.1,0,0,0,0,0,0,0,0,0,0,0,0,0,0,0,0,172267,206721,0,0,0,0,0,0,0,0,0,0,0,0,0,0,0,0,0,0,0,0,0,0,0,0,0,0,,0,0,,639,12778,0,0,219499,0,20712,105338,152741,0,0,,0,0,0,0,0,22129,12294,18441,0,0,9835,8606,14753,0,6147,0,0,0,12294,18442.0,122940.924,2,2294460,0,76.96705936,2,4133278.6082288,0,0,0,0,0,0,0,0,0,82073,82073,142204,128736,88878,80460,124429,112644,355511,321840,1149987,134836,0,1284823,1392568,165832,0,1558400,1471983.0,0.0,0,1471983.0,372204,0.0,0,372204.0,154521,12187,0,166708,186434,4001,0,190435,4727697.0,316856.0,0,5044553.0,910165.2,219499,152741,122940.924,2294460,3699806.323,4133278.6082288,0,82073,-33671,4099608,12294,18441,9835,8606,910165.2,4215351.9370474,2789641.123,1425710.8140981,10058
2020,32,23,1,1,1,1,1,1,1,1,1,1,1,1,12,23,7,0.0,0.0,0.0,0.0,100.0,0.0,0,,0.0,0,,0.0,0.0,PASIR SILIKA & SEMEN,68.6,15,3.2,31,10.0,35,13.5,4.7,SEMEN & KERAMIK,29.0,14,38.8,15,20.4,0,0.0,11.8,2,2,2,4,0,1,3,0,1,1,9,1,3,0,5,1,1,0,14,2,4,0,0,0,518180.0,129788.0,25909.0,6489.4,544089.0,136277.4,0,0,0,0,0,0,0,0,0,0,0,0,0,0,0,0,142743,171291,0,0,0,0,0,0,0,0,0,0,0,0,0,0,0,0,0,0,0,0,0,0,0,0,0,0,,0,0,,541,10817,0,0,182108,0,23939,86824,125895,0,0,,0,0,0,0,0,35484,19713,29570,0,0,15771,13799,23656,0,9857,0,0,0,19713,29570.0,197133.357,2,1708573,0,76.44302081,2,3025107.8853969,0,0,0,0,0,0,0,0,0,123858,123858,117544,125160,73465,78225,102852,109515,293861,312900,1284823,0,0,1284823,1558400,81452,0,1639852,1471983.0,0.0,0,1471983.0,372204,39377.0,0,411581.0,166708,3548,0,170256,190435,8044,0,198479,5044553.0,132421.0,0,5176974.0,680366.4,182108,125895,197133.357,1708573,2894075.562,3025107.8853969,0,123858,19039,3044147,19713,29570,15771,13799,680366.4,3148965.8411838,2213709.162,935256.6794755,10058
2021,32,23,1,1,0,1,1,0,1,1,1,1,1,1,10,21,7,0.0,0.0,0.0,0.0,100.0,0.0,0,,0.0,0,,0.0,0.0,PASIR SILIKA & SEMEN,81.6,34,0.8,14,13.1,0,0.0,4.5,SEMEN & KERAMIK,57.8,13,0.1,33,25.4,63,5.7,11.0,2,2,2,3,3,1,0,1,1,0,11,2,3,0,6,1,1,0,17,3,4,0,0,0,589374.0,118111.0,29468.7,5905.6,618842.7,124016.6,0,0,0,0,0,0,0,0,0,0,0,0,0,0,0,0,174928,209914,0,0,0,0,0,0,0,0,0,0,0,0,0,0,0,0,0,0,0,0,0,0,0,0,0,0,,0,0,,1053,21068,0,0,230983,0,14749,86905,126012,0,0,,0,0,0,0,0,30643,17024,25536,0,0,13619,11917,20429,0,8512,0,0,0,17024,25534.0,170237.639,2,2352282,0,72.57767624,2,3739057.3690933,0,0,0,0,0,0,0,0,0,78692,78692,136552,139776,85345,87360,119484,122305,341381,349441,1284823,0,0,1284823,1639852,0,0,1639852,1471983.0,0.0,0,1471983.0,411581,3642.0,4219,411004.0,170256,16037,0,186293,198479,14803,2539,210743,5176974.0,34482.0,6758,5204698.0,742859.3,230983,126012,170237.639,2352282,3622373.106,3739057.3690933,0,78692,8060,3747117,17024,25536,13619,11917,742859.3,3817749.6488099,2879513.856,938235.7930655,10058
2022,32,23,1,1,0,1,1,0,1,1,1,1,1,1,10,21,7,0.0,0.0,0.0,0.0,100.0,0.0,0,,0.0,0,,0.0,0.0,PASIR SILIKA & SEMEN,65.7,36,0.3,74,21.1,35,4.3,8.6,SEMEN & KERAMIK,43.6,17,16.2,0,0.0,0,0.0,40.2,2,2,2,1,2,1,8,0,1,1,12,2,3,0,6,1,1,0,18,3,4,0,0,0,588026.0,112232.0,29401.3,5611.6,617427.3,117843.6,0,0,0,0,0,0,0,0,0,0,0,0,0,0,0,0,212013,254415,0,0,0,0,0,0,0,0,0,0,0,0,0,0,0,0,0,0,0,0,0,0,0,0,0,0,,0,0,,605,12093,0,0,266509,0,32490,123454,179009,0,0,,0,0,0,0,0,46281,25711,38567,0,0,20569,17998,30854,0,12856,0,0,0,25711,38567.0,257113.788,2,2410301,0,61.19484523,2,3807943.132452,0,0,0,0,0,0,0,0,0,407142,407142,133010,133858,83132,83661,116384,117126,332526,334645,1284823,11449,0,1296272,1639852,0,0,1639852,1471983.0,0.0,0,1471983.0,411004,5942.0,0,416946.0,186293,0,7279,179014,210743,0,10224,200519,5204698.0,17391.0,17503,5204586.0,735270.9,266509,179009,257113.788,2410301,3848202.754,3807943.132452,0,407142,2119,3810062,25711,38567,20569,17998,735270.9,4215085.425476,3112931.854,1102153.5715057,10058
2018,32,11,1,1,1,1,1,1,1,1,1,1,1,1,12,25,8,0.0,0.0,0.0,0.0,100.0,0.0,0,,0.0,0,,0.0,0.0,GULA & KONSENTRAT,26.0,64,22.3,14,19.1,94,13.7,18.9,MINUMAN KEMASAN,40.1,35,16.6,13,11.8,64,24.0,7.5,2,2,2,4,4,2,2,0,1,0,13,2,4,1,10,2,1,0,23,4,5,1,0,0,1169410.0,260206.0,58470.5,13010.3,1227880.5,273216.3,0,0,0,0,0,0,0,0,0,0,0,0,0,0,0,0,0,0,0,0,0,0,0,0,0,0,0,0,26156,209250,0,0,0,0,0,0,0,0,0,0,0,0,0,0,,0,0,,945,18905,0,0,228155,0,50489,132549,192196,0,0,,0,0,0,0,0,74062,41146,61719,0,0,32917,28802,49375,0,20573,0,0,0,41146,61718.0,411457.641,2,4279988,0,76.44734293,2,6678399.0163433,0,0,0,0,0,0,0,0,0,482866,482866,256481,231471,160301,144669,224421,202537,641203,578677,1339757,0,0,1339757,1500528,1019,0,1501547,1714889.0,0.0,51371,1663518.0,428722,49575.0,6019,472278.0,160771,2391,0,163162,214362,0,9056,205306,5359029.0,52985.0,66446,5345568.0,1501096.8,228155,192196,411457.641,4279988,6612893.328,6678399.0163433,0,482866,-62526,6615873,41146,61719,32917,28802,1501096.8,7161264.532813,5111796.528,2049468.0046388,10059
2019,32,11,1,1,1,1,1,1,1,1,1,1,0,1,11,23,7,0.0,0.0,0.0,0.0,100.0,0.0,0,,0.0,0,,0.0,0.0,GULA & KONSENTRAT,100.0,0,0.0,0,0.0,0,0.0,0.0,MINUMAN KEMASAN,75.4,12,7.0,94,2.4,33,9.2,6.0,2,2,2,1,4,4,6,1,0,0,14,2,4,1,11,2,1,0,25,4,5,1,0,0,1314141.0,272251.0,65707.05,13612.6,1379848.1,285863.5,0,0,0,0,0,0,0,0,0,0,0,0,0,0,0,0,0,0,0,0,0,0,0,0,0,0,0,0,25018,200145,0,0,0,0,0,0,0,0,0,0,0,0,0,0,,0,0,,1029,20573,0,0,220718,0,21787,102705,148922,0,0,,0,0,0,0,0,42606,23670,35505,0,0,18936,16569,28404,0,11835,0,0,0,23670,35506.0,236701.071,2,3224040,0,77.08186435,2,6190071.884771,0,0,0,0,0,0,0,0,0,572377,572377,198288,215778,123930,134861,173503,188805,495721,539444,1339757,0,0,1339757,1501547,0,0,1501547,1663518.0,29532.0,31086,1661964.0,472278,0.0,843,471435.0,163162,1425,4274,160313,205306,0,0,205306,5345568.0,30957.0,36203,5340322.0,1665711.6,220718,148922,236701.071,3224040,5496092.893,6190071.884771,0,572377,43723,6233795,23670,35505,18936,16569,1665711.6,6762449.3407793,3830381.293,2932068.0481663,10059
2020,32,11,1,1,1,0,1,0,1,1,0,1,1,1,9,22,7,0.0,0.0,0.0,0.0,100.0,0.0,0,,0.0,0,,0.0,0.0,GULA & KONSENTRAT,51.5,12,11.7,19,19.6,73,2.6,14.6,MINUMAN KEMASAN,54.3,12,23.9,73,6.4,33,6.2,9.2,2,2,2,3,4,2,0,1,1,1,10,2,4,0,8,1,1,0,18,3,5,0,0,0,883510.0,210680.0,44175.5,10534.0,927685.5,221214.0,0,0,0,0,0,0,0,0,0,0,0,0,0,0,0,0,0,0,0,0,0,0,0,0,0,0,0,0,21676,173408,0,0,0,0,0,0,0,0,0,0,0,0,0,0,,0,0,,550,10994,0,0,184402,0,46044,97720,141694,0,0,,0,0,0,0,0,67275,37375,56063,0,0,29900,26163,44850,0,18688,0,0,0,37375,56062.0,373751.294,2,3230404,0,91.87187969,2,6006213.7469207,0,0,0,0,0,0,0,0,0,243219,243219,115191,117874,71994,73671,100793,103140,287978,294685,1339757,0,0,1339757,1501547,82658,0,1584205,1661964.0,180913.0,70634,1772243.0,471435,20819.0,0,492254.0,160313,16773,0,177086,205306,19338,0,224644,5340322.0,320501.0,70634,5590189.0,1148899.5,184402,141694,373751.294,3230404,5079150.771,6006213.7469207,0,243219,6707,6012921,37375,56063,29900,26163,1148899.5,6249432.7279362,3930251.271,2319181.4567629,10059
2021,32,11,1,1,1,1,1,0,1,1,1,1,1,1,11,23,7,0.0,0.0,0.0,0.0,100.0,0.0,0,,0.0,0,,0.0,0.0,GULA & KONSENTRAT,76.1,34,3.7,35,2.8,36,13.2,4.2,MINUMAN KEMASAN,34.2,76,21.1,35,30.8,0,0.0,13.9,2,2,2,1,0,2,3,0,1,0,12,2,4,1,9,2,1,0,21,4,5,1,0,0,823480.0,197885.0,41174.0,9894.2,864654.0,207779.2,0,0,0,0,0,0,0,0,0,0,0,0,0,0,0,0,0,0,0,0,0,0,0,0,0,0,0,0,26041,208332,0,0,0,0,0,0,0,0,0,0,0,0,0,0,,0,0,,799,15988,0,0,224320,0,48444,109163,158286,0,0,,0,0,0,0,0,96558,53643,80465,0,0,42915,37550,64372,0,26822,0,0,0,53643,80466.0,536434.421,2,3420473,0,80.28219725,2,6808943.8361088,0,0,0,0,0,0,0,0,0,87774,87774,133673,147454,83546,92158,116963,129022,334182,368634,1339757,0,57973,1281784,1584205,3200,0,1587405,1772243.0,183228.0,0,1955471.0,492254,10591.0,0,502845.0,177086,0,6356,170730,224644,24438,0,249082,5590189.0,221457.0,64329,5747317.0,1072433.2,224320,158286,536434.421,3420473,5411946.067,6808943.8361088,0,87774,34452,6843396,53643,80465,42915,37550,1072433.2,6896717.9092111,4339512.817,2557205.0922933,10059
2022,32,11,0,1,1,1,1,1,1,1,1,1,0,1,10,24,7,0.0,0.0,0.0,0.0,100.0,0.0,0,,0.0,0,,0.0,0.0,GULA & KONSENTRAT,63.1,63,14.8,35,6.9,19,9.9,5.3,MINUMAN KEMASAN,60.7,12,16.8,71,9.6,0,0.0,12.9,2,2,2,4,3,4,0,1,1,0,15,3,4,1,11,2,2,0,26,5,6,1,0,0,1124584.0,254219.0,56229.2,12711.0,1180813.2,266930.0,0,0,0,0,0,0,0,0,0,0,0,0,0,0,0,0,0,0,0,0,0,0,0,0,0,0,0,0,31563,252504,0,0,0,0,0,0,0,0,0,0,0,0,0,0,,0,0,,1151,23029,0,0,275533,0,48210,121549,176247,0,0,,0,0,0,0,0,96916,53842,80763,0,0,43074,37689,64610,0,26921,0,0,0,53842,80763.0,538420.262,2,5206782,0,74.0621016,2,7885735.6304544,0,0,0,0,0,0,0,0,0,757259,757259,109014,112620,68134,70388,95388,98542,272536,281550,1281784,0,47887,1233897,1587405,0,0,1587405,1955471.0,0.0,0,1955471.0,502845,0.0,7672,495173.0,170730,57,0,170787,249082,0,2383,246699,5747317.0,57.0,57942,5689432.0,1447743.1,275533,176247,538420.262,5206782,7644724.561,7885735.6304544,0,757259,9014,7894750,53842,80763,43074,37689,1447743.1,8642994.1895517,6196981.411,2446012.7781798,10059
2022,35,25,1,1,1,1,1,1,1,1,1,0,1,1,11,22,7,0.0,0.0,0.0,0.0,100.0,0.0,0,,0.0,0,,0.0,0.0,PLAT BAJA,54.4,21,21.5,33,14.5,0,0.0,9.6,BARANG LOGAM,60.1,31,2.8,31,20.1,64,10.5,6.5,2,2,2,5,4,1,7,1,1,1,38,6,11,1,15,3,2,0,53,9,13,1,0,0,2454055.0,554448.0,122702.75,27722.4,2576757.8,582170.4,0,0,0,0,0,0,0,0,0,0,0,0,0,0,0,0,0,0,0,0,0,0,0,0,0,0,0,0,32470,259759,0,0,0,0,0,0,0,0,0,0,0,0,0,0,,0,0,,904,18085,0,0,277844,0,31214,161982,234874,0,0,,0,0,0,0,0,81474,45263,67895,0,0,36211,31684,54316,0,22632,0,0,0,45263,67895.0,452633.441,2,5207116,0,64.02265963,2,8029313.9618583,74226,8247,82473,0,0,0,0,0,0,119409,119409,231059,210848,144412,131780,202176,184493,577647,527121,2299609,0,0,2299609,2575562,0,41958,2533604,2943499.0,167239.0,0,3110738.0,735875,0.0,0,735875.0,275953,0,0,275953,367937,22380,0,390317,9198435.0,189619.0,41958,9346096.0,3158928.1,277844,234874,452633.441,5207116,9331395.727,8029313.9618583,82473,119409,-50526,8061261,45263,67895,36211,31684,3158928.1,8231195.8637641,6172467.577,2058728.286634,10060
2018,14,12,1,1,1,1,1,1,1,1,1,1,1,1,12,27,10,0.0,0.0,0.0,0.0,100.0,0.0,0,,0.0,0,,0.0,0.0,DAUN TEMBAKAU,85.1,15,4.7,35,2.9,32,5.4,1.9,ROKOK,48.3,72,20.6,63,5.7,31,15.9,9.5,2,2,2,5,0,3,0,0,0,0,100,18,29,3,68,12,10,1,168,30,39,4,0,0,7277746.0,1580808.0,363887.3,79040.4,7641633.3,1659848.4,0,0,0,0,0,0,0,0,0,0,0,0,0,0,0,0,0,0,0,0,0,0,0,0,0,0,0,0,0,0,0,0,0,0,0,0,53020,636245,0,0,0,0,0,0,,0,0,,2296,45925,0,0,682170,0,49211,237844,344873,0,0,,0,0,0,0,0,267661,148701,223051,0,0,118961,104090,178441,0,74350,0,0,0,148701,223051.0,1487006.663,2,20772176,0,84.69130057,2,35179512.7264927,0,0,0,0,0,0,0,0,0,2273041,2273041,1349956,1479974,843722,924984,1181211,1294977,3374889,3699935,5521246,638596,226526,5933316,6183795,0,0,6183795,7067194.0,818359.0,0,7885553.0,1766799,0.0,0,1766799.0,662549,0,0,662549,883399,0,0,883399,22084982.0,1456955.0,226526,23315411.0,9301481.7,682170,344873,1487006.663,20772176,32587708.032,35179512.7264927,0,2273041,325046,35504559,99999,99999,99999,99999,9301481.7,37452554.0595767,23286226.332,14166327.7274227,10061
2019,14,12,1,1,1,0,1,1,1,1,1,1,1,1,11,20,7,0.0,0.0,0.0,0.0,100.0,0.0,0,,0.0,0,,0.0,0.0,DAUN TEMBAKAU,63.6,33,2.6,31,3.6,13,23.2,7.0,ROKOK,58.7,12,24.3,16,1.8,0,0.0,15.2,2,2,2,2,1,3,7,1,1,1,93,17,28,3,64,11,9,1,157,28,37,4,0,0,8297879.0,1839338.0,414893.95,91966.9,8712773.0,1931304.9,0,0,0,0,0,0,0,0,0,0,0,0,0,0,0,0,0,0,0,0,0,0,0,0,0,0,0,0,0,0,0,0,0,0,0,0,38901,466814,0,0,0,0,0,0,,0,0,,2279,45583,0,0,512397,0,92261,284895,413097,0,0,,0,0,0,0,0,288989,160550,240824,0,0,128440,112385,192659,0,80275,0,0,0,160550,240823.0,1605495.215,2,20942006,0,71.04793357,2,35884125.1062616,0,0,0,0,0,0,0,0,0,1135916,1135916,587255,604195,367034,377622,513849,528671,1468138,1510488,5933316,0,235671,5697645,6183795,0,82832,6100963,7885553.0,884215.0,0,8769768.0,1766799,188191.0,0,1954990.0,662549,78608,0,741157,883399,0,0,883399,23315411.0,1151014.0,318503,24147922.0,10644077.9,512397,413097,1605495.215,20942006,34117072.556,35884125.1062616,0,1135916,42350,35926475,99999,99999,99999,99999,10644077.9,37020041.2600546,23472994.706,13547046.553791,10061
2020,14,12,1,1,1,1,0,1,1,1,1,1,1,1,11,26,7,0.0,0.0,0.0,0.0,100.0,0.0,0,,0.0,0,,0.0,0.0,DAUN TEMBAKAU,64.7,73,4.5,36,11.2,52,15.0,4.6,ROKOK,83.7,36,1.1,33,9.1,33,3.3,2.8,2,2,2,1,2,1,2,0,1,0,79,14,24,2,54,10,8,1,133,24,32,3,0,0,6576667.0,1466462.0,328833.35,73323.1,6905500.4,1539785.1,0,0,0,0,0,0,0,0,0,0,0,0,0,0,0,0,0,0,0,0,0,0,0,0,0,0,0,0,0,0,0,0,0,0,0,0,46238,554856,0,0,0,0,0,0,,0,0,,2179,43579,0,0,598435,0,139150,308856,447841,0,0,,0,0,0,0,0,218395,121331,181996,0,0,97064,84931,145597,0,60665,0,0,0,121331,181996.0,1213305.794,2,19517859,0,57.4084225,2,29773847.7141308,0,0,0,0,0,0,0,0,0,747024,747024,1098931,1119154,686832,699471,961564,979260,2747327,2797885,5697645,0,234424,5463221,6100963,0,0,6100963,8769768.0,0.0,0,8769768.0,1954990,0.0,0,1954990.0,741157,51087,0,792244,883399,0,0,883399,24147922.0,51087.0,234424,23964585.0,8445285.5,598435,447841,1213305.794,19517859,30222726.105,29773847.7141308,0,747024,50558,29824406,99999,99999,97064,84931,8445285.5,30520872.0421624,21777440.655,8743431.387639,10061
2021,14,12,0,1,0,1,1,1,1,1,1,1,1,1,10,22,13,0.0,0.0,0.0,0.0,100.0,0.0,0,,0.0,0,,0.0,0.0,DAUN TEMBAKAU,58.9,72,8.1,33,19.6,33,3.7,9.7,ROKOK,48.4,32,7.4,33,13.4,32,23.0,7.8,2,2,2,3,1,5,1,1,1,0,77,14,23,2,53,9,7,1,130,23,30,3,0,0,6719654.0,1449681.0,335982.7,72484.1,7055636.7,1522165.1,0,0,0,0,0,0,0,0,0,0,0,0,0,0,0,0,0,0,0,0,0,0,0,0,0,0,0,0,0,0,0,0,0,0,0,0,20723,248678,0,0,0,0,0,0,,0,0,,1133,22668,0,0,271346,0,22348,113424,164464,0,0,,0,0,0,0,0,247873,137707,206560,0,0,110166,96395,165248,0,68854,0,0,0,137707,206560.0,1377069.697,2,15336748,0,89.3364264,2,25552652.3554622,0,0,0,0,0,0,0,0,0,1458966,1458966,710210,777762,443881,486101,621433,680542,1775524,1944405,5463221,266986,0,5730207,6100963,0,0,6100963,8769768.0,243712.0,0,9013480.0,1954990,0.0,91739,1863251.0,792244,0,0,792244,883399,0,0,883399,23964585.0,510698.0,91739,24383544.0,8577801.8,271346,164464,1377069.697,15336748,25727429.183,25552652.3554622,0,1458966,168881,25721533,99999,99999,99999,96395,8577801.8,27011618.5244818,17149627.433,9861991.0912233,10061
2022,14,12,1,1,1,1,0,1,1,1,1,1,1,1,11,23,8,0.0,0.0,0.0,0.0,100.0,0.0,0,,0.0,0,,0.0,0.0,DAUN TEMBAKAU,87.6,36,4.3,32,2.4,52,3.3,2.4,ROKOK,88.1,12,2.7,36,2.0,17,5.5,1.7,2,0,0,2,1,5,6,0,0,0,79,14,23,2,54,9,8,1,133,23,31,3,0,0,6672037.0,1454496.0,333601.85,72724.8,7005638.9,1527220.8,0,0,0,0,0,0,0,0,0,0,0,0,0,0,0,0,0,0,0,0,0,0,0,0,0,0,0,0,0,0,0,0,0,0,0,0,34250,410995,0,0,0,0,0,0,,0,0,,2158,43164,0,0,454159,0,44129,167519,242902,0,0,,0,0,0,0,0,193813,107674,161511,0,0,86139,75372,129209,0,53837,0,0,0,107674,161512.0,1076741.165,2,14717160,0,68.27992899,2,23719463.4136065,3764,418,4183,0,0,0,0,0,0,1694382,1694382,640650,622926,400406,389329,560570,545060,1601626,1557315,5730207,0,0,5730207,6100963,0,0,6100963,9013480.0,0.0,332951,8680529.0,1863251,0.0,0,1863251.0,792244,0,0,792244,883399,16081,27854,871626,24383544.0,16081.0,360805,24038820.0,8532859.7,454159,242902,1076741.165,14717160,25023821.736,23719463.4136065,4183,1694382,-44311,23679335,99999,99999,86139,75372,8532859.7,25418027.8487147,16490962.086,8927065.7631333,10061
2021,32,31,1,1,1,1,1,1,1,1,1,1,1,1,12,24,7,0.0,0.0,0.0,0.0,100.0,0.0,0,,0.0,0,,0.0,0.0,KAYU OLAHAN,70.2,33,11.5,33,4.2,35,10.4,3.7,FURNITUR,36.9,33,39.9,36,8.0,36,2.7,12.5,2,2,0,4,2,5,3,1,1,0,9,2,3,0,5,1,1,0,14,3,4,0,0,0,695296.0,163912.0,34764.8,8195.6,730060.8,172107.6,0,0,0,0,0,0,0,0,0,0,0,0,0,0,0,0,0,0,0,0,0,0,0,0,0,0,0,0,0,0,0,0,0,0,0,0,0,0,0,0,93475,74780,0,0,,0,0,,411,8220,0,0,83000,0,15807,32043,46463,0,0,,0,0,0,0,0,44372,24651,36976,0,0,19721,17256,29581,0,12325,0,0,0,24651,36976.0,246509.26,0,1443189,534564,61.44791119,2,3192426.2220178,17983,1998,19981,0,0,0,0,0,0,249910,249910,58575,65224,36610,40765,51253,57072,146438,163061,507468,20188,0,527656,568364,32119,18321,582162,649559.0,0.0,0,649559.0,162390,0.0,0,162390.0,60896,0,957,59939,81194,0,0,81194,2029871.0,52307.0,19278,2062900.0,902168.4,83000,46463,246509.26,1977752,3255892.288,3192426.2220178,19981,249910,16623,3229030,24651,36976,19721,17256,902168.4,3462317.2476928,2353723.888,1108593.3599319,10062
2022,32,31,1,0,1,1,1,1,0,1,1,1,1,1,10,27,7,0.0,0.0,0.0,0.0,100.0,0.0,0,,0.0,0,,0.0,0.0,KAYU OLAHAN,98.7,33,0.9,0,0.0,0,0.0,0.4,FURNITUR,59.6,61,19.6,64,11.1,18,3.4,6.3,2,2,2,2,4,0,2,1,1,0,9,1,3,0,5,1,1,0,14,2,4,0,0,0,688540.0,172457.0,34427.0,8622.9,722967.0,181079.9,0,0,0,0,0,0,0,0,0,0,0,0,0,0,0,0,0,0,0,0,0,0,0,0,0,0,0,0,0,0,0,0,0,0,0,0,0,0,0,0,87421,69937,0,0,,0,0,,239,4772,0,0,74709,0,12483,56954,82584,0,0,,0,0,0,0,0,40346,22414,33622,0,0,17932,15690,26897,0,11207,0,0,0,22414,33622.0,224144.039,0,2189416,620770,66.84282643,2,3924073.6667674,102153,11350,113503,0,0,0,0,0,0,302997,302997,164306,192012,102691,120007,143768,168010,410765,480029,527656,62437,0,590093,582162,0,0,582162,649559.0,62382.0,0,711941.0,162390,3308.0,0,165698.0,59939,0,0,59939,81194,0,3722,77472,2062900.0,128127.0,3722,2187305.0,904046.8,74709,82584,224144.039,2810186,4095670.164,3924073.6667674,113503,302997,69264,4106841,22414,33622,17932,15690,904046.8,4340573.8649669,3191623.314,1148950.5508674,10062
2018,35,23,1,1,1,1,1,1,1,1,1,1,1,1,12,26,9,0.0,0.0,0.0,0.0,100.0,0.0,0,,0.0,0,,0.0,0.0,PASIR SILIKA & SEMEN,92.4,32,1.5,0,0.0,0,0.0,6.1,SEMEN & KERAMIK,52.4,64,25.2,33,13.5,0,0.0,8.9,2,2,2,5,2,1,6,1,0,1,11,2,4,0,8,1,1,0,19,3,5,0,0,0,761860.0,173417.0,38093.0,8670.9,799953.0,182087.9,0,0,0,0,0,0,0,0,0,0,0,0,0,0,0,0,136541,163849,0,0,0,0,0,0,0,0,0,0,0,0,0,0,0,0,0,0,0,0,0,0,0,0,0,0,,0,0,,907,18141,0,0,181990,0,23083,80329,116478,0,0,,0,0,0,0,0,17413,9674,14511,0,0,7739,6772,11609,0,4837,0,0,0,9674,14512.0,96741.048,0,1435032,569277,89.84089199,2,2824804.9746107,0,0,0,0,0,0,0,0,0,93511,93511,43140,45912,26963,28695,37748,40174,107851,114781,1180808,90167,0,1270975,1322504,0,7257,1315247,1511434.0,0.0,0,1511434.0,377858,0.0,0,377858.0,141697,11147,0,152844,188929,0,0,188929,4723230.0,101314.0,7257,4817287.0,982040.8,181990,116478,96741.048,2004309,3381558.233,2824804.9746107,0,93511,6930,2831735,9674,14511,7739,6772,982040.8,2918316.4453213,2399517.383,518799.0623112,10063
2019,35,23,1,1,1,1,1,1,0,1,1,1,1,1,11,25,7,0.0,0.0,0.0,0.0,100.0,0.0,0,,0.0,0,,0.0,0.0,PASIR SILIKA & SEMEN,53.4,16,20.3,71,16.9,0,0.0,9.4,SEMEN & KERAMIK,34.1,16,27.3,36,27.7,0,0.0,10.9,2,2,2,1,4,3,4,0,1,0,8,2,3,0,6,1,1,0,14,3,4,0,0,0,648855.0,152963.0,32442.75,7648.2,681297.8,160611.1,0,0,0,0,0,0,0,0,0,0,0,0,0,0,0,0,95821,114985,0,0,0,0,0,0,0,0,0,0,0,0,0,0,0,0,0,0,0,0,0,0,0,0,0,0,,0,0,,186,3727,0,0,118712,0,33270,67903,98459,0,0,,0,0,0,0,0,18536,10298,15447,0,0,8238,7208,12357,0,5149,0,0,0,10298,15446.0,102977.162,0,1219727,202614,75.70809538,2,2461416.7876383,0,0,0,0,0,0,0,0,0,35715,35715,58218,68171,36386,42607,50941,59649,145545,170427,1270975,0,47310,1223665,1315247,0,0,1315247,1511434.0,95350.0,47947,1558837.0,377858,41450.0,0,419308.0,152844,0,0,152844,188929,20638,0,209567,4817287.0,157438.0,95257,4879468.0,841908.9,118712,98459,102977.162,1422341,2584397.763,2461416.7876383,0,35715,24882,2486299,10298,15447,8238,7208,841908.9,2497131.9596038,1742488.863,754643.0969232,10063
2020,35,23,1,1,1,1,1,1,1,1,1,1,1,1,12,24,8,0.0,0.0,0.0,0.0,100.0,0.0,0,,0.0,0,,0.0,0.0,PASIR SILIKA & SEMEN,78.0,32,8.4,33,0.7,33,9.5,3.4,SEMEN & KERAMIK,72.6,11,4.4,15,8.3,71,8.6,6.1,2,2,2,2,0,0,5,0,0,0,8,1,3,0,6,1,1,0,14,2,4,0,0,0,614207.0,153839.0,30710.35,7692.0,644917.3,161531.0,0,0,0,0,0,0,0,0,0,0,0,0,0,0,0,0,126983,152380,0,0,0,0,0,0,0,0,0,0,0,0,0,0,0,0,0,0,0,0,0,0,0,0,0,0,,0,0,,814,16278,0,0,168658,0,14563,69886,101335,0,0,,0,0,0,0,0,27055,15030,22546,0,0,12024,10521,18036,0,7515,0,0,0,15030,22547.0,150303.532,0,1210531,266380,92.79063466,2,2455064.714044,0,0,0,0,0,0,0,0,0,240710,240710,34151,32566,21344,20354,29883,28494,85378,81414,1223665,42870,0,1266535,1315247,100125,0,1415372,1558837.0,0.0,0,1558837.0,419308,0.0,13824,405484.0,152844,0,0,152844,209567,0,0,209567,4879468.0,142995.0,13824,5008639.0,806448.3,168658,101335,150303.532,1476911,2703656.338,2455064.714044,0,240710,-3964,2451101,15030,22546,12024,10521,806448.3,2695774.9588331,1897208.038,798566.9208158,10063
2021,35,23,1,1,1,1,1,1,1,1,1,1,1,1,12,24,7,0.0,0.0,0.0,0.0,100.0,0.0,0,,0.0,0,,0.0,0.0,PASIR SILIKA & SEMEN,49.7,72,9.1,33,18.6,73,10.2,12.4,SEMEN & KERAMIK,54.3,36,8.7,32,28.2,0,0.0,8.8,2,2,0,3,1,4,8,0,1,0,8,1,3,0,6,1,1,0,14,2,4,0,0,0,645451.0,161665.0,32272.55,8083.2,677723.6,169748.2,0,0,0,0,0,0,0,0,0,0,0,0,0,0,0,0,87564,105077,0,0,0,0,0,0,0,0,0,0,0,0,0,0,0,0,0,0,0,0,0,0,0,0,0,0,,0,0,,580,11604,0,0,116682,0,22544,62321,90365,0,0,,0,0,0,0,0,17218,9566,14349,0,0,7653,6696,11479,0,4783,0,0,0,9566,14347.0,95657.079,0,894626,503419,64.53483799,2,2077013.780493,14324,1592,15915,0,0,0,0,0,0,147418,147418,81549,93422,50968,58389,71355,81744,203872,233555,1266535,23055,0,1289590,1415372,0,0,1415372,1558837.0,175823.0,0,1734660.0,405484,37845.0,0,443329.0,152844,17843,0,170687,209567,0,0,209567,5008639.0,254566.0,0,5263205.0,847471.8,116682,90365,95657.079,1398045,2548220.853,2077013.780493,15915,147418,29683,2122612,9566,14349,7653,6696,847471.8,2240347.1744308,1700749.053,539598.1211308,10063
2022,35,23,1,1,1,1,1,1,1,1,1,1,1,1,12,26,8,0.0,0.0,0.0,0.0,100.0,0.0,0,,0.0,0,,0.0,0.0,PASIR SILIKA & SEMEN,54.7,32,4.7,32,1.5,36,23.9,15.2,SEMEN & KERAMIK,87.7,62,4.2,21,1.5,33,5.1,1.5,2,2,2,5,5,5,6,0,0,0,8,1,3,0,6,1,1,0,14,2,4,0,0,0,554551.0,138897.0,27727.55,6944.9,582278.6,145841.9,0,0,0,0,0,0,0,0,0,0,0,0,0,0,0,0,83895,100674,0,0,0,0,0,0,0,0,0,0,0,0,0,0,0,0,0,0,0,0,0,0,0,0,0,0,,0,0,,439,8771,0,0,109445,0,28570,63540,92133,0,0,,0,0,0,0,0,24143,13413,20119,0,0,10730,9389,16095,0,6706,0,0,0,13413,20118.0,134126.398,0,940240,430758,91.2017132,2,2257802.9016513,4946,550,5495,0,0,0,0,0,0,61893,61893,82730,77623,51706,48514,72388,67920,206824,194057,1289590,0,0,1289590,1415372,0,0,1415372,1734660.0,0.0,0,1734660.0,443329,0.0,10186,433143.0,170687,0,4191,166496,209567,0,0,209567,5263205.0,0.0,14377,5248828.0,728120.4,109445,92133,134126.398,1370997,2434822.678,2257802.9016513,5495,61893,-12767,2250531,13413,20119,10730,9389,728120.4,2325190.8060048,1706702.278,618488.5282659,10063
2018,33,15,1,1,0,1,1,1,1,0,1,1,1,1,10,27,7,0.0,0.0,0.0,0.0,100.0,0.0,0,,0.0,0,,0.0,0.0,KULIT SAPI,80.5,15,6.0,63,5.5,71,5.0,3.0,SEPATU KULIT,49.2,32,14.7,81,2.0,31,25.8,8.3,2,2,2,3,1,0,2,0,1,1,14,2,4,0,6,1,1,0,20,3,5,0,0,0,514915.0,112113.0,25745.75,5605.7,540660.8,117718.7,0,0,0,0,0,0,0,0,0,0,0,0,0,0,0,0,0,0,0,0,0,0,0,0,0,0,0,0,0,0,0,0,0,0,0,0,5903,70837,0,0,0,0,0,0,,0,0,,125,2496,0,0,73334,0,7051,21443,31092,0,0,,0,0,0,0,0,25273,14041,21061,0,0,11233,9829,16849,0,7020,0,0,0,14041,21061.0,140407.512,2,1664900,0,53.93901636,0,2853584.2652892,0,0,0,0,0,0,0,0,0,87850,87850,37476,40973,23422,25608,32792,35852,93690,102433,329574,33136,0,362710,369123,0,0,369123,421855.0,0.0,0,421855.0,105464,0.0,0,105464.0,39549,0,0,39549,52733,2248,0,54981,1318298.0,35384.0,0,1353682.0,658379.4,73334,31092,140407.512,1664900,2568112.731,2853584.2652892,0,87850,8743,2862327,14041,21061,11233,9829,658379.4,2941433.8571112,1909733.331,1031700.5265135,10064
2019,33,15,0,1,1,1,0,1,1,1,1,1,1,1,10,21,10,0.0,0.0,0.0,0.0,100.0,0.0,0,,0.0,0,,0.0,0.0,KULIT SAPI,77.1,91,9.6,32,0.1,51,10.1,3.1,SEPATU KULIT,46.1,35,22.2,36,5.6,35,17.5,8.6,2,2,2,3,2,5,6,0,1,0,14,3,4,0,6,1,1,0,20,4,5,0,0,0,647958.0,135205.0,32397.9,6760.2,680355.9,141965.2,0,0,0,0,0,0,0,0,0,0,0,0,0,0,0,0,0,0,0,0,0,0,0,0,0,0,0,0,0,0,0,0,0,0,0,0,3960,47515,0,0,0,0,0,0,,0,0,,208,4158,0,0,51673,0,2390,10315,14956,0,0,,0,0,0,0,0,28752,15974,23960,0,0,12779,11182,19168,0,7987,0,0,0,15974,23960.0,159735.555,2,1660565,0,71.60770328,0,2589686.4840417,0,0,0,0,0,0,0,0,0,170029,170029,100608,100594,62880,62872,88033,88020,251521,251486,362710,0,0,362710,369123,0,0,369123,421855.0,33161.0,0,455016.0,105464,0.0,0,105464.0,39549,0,0,39549,54981,4185,0,59166,1353682.0,37346.0,0,1391028.0,822321.2,51673,14956,159735.555,1660565,2709250.732,2589686.4840417,0,170029,-35,2589651,15974,23960,12779,11182,822321.2,2759715.1551039,1886929.582,872785.5727537,10064
2020,33,15,1,1,1,1,1,1,0,1,1,1,1,1,11,20,7,0.0,0.0,0.0,0.0,100.0,0.0,0,,0.0,0,,0.0,0.0,KULIT SAPI,69.2,35,5.8,14,6.6,53,13.9,4.5,SEPATU KULIT,15.0,32,57.1,36,10.7,0,0.0,17.2,2,2,2,3,5,0,2,0,1,0,13,2,3,0,5,1,1,0,18,3,4,0,0,0,527322.0,100645.0,26366.1,5032.2,553688.1,105677.2,0,0,0,0,0,0,0,0,0,0,0,0,0,0,0,0,0,0,0,0,0,0,0,0,0,0,0,0,0,0,0,0,0,0,0,0,4577,54922,0,0,0,0,0,0,,0,0,,167,3350,0,0,58272,0,12422,33732,48912,0,0,,0,0,0,0,0,20947,11637,17456,0,0,9310,8146,13965,0,5819,0,0,0,11637,17457.0,116374.149,2,1449745,0,44.56908595,0,2506207.4931928,0,0,0,0,0,0,0,0,0,161720,161720,71232,69247,44520,43279,62328,60591,178080,173117,362710,0,0,362710,369123,12316,0,381439,455016.0,24923.0,11629,468310.0,105464,0.0,0,105464.0,39549,2685,0,42234,59166,0,0,59166,1391028.0,39924.0,11629,1419323.0,659365.3,58272,48912,116374.149,1449745,2332668.535,2506207.4931928,0,161720,-4963,2501244,11637,17456,9310,8146,659365.3,2667927.0606216,1673303.185,994623.8753851,10064
2021,33,15,1,1,1,0,0,1,1,1,1,1,1,1,10,28,10,0.0,0.0,0.0,0.0,100.0,0.0,0,,0.0,0,,0.0,0.0,KULIT SAPI,59.2,18,7.7,35,15.7,73,12.1,5.3,SEPATU KULIT,77.4,76,13.3,13,5.1,0,0.0,4.2,2,2,0,5,3,2,5,0,0,0,12,2,3,0,5,1,1,0,17,3,4,0,0,0,484680.0,97130.0,24234.0,4856.5,508914.0,101986.5,0,0,0,0,0,0,0,0,0,0,0,0,0,0,0,0,0,0,0,0,0,0,0,0,0,0,0,0,0,0,0,0,0,0,0,0,3265,39176,0,0,0,0,0,0,,0,0,,116,2321,0,0,41497,0,3122,15616,22643,0,0,,0,0,0,0,0,14978,8321,12482,0,0,6657,5825,9985,0,4161,0,0,0,8321,12481.0,83210.954,2,1117028,0,86.41380662,0,2383886.1011411,0,0,0,0,0,0,0,0,0,159348,159348,38482,35762,24051,22352,33671,31292,96204,89406,362710,0,0,362710,381439,26477,13461,394455,468310.0,32961.0,0,501271.0,105464,0.0,0,105464.0,42234,1710,0,43944,59166,0,1506,57660,1419323.0,61148.0,14967,1465504.0,610900.5,41497,22643,83210.954,1117028,1875278.982,2383886.1011411,0,159348,-6798,2377088,8321,12482,6657,5825,610900.5,2543234.4488532,1264378.482,1278855.9672586,10064
2022,33,15,1,1,1,1,1,0,1,1,1,1,1,1,11,21,10,0.0,0.0,0.0,0.0,100.0,0.0,0,,0.0,0,,0.0,0.0,KULIT SAPI,65.3,35,0.7,51,12.8,62,16.1,5.1,SEPATU KULIT,93.1,36,0.5,32,1.4,12,3.5,1.5,2,2,2,5,5,0,4,1,1,1,15,3,4,0,6,1,1,0,21,4,5,0,0,0,681212.0,136460.0,34060.6,6823.0,715272.6,143283.0,0,0,0,0,0,0,0,0,0,0,0,0,0,0,0,0,0,0,0,0,0,0,0,0,0,0,0,0,0,0,0,0,0,0,0,0,3482,41781,0,0,0,0,0,0,,0,0,,186,3715,0,0,45496,0,6351,25928,37595,0,0,,0,0,0,0,0,29588,16438,24656,0,0,13150,11506,19725,0,8219,0,0,0,16438,24656.0,164376.123,2,1645483,0,83.97340393,0,2873506.2982311,0,0,0,0,0,0,0,0,0,187354,187354,89556,82964,55973,51852,78362,72593,223891,207409,362710,0,0,362710,394455,0,0,394455,501271.0,0.0,0,501271.0,105464,0.0,0,105464.0,43944,0,0,43944,57660,663,0,58323,1465504.0,663.0,0,1466167.0,858555.6,45496,37595,164376.123,1645483,2751506.203,2873506.2982311,0,187354,-16482,2857024,16438,24656,13150,11506,858555.6,3060860.5852297,1892950.603,1167909.9825313,10064
2018,91,10,1,1,1,1,1,1,1,1,0,1,1,1,11,25,7,0.0,0.0,0.0,0.0,100.0,0.0,0,,0.0,0,,0.0,0.0,TEPUNG TERIGU,47.1,31,10.2,32,28.1,36,5.0,9.6,MAKANAN OLAHAN,43.9,33,3.1,73,31.8,32,11.0,10.2,2,2,2,2,2,4,7,0,0,1,30,5,8,1,9,2,1,0,39,7,9,1,0,0,1333702.0,290162.0,66685.1,14508.1,1400387.1,304670.1,0,0,0,0,0,0,0,0,0,0,0,0,0,0,0,0,0,0,0,0,0,0,0,0,0,0,0,0,25989,207915,0,0,0,0,0,0,0,0,0,0,0,0,0,0,,0,0,,413,8251,0,0,216166,0,26487,71527,103715,0,0,,0,0,0,0,0,53699,29833,44749,0,0,23866,20883,35799,0,14916,0,0,0,29833,44749.0,298327.428,2,3931759,0,38.12583546,2,5923539.2795312,0,0,0,0,0,0,0,0,0,567726,567726,238106,230784,148816,144240,208343,201937,595265,576961,704685,0,27236,677449,789247,29640,0,818887,901996.0,0.0,0,901996.0,225499,0.0,0,225499.0,84562,0,0,84562,112750,0,0,112750,2818739.0,29640.0,27236,2821143.0,1705057.2,216166,103715,298327.428,3931759,6255024.494,5923539.2795312,0,567726,-18304,5905235,29833,44749,23866,20883,1705057.2,6491265.0350324,4549967.294,1941297.7410723,10065
2019,91,10,1,1,1,1,1,1,1,1,1,1,1,1,12,26,10,0.0,0.0,0.0,0.0,100.0,0.0,0,,0.0,0,,0.0,0.0,TEPUNG TERIGU,87.4,19,3.1,36,5.9,72,1.8,1.8,MAKANAN OLAHAN,100.0,0,0.0,0,0.0,0,0.0,0.0,2,2,2,5,0,4,7,0,0,1,34,6,9,1,10,2,2,0,44,8,11,1,0,0,1719759.0,397122.0,85987.95,19856.1,1805747.0,416978.1,0,0,0,0,0,0,0,0,0,0,0,0,0,0,0,0,0,0,0,0,0,0,0,0,0,0,0,0,19570,156556,0,0,0,0,0,0,0,0,0,0,0,0,0,0,,0,0,,501,10020,0,0,166577,0,17707,82215,119211,0,0,,0,0,0,0,0,68039,37799,56699,0,0,30240,26460,45359,0,18900,0,0,0,37799,56699.0,377993.551,2,5836213,0,75.3992998,2,7979106.7059936,0,0,0,0,0,0,0,0,0,749474,749474,148296,135986,92685,84991,129760,118987,370741,339964,677449,24766,0,702215,818887,0,0,818887,901996.0,0.0,0,901996.0,225499,20981.0,0,246480.0,84562,0,0,84562,112750,0,0,112750,2821143.0,45747.0,0,2866890.0,2222725.1,166577,119211,377993.551,5836213,8722719.613,7979106.7059936,0,749474,-30777,7948330,37799,56699,30240,26460,2222725.1,8728580.6957778,6499994.563,2228586.1326356,10065
2020,91,10,1,1,1,1,1,1,1,0,1,1,1,1,11,28,7,0.0,0.0,0.0,0.0,100.0,0.0,0,,0.0,0,,0.0,0.0,TEPUNG TERIGU,67.0,52,1.7,36,22.1,34,2.1,7.1,MAKANAN OLAHAN,86.2,74,2.3,31,3.3,35,4.1,4.1,2,2,2,1,5,1,5,0,1,1,28,5,8,1,9,1,1,0,37,6,9,1,0,0,1239709.0,288526.0,61985.45,14426.3,1301694.4,302952.3,0,0,0,0,0,0,0,0,0,0,0,0,0,0,0,0,0,0,0,0,0,0,0,0,0,0,0,0,29137,233093,0,0,0,0,0,0,0,0,0,0,0,0,0,0,,0,0,,594,11886,0,0,244979,0,21582,77759,112750,0,0,,0,0,0,0,0,64924,36069,54103,0,0,28855,25248,43283,0,18034,0,0,0,36069,54103.0,360687.987,2,4656263,0,69.70070718,2,6904819.6014454,0,0,0,0,0,0,0,0,0,710881,710881,197873,225664,123671,141040,173139,197457,494683,564161,702215,0,0,702215,818887,0,0,818887,901996.0,0.0,0,901996.0,246480,0.0,0,246480.0,84562,10041,600,94003,112750,849,0,113599,2866890.0,10890.0,600,2877180.0,1604646.8,244979,112750,360687.987,4656263,6979327.333,6904819.6014454,0,710881,69478,6974298,36069,54103,28855,25248,1604646.8,7615700.5604111,5374680.583,2241019.9769371,10065
2021,91,10,1,1,1,1,1,0,1,1,1,1,1,1,11,24,7,0.0,0.0,0.0,0.0,100.0,0.0,0,,0.0,0,,0.0,0.0,TEPUNG TERIGU,89.8,52,1.4,35,4.1,36,3.5,1.2,MAKANAN OLAHAN,76.7,18,4.8,51,10.9,11,3.6,4.0,2,2,0,5,3,3,3,1,1,0,36,6,9,1,11,2,2,0,47,8,11,1,0,0,1764601.0,385255.0,88230.05,19262.8,1852831.1,404517.8,0,0,0,0,0,0,0,0,0,0,0,0,0,0,0,0,0,0,0,0,0,0,0,0,0,0,0,0,22459,179676,0,0,0,0,0,0,0,0,0,0,0,0,0,0,,0,0,,611,12221,0,0,191896,0,28175,86007,124710,0,0,,0,0,0,0,0,74762,41534,62302,0,0,33228,29074,49841,0,20767,0,0,0,41534,62302.0,415344.162,2,4632134,0,72.89172343,2,6908707.9770806,148825,16536,165361,0,0,0,0,0,0,0,0,121218,119958,75761,74974,106066,104964,303045,299896,702215,0,0,702215,818887,68157,0,887044,901996.0,0.0,0,901996.0,246480,0.0,0,246480.0,94003,0,0,94003,113599,0,0,113599,2877180.0,68157.0,0,2945337.0,2257348.8,191896,124710,415344.162,4632134,7621433.198,6908707.9770806,165361,0,-3149,7070920,41534,62302,33228,29074,2257348.8,7074069.3556142,5364084.398,1709984.9579513,10065
2022,91,10,0,1,0,1,1,1,1,1,1,0,1,1,9,21,7,0.0,0.0,0.0,0.0,100.0,0.0,0,,0.0,0,,0.0,0.0,TEPUNG TERIGU,49.7,32,22.0,35,12.3,36,5.3,10.7,MAKANAN OLAHAN,73.3,36,12.1,36,3.6,35,4.8,6.2,2,2,2,5,1,5,8,1,0,0,33,6,9,1,10,2,1,0,43,8,10,1,0,0,1867875.0,403162.0,93393.75,20158.1,1961268.8,423320.1,0,0,0,0,0,0,0,0,0,0,0,0,0,0,0,0,0,0,0,0,0,0,0,0,0,0,0,0,18831,150645,0,0,0,0,0,0,0,0,0,0,0,0,0,0,,0,0,,392,7840,0,0,158485,0,25958,95783,138885,0,0,,0,0,0,0,0,75609,42005,63008,0,0,33604,29404,50406,0,21002,0,0,0,42005,63007.0,420050.107,2,4977214,0,72.71058373,2,7291373.0397997,0,0,0,0,0,0,0,0,0,639461,639461,158956,186011,99348,116257,139086,162759,397390,465027,702215,23700,0,725915,887044,0,0,887044,901996.0,19455.0,0,921451.0,246480,0.0,0,246480.0,94003,0,0,94003,113599,12826,0,126425,2945337.0,55981.0,0,3001318.0,2384588.9,158485,138885,420050.107,4977214,8079222.247,7291373.0397997,0,639461,67637,7359010,42005,63008,33604,29404,2384588.9,7930834.4914583,5694633.397,2236201.0943728,10065
2018,34,10,1,1,1,1,1,1,1,1,0,1,1,1,11,21,10,0.0,0.0,0.0,0.0,100.0,0.0,0,,0.0,0,,0.0,0.0,TEPUNG TERIGU,71.7,16,4.2,19,8.4,36,9.5,6.2,MAKANAN OLAHAN,65.4,82,5.0,14,18.6,65,5.1,5.9,2,2,0,4,5,4,3,1,0,0,20,4,5,1,1,0,0,0,21,4,5,1,0,0,1164687.0,279879.0,58234.35,13994.0,1222921.4,293873.0,0,0,0,0,0,0,0,0,0,0,0,0,0,0,0,0,0,0,0,0,0,0,0,0,0,0,0,0,12441,99528,0,0,0,0,0,0,0,0,0,0,0,0,0,0,,0,0,,213,4265,0,0,103793,0,17887,54422,78911,0,0,,0,0,0,0,0,47157,26198,39298,0,0,20959,18339,31438,0,13099,0,0,0,26198,39299.0,261985.002,2,2721224,0,62.4120826,2,4226871.644408,0,0,0,0,0,0,0,0,0,198100,198100,119360,116076,74600,72547,104440,101566,298400,290189,793329,26382,0,819711,888529,40910,0,929439,1015461.0,0.0,0,1015461.0,253865,4153.0,0,258018.0,95200,0,0,95200,126933,0,0,126933,3173317.0,71445.0,0,3244762.0,1516794.3,103793,78911,261985.002,2721224,4682707.213,4226871.644408,0,198100,-8211,4218661,26198,39298,20959,18339,1516794.3,4424971.9076949,3165912.913,1259058.9943751,10066
2019,34,10,1,1,1,1,1,1,1,1,1,1,0,1,11,24,7,0.0,0.0,0.0,0.0,100.0,0.0,0,,0.0,0,,0.0,0.0,TEPUNG TERIGU,57.5,12,7.5,33,7.8,32,20.5,6.7,MAKANAN OLAHAN,46.6,62,7.3,31,1.3,35,31.0,13.8,2,2,2,2,3,1,0,1,1,1,22,4,5,1,1,0,0,0,23,4,5,1,0,0,1121063.0,249448.0,56053.15,12472.4,1177116.2,261920.4,0,0,0,0,0,0,0,0,0,0,0,0,0,0,0,0,0,0,0,0,0,0,0,0,0,0,0,0,16352,130816,0,0,0,0,0,0,0,0,0,0,0,0,0,0,,0,0,,261,5216,0,0,136032,0,14364,65553,95052,0,0,,0,0,0,0,0,87099,48388,72582,0,0,38711,33872,58066,0,24194,0,0,0,48388,72582.0,483882.055,2,4468657,0,53.94993275,2,6041725.5639269,0,0,0,0,0,0,0,0,0,234079,234079,249869,236165,156168,147603,218635,206644,624672,590412,819711,0,0,819711,929439,0,0,929439,1015461.0,107186.0,0,1122647.0,258018,11899.0,0,269917.0,95200,0,0,95200,126933,0,0,126933,3244762.0,119085.0,0,3363847.0,1439036.6,136032,95052,483882.055,4468657,6622658.931,6041725.5639269,0,234079,-34260,6007466,48388,72582,38711,33872,1439036.6,6275804.1492924,5183622.381,1092181.7685199,10066
2020,34,10,1,1,0,1,1,1,1,1,1,1,1,1,11,26,7,0.0,0.0,0.0,0.0,100.0,0.0,0,,0.0,0,,0.0,0.0,TEPUNG TERIGU,95.6,12,1.1,35,0.8,35,1.8,0.7,MAKANAN OLAHAN,40.1,35,27.7,51,3.2,31,14.1,14.9,0,2,2,1,2,5,4,0,1,1,18,3,5,0,1,0,0,0,19,3,5,0,0,0,680995.0,155011.0,34049.75,7750.6,715044.8,162761.6,0,0,0,0,0,0,0,0,0,0,0,0,0,0,0,0,0,0,0,0,0,0,0,0,0,0,0,0,14165,113323,0,0,0,0,0,0,0,0,0,0,0,0,0,0,,0,0,,249,4982,0,0,118305,0,29896,65558,95059,0,0,,0,0,0,0,0,29501,16389,24584,0,0,13111,11473,19667,0,8195,0,0,0,16389,24584.0,163892.579,2,2358053,0,59.31374383,2,4129541.9284808,0,0,0,0,0,0,0,0,0,222338,222338,128449,133898,80280,83686,112393,117160,321122,334744,819711,96240,0,915951,929439,0,0,929439,1122647.0,60214.0,0,1182861.0,269917,0.0,0,269917.0,95200,11347,0,106547,126933,0,0,126933,3363847.0,167801.0,0,3531648.0,877806.3,118305,95059,163892.579,2358053,3613115.824,4129541.9284808,0,222338,13622,4143164,16389,24584,13111,11473,877806.3,4351880.3827615,2735309.524,1616570.8590769,10066
2021,34,10,1,1,1,1,1,1,1,1,0,1,0,1,10,27,10,0.0,0.0,0.0,0.0,100.0,0.0,0,,0.0,0,,0.0,0.0,TEPUNG TERIGU,69.4,36,10.0,12,7.4,11,9.5,3.7,MAKANAN OLAHAN,89.4,13,2.4,32,1.9,12,2.0,4.3,2,2,0,2,4,2,6,0,1,1,27,5,6,1,2,0,0,0,29,5,6,1,0,0,1273794.0,262549.0,63689.7,13127.5,1337483.7,275676.5,0,0,0,0,0,0,0,0,0,0,0,0,0,0,0,0,0,0,0,0,0,0,0,0,0,0,0,0,11790,94321,0,0,0,0,0,0,0,0,0,0,0,0,0,0,,0,0,,341,6812,0,0,101132,0,25626,92959,134790,0,0,,0,0,0,0,0,11982,6657,9985,0,0,5326,4660,7988,0,3328,0,0,0,6657,9986.0,66568.537,2,3872286,0,79.49563835,2,5792802.8339642,137375,15264,152639,0,0,0,0,0,0,377439,377439,143463,154955,89664,96847,125531,135585,358658,387387,915951,0,0,915951,929439,0,0,929439,1182861.0,0.0,0,1182861.0,269917,32284.0,0,302201.0,106547,0,0,106547,126933,12031,0,138964,3531648.0,44315.0,0,3575963.0,1613160.1,101132,134790,66568.537,3872286,5787936.762,5792802.8339642,152639,377439,28729,5974171,6657,9985,5326,4660,1613160.1,6322880.6810704,4174776.612,2148104.0688862,10066
2022,34,10,1,1,1,1,1,1,1,1,1,1,1,1,12,26,7,0.0,0.0,0.0,0.0,100.0,0.0,0,,0.0,0,,0.0,0.0,TEPUNG TERIGU,73.6,35,15.9,21,3.9,64,1.8,4.8,MAKANAN OLAHAN,26.6,73,4.2,63,2.4,62,43.1,23.7,2,2,2,3,0,3,4,0,0,1,33,6,8,1,2,0,0,0,35,6,8,1,0,0,1679949.0,369089.0,83997.45,18454.5,1763946.5,387543.5,0,0,0,0,0,0,0,0,0,0,0,0,0,0,0,0,0,0,0,0,0,0,0,0,0,0,0,0,26584,212675,0,0,0,0,0,0,0,0,0,0,0,0,0,0,,0,0,,1105,22099,0,0,234774,0,50317,128676,186580,0,0,,0,0,0,0,0,82555,45864,68796,0,0,36691,32105,55037,0,22932,0,0,0,45864,68794.0,458637.736,2,6622038,0,70.29074983,2,8743404.0089997,0,0,0,0,0,0,0,0,0,816096,816096,321955,318880,201222,199300,281710,279019,804887,797199,915951,93533,0,1009484,929439,80056,0,1009495,1182861.0,0.0,5602,1177259.0,302201,9824.0,0,312025.0,106547,3529,4084,105992,138964,6984,0,145948,3575963.0,193926.0,9686,3760203.0,2151489.9,234774,186580,458637.736,6622038,9653519.892,8743404.0089997,0,816096,-7688,8735716,45864,68796,36691,32105,2151489.9,9559499.9817631,7502029.992,2057469.989851,10066
2022,34,16,1,1,1,0,0,1,1,1,1,1,0,1,9,24,7,0.0,0.0,0.0,0.0,100.0,0.0,0,,0.0,0,,0.0,0.0,KAYU LOG,53.4,32,0.1,17,17.4,32,18.2,10.9,PRODUK KAYU,58.1,33,23.0,51,0.5,32,11.0,7.4,2,2,2,3,1,3,6,0,0,1,59,10,14,2,12,2,2,0,71,12,16,2,0,0,2318279.0,502978.0,115913.95,25148.9,2434193.0,528126.9,0,0,0,0,0,0,0,0,0,0,0,0,0,0,0,0,0,0,0,0,0,0,0,0,0,0,0,0,0,0,0,0,0,0,0,0,0,0,0,0,411641,329313,0,0,,0,0,,895,17907,0,0,347220,0,19872,108728,157655,0,0,,0,0,0,0,0,96884,53825,80737,0,0,43060,37677,64590,0,26912,0,0,0,53825,80736.0,538246.048,2,6927953,0,50.62356434,2,10630587.7000296,0,0,0,0,0,0,0,0,0,359344,359344,375381,391435,234613,244647,328459,342506,938453,978588,2157095,0,0,2157095,2415946,20659,0,2436605,2761081.0,238263.0,0,2999344.0,690270,0.0,26804,663466.0,258851,0,0,258851,345136,0,7502,337634,8628379.0,258922.0,34306,8852995.0,2962319.9,347220,157655,538246.048,6927953,10933394.489,10630587.7000296,0,359344,40135,10670723,53825,80737,43060,37677,2962319.9,10989931.6170393,7971074.639,3018856.9776128,10067
2018,32,23,1,1,1,1,0,1,1,1,1,1,1,1,11,26,11,0.0,0.0,0.0,0.0,100.0,0.0,0,,0.0,0,,0.0,0.0,PASIR SILIKA & SEMEN,100.0,0,0.0,0,0.0,0,0.0,0.0,SEMEN & KERAMIK,58.3,33,14.9,33,4.4,35,16.4,6.0,2,2,2,1,1,3,4,1,1,1,18,3,5,1,15,3,2,0,33,6,7,1,0,0,1583372.0,325117.0,79168.6,16255.9,1662540.6,341372.9,0,0,0,0,0,0,0,0,0,0,0,0,0,0,0,0,360935,433122,0,0,0,0,0,0,0,0,0,0,0,0,0,0,0,0,0,0,0,0,0,0,0,0,0,0,,0,0,,2129,42579,0,0,475701,0,75176,229882,333329,0,0,,0,0,0,0,0,77339,42966,64449,0,0,34373,30076,51559,0,21483,0,0,0,42966,64451.0,429662.054,2,4726893,0,98.0,2,8112039.2391456,4431,492,4923,0,0,0,0,0,0,369027,369027,265862,239382,166164,149614,232629,209458,664655,598454,2594061,0,0,2594061,2905348,9268,0,2914616,3320398.0,33525.0,376,3353547.0,830100,0.0,0,830100.0,311287,10095,0,321382,415050,0,0,415050,10376244.0,52888.0,376,10428756.0,2003913.5,475701,333329,429662.054,4726893,7969497.738,8112039.2391456,4923,369027,-66201,8050762,42966,64449,34373,30076,2003913.5,8485989.7037058,5965584.288,2520405.4155301,10068
2019,32,23,1,1,1,1,0,0,1,1,1,1,1,1,10,23,8,0.0,0.0,0.0,0.0,100.0,0.0,0,,0.0,0,,0.0,0.0,PASIR SILIKA & SEMEN,100.0,0,0.0,0,0.0,0,0.0,0.0,SEMEN & KERAMIK,38.0,12,29.6,11,9.9,12,3.7,18.8,2,2,2,4,0,4,2,0,0,1,20,3,6,1,17,3,2,0,37,6,8,1,0,0,1712426.0,358730.0,85621.3,17936.5,1798047.3,376666.5,0,0,0,0,0,0,0,0,0,0,0,0,0,0,0,0,473204,567845,0,0,0,0,0,0,0,0,0,0,0,0,0,0,0,0,0,0,0,0,0,0,0,0,0,0,,0,0,,2642,52833,0,0,620678,0,104729,273994,397292,0,0,,0,0,0,0,0,67181,37323,55984,0,0,29858,26126,44787,0,18661,0,0,0,37323,55985.0,373228.073,2,5194777,0,68.11816031,2,8957663.560574,0,0,0,0,0,0,0,0,0,722533,722533,323749,311670,202343,194794,283280,272710,809372,779174,2594061,0,0,2594061,2914616,0,13305,2901311,3353547.0,0.0,0,3353547.0,830100,89035.0,0,919135.0,321382,37054,1406,357030,415050,0,2028,413022,10428756.0,126089.0,16739,10538106.0,2174713.8,620678,397292,373228.073,5194777,8760688.181,8957663.560574,0,722533,-30198,8927466,37323,55984,29858,26126,2174713.8,9680196.741402,6585974.381,3094222.3599821,10068
2020,32,23,1,1,1,1,1,1,1,1,1,1,1,1,12,25,7,0.0,0.0,0.0,0.0,100.0,0.0,0,,0.0,0,,0.0,0.0,PASIR SILIKA & SEMEN,67.5,36,10.7,35,15.1,0,0.0,6.7,SEMEN & KERAMIK,74.4,72,3.2,36,6.5,62,11.1,4.8,2,2,0,2,3,1,8,1,0,0,15,3,4,1,13,2,2,0,28,5,6,1,0,0,1350491.0,286790.0,67524.55,14339.5,1418015.6,301129.5,0,0,0,0,0,0,0,0,0,0,0,0,0,0,0,0,402529,483035,0,0,0,0,0,0,0,0,0,0,0,0,0,0,0,0,0,0,0,0,0,0,0,0,0,0,,0,0,,1113,22257,0,0,505292,0,112369,228818,331787,0,0,,0,0,0,0,0,75742,42079,63119,0,0,33663,29455,50495,0,21040,0,0,0,42079,63119.0,420790.898,2,4506015,0,80.32884659,2,7823966.3398127,0,0,0,0,0,0,0,0,0,674451,674451,339247,325905,212030,203691,296841,285167,848118,814763,2594061,0,0,2594061,2901311,44798,0,2946109,3353547.0,0.0,0,3353547.0,919135,67414.0,0,986549.0,357030,14274,0,371304,413022,23396,0,436418,10538106.0,149882.0,0,10687988.0,1719145.1,505292,331787,420790.898,4506015,7483029.534,7823966.3398127,0,674451,-33355,7790611,42079,63119,33663,29455,1719145.1,8498417.2561442,5763884.484,2734532.7719376,10068
2021,32,23,1,0,1,1,1,1,1,1,1,1,1,1,11,24,7,0.0,0.0,0.0,0.0,100.0,0.0,0,,0.0,0,,0.0,0.0,PASIR SILIKA & SEMEN,53.5,15,15.9,35,17.1,0,0.0,13.5,SEMEN & KERAMIK,81.8,35,5.1,35,1.4,33,4.5,7.2,2,2,2,5,3,3,6,0,0,0,17,3,5,1,14,2,2,0,31,5,7,1,0,0,1430468.0,318191.0,71523.4,15909.6,1501991.4,334100.5,0,0,0,0,0,0,0,0,0,0,0,0,0,0,0,0,434131,520957,0,0,0,0,0,0,0,0,0,0,0,0,0,0,0,0,0,0,0,0,0,0,0,0,0,0,,0,0,,1478,29565,0,0,550523,0,39284,184678,267784,0,0,,0,0,0,0,0,62761,34867,52301,0,0,27894,24407,41841,0,17434,0,0,0,34867,52301.0,348672.53,2,4651499,0,74.7027897,2,8127474.4113633,0,0,0,0,0,0,0,0,0,92193,92193,103544,107059,64715,66912,90602,93676,258861,267647,2594061,14836,0,2608897,2946109,331560,0,3277669,3353547.0,0.0,21346,3332201.0,986549,74952.0,0,1061501.0,371304,0,14957,356347,436418,10050,0,446468,10687988.0,431398.0,36303,11083083.0,1836092.0,550523,267784,348672.53,4651499,7654569.685,8127474.4113633,0,92193,8786,8136260,34867,52301,27894,24407,1836092.0,8219667.3195473,5818477.735,2401189.5844523,10068
2022,32,23,1,1,0,1,1,1,1,1,1,1,1,1,11,26,9,0.0,0.0,0.0,0.0,100.0,0.0,0,,0.0,0,,0.0,0.0,PASIR SILIKA & SEMEN,71.2,35,11.7,36,9.7,14,3.4,4.0,SEMEN & KERAMIK,36.2,35,25.8,33,29.1,0,0.0,8.9,2,2,2,4,1,2,8,0,1,0,17,3,5,1,15,3,2,0,32,6,7,1,0,0,1337303.0,281815.0,66865.15,14090.8,1404168.2,295905.8,0,0,0,0,0,0,0,0,0,0,0,0,0,0,0,0,394124,472949,0,0,0,0,0,0,0,0,0,0,0,0,0,0,0,0,0,0,0,0,0,0,0,0,0,0,,0,0,,2534,50688,0,0,523637,0,121092,253560,367663,0,0,,0,0,0,0,0,103060,57256,85883,0,0,45804,40079,68707,0,28628,0,0,0,57256,85882.0,572555.035,2,4796265,0,56.09741725,2,9119395.7131769,0,0,0,0,0,0,0,0,0,93264,93264,263998,247663,164999,154789,230999,216705,659996,619157,2608897,0,0,2608897,3277669,0,0,3277669,3332201.0,0.0,0,3332201.0,1061501,0.0,0,1061501.0,356347,0,0,356347,446468,0,0,446468,11083083.0,0.0,0,11083083.0,1700073.9,523637,367663,572555.035,4796265,7960194.105,9119395.7131769,0,93264,-40839,9078557,57256,85883,45804,40079,1700073.9,9212660.0833438,6260120.205,2952539.8781054,10068
2018,31,10,1,1,1,1,1,0,1,1,1,1,1,1,11,23,8,0.0,0.0,0.0,0.0,100.0,0.0,0,,0.0,0,,0.0,0.0,TEPUNG TERIGU,78.0,13,10.5,35,7.7,0,0.0,3.8,MAKANAN OLAHAN,67.3,12,6.7,64,13.5,33,7.8,4.7,2,2,2,5,2,1,6,1,1,0,22,4,6,1,15,2,2,0,37,6,8,1,0,0,1553313.0,325397.0,77665.65,16269.9,1630978.7,341666.9,0,0,0,0,0,0,0,0,0,0,0,0,0,0,0,0,0,0,0,0,0,0,0,0,0,0,0,0,30090,240718,0,0,0,0,0,0,0,0,0,0,0,0,0,0,,0,0,,880,17610,0,0,258328,0,78590,165013,239268,0,0,,0,0,0,0,0,103512,57507,86260,0,0,46005,40255,69008,0,28753,0,0,0,57507,86260.0,575066.923,2,7123996,0,87.29996426,2,10358301.6148803,0,0,0,0,0,0,0,0,0,1119998,1119998,269684,299303,168552,187064,235974,261891,674210,748258,2543834,0,0,2543834,2849095,0,0,2849095,3256108.0,0.0,82494,3173614.0,814027,0.0,0,814027.0,305260,0,0,305260,407014,0,16955,390059,10175338.0,0.0,99449,10075889.0,1972645.5,258328,239268,575066.923,7123996,10169304.247,10358301.6148803,0,1119998,74048,10432350,57507,86260,46005,40255,1972645.5,11478299.1330202,8196658.747,3281640.3863715,10069
2019,31,10,1,1,1,1,1,1,1,1,1,1,1,1,12,21,10,0.0,0.0,0.0,0.0,100.0,0.0,0,,0.0,0,,0.0,0.0,TEPUNG TERIGU,59.8,18,8.0,32,21.2,0,0.0,11.0,MAKANAN OLAHAN,86.8,35,4.5,12,4.3,32,2.1,2.3,2,2,2,4,2,0,8,1,1,0,21,4,6,1,14,2,2,0,35,6,8,1,0,0,1457689.0,320258.0,72884.45,16012.9,1530573.4,336270.9,0,0,0,0,0,0,0,0,0,0,0,0,0,0,0,0,0,0,0,0,0,0,0,0,0,0,0,0,34688,277500,0,0,0,0,0,0,0,0,0,0,0,0,0,0,,0,0,,813,16257,0,0,293757,0,38681,178065,258194,0,0,,0,0,0,0,0,83943,46635,69952,0,0,37308,32644,55962,0,23317,0,0,0,46635,69952.0,466348.271,2,7707772,0,85.80354219,2,10207674.8452339,30194,3355,33549,0,0,0,0,0,0,362047,362047,162222,176346,101389,110216,141945,154304,405556,440866,2543834,0,0,2543834,2849095,0,0,2849095,3173614.0,0.0,0,3173614.0,814027,37580.0,0,851607.0,305260,0,0,305260,390059,15012,0,405071,10075889.0,52592.0,0,10128481.0,1866844.4,293757,258194,466348.271,7707772,10592916.109,10207674.8452339,33549,362047,35310,10276533,46635,69952,37308,32644,1866844.4,10603270.3952835,8726071.759,1877198.636724,10069
2020,31,10,1,1,1,1,1,1,1,1,1,1,1,1,12,23,7,0.0,0.0,0.0,0.0,100.0,0.0,0,,0.0,0,,0.0,0.0,TEPUNG TERIGU,62.7,35,10.9,32,17.5,65,1.3,7.6,MAKANAN OLAHAN,32.6,35,22.7,75,17.8,33,17.8,9.1,2,2,2,1,3,0,1,1,0,0,16,3,5,1,11,2,1,0,27,5,6,1,0,0,1054850.0,231006.0,52742.5,11550.3,1107592.5,242556.3,0,0,0,0,0,0,0,0,0,0,0,0,0,0,0,0,0,0,0,0,0,0,0,0,0,0,0,0,23071,184567,0,0,0,0,0,0,0,0,0,0,0,0,0,0,,0,0,,788,15755,0,0,200322,0,12441,62350,90408,0,0,,0,0,0,0,0,60174,33430,50145,0,0,26744,23401,40116,0,16715,0,0,0,33430,50144.0,334299.439,2,4033326,0,53.8005434,2,6493929.3841784,0,0,0,0,0,0,0,0,0,389026,389026,218131,247072,136332,154420,190864,216187,545327,617679,2543834,94097,0,2637931,2849095,0,0,2849095,3173614.0,0.0,0,3173614.0,851607,0.0,0,851607.0,305260,0,0,305260,405071,5270,0,410341,10128481.0,99367.0,0,10227848.0,1350148.8,200322,90408,334299.439,4033326,6008503.435,6493929.3841784,0,389026,72352,6566281,33430,50145,26744,23401,1350148.8,6882955.4881313,4658354.635,2224600.8530846,10069
2021,31,10,1,0,0,1,1,1,1,1,0,1,1,1,9,21,8,0.0,0.0,0.0,0.0,100.0,0.0,0,,0.0,0,,0.0,0.0,TEPUNG TERIGU,99.3,35,0.1,18,0.3,35,0.2,0.1,MAKANAN OLAHAN,69.7,33,5.5,32,3.5,14,13.9,7.4,2,2,2,2,4,3,6,1,1,1,20,4,5,1,13,2,2,0,33,6,7,1,0,0,1116796.0,229314.0,55839.8,11465.7,1172635.8,240779.7,0,0,0,0,0,0,0,0,0,0,0,0,0,0,0,0,0,0,0,0,0,0,0,0,0,0,0,0,25134,201072,0,0,0,0,0,0,0,0,0,0,0,0,0,0,,0,0,,1039,20787,0,0,221860,0,23440,107454,155808,0,0,,0,0,0,0,0,84341,46856,70284,0,0,37485,32799,56227,0,23428,0,0,0,46856,70284.0,468560.478,2,6129080,0,44.68313877,2,7986815.753064,0,0,0,0,0,0,0,0,0,780092,780092,121207,119183,75754,74490,106057,104285,303018,297958,2637931,0,0,2637931,2849095,269910,0,3119005,3173614.0,162518.0,0,3336132.0,851607,65670.0,0,917277.0,305260,0,0,305260,410341,4097,0,414438,10227848.0,502195.0,0,10730043.0,1413415.5,221860,155808,468560.478,6129080,8388723.593,7986815.753064,0,780092,-5060,7981756,46856,70284,37485,32799,1413415.5,8766907.6191359,6975308.093,1791599.5266136,10069
2022,31,10,1,1,1,1,0,1,1,1,1,1,0,1,10,24,7,0.0,0.0,0.0,0.0,100.0,0.0,0,,0.0,0,,0.0,0.0,TEPUNG TERIGU,100.0,0,0.0,0,0.0,0,0.0,0.0,MAKANAN OLAHAN,73.3,35,13.8,0,0.0,0,0.0,12.9,2,2,0,1,3,0,6,1,1,0,16,3,5,1,11,2,1,0,27,5,6,1,0,0,1187530.0,260062.0,59376.5,13003.1,1246906.5,273065.1,0,0,0,0,0,0,0,0,0,0,0,0,0,0,0,0,0,0,0,0,0,0,0,0,0,0,0,0,17402,139220,0,0,0,0,0,0,0,0,0,0,0,0,0,0,,0,0,,476,9523,0,0,148742,0,16848,72323,104868,0,0,,0,0,0,0,0,51855,28808,43213,0,0,23047,20166,34570,0,14404,0,0,0,28808,43213.0,288084.24,2,4667708,0,89.25098484,2,7345024.0402243,0,0,0,0,0,0,0,0,0,595032,595032,137505,147453,85940,92158,120317,129021,343762,368632,2637931,0,0,2637931,3119005,58034,0,3177039,3336132.0,0.0,9905,3326227.0,917277,0.0,0,917277.0,305260,0,0,305260,414438,0,12645,401793,10730043.0,58034.0,22550,10765527.0,1519971.6,148742,104868,288084.24,4667708,6729374.217,7345024.0402243,0,595032,24870,7369894,28808,43213,23047,20166,1519971.6,7940056.4812201,5209402.617,2730653.863806,10069
2018,62,18,1,1,1,1,1,0,1,1,0,1,1,1,10,21,7,0.0,0.0,0.0,0.0,100.0,0.0,0,,0.0,0,,0.0,0.0,KERTAS HVS,72.1,33,3.8,35,12.7,12,7.2,4.2,BARANG CETAKAN,56.9,19,8.7,19,15.8,16,9.5,9.1,2,2,2,5,1,3,4,1,1,0,100,17,26,3,26,5,4,0,126,22,30,3,0,0,5020669.0,1119737.0,251033.45,55986.9,5271702.5,1175723.9,0,0,0,0,0,0,0,0,0,0,0,0,0,0,0,0,0,0,0,0,0,0,0,0,0,0,0,0,0,0,0,0,0,0,0,0,49903,598840,0,0,0,0,0,0,,0,0,,1550,30997,0,0,629837,0,49986,246693,357705,0,0,,0,0,0,0,0,153915,85508,128262,0,0,68407,59856,102610,0,42754,0,0,0,85508,128262.0,855082.003,0,7752647,2428386,90.9817415,2,21620566.6280887,0,0,0,0,0,0,0,0,0,363607,363607,665259,764192,415787,477620,582101,668667,1663147,1910479,3731449,91361,5309,3817501,4179223,0,118221,4061002,4776254.0,478137.0,0,5254391.0,1194064,0.0,0,1194064.0,447774,0,0,447774,597031,0,0,597031,14925795.0,569498.0,123530,15371763.0,6447426.3,629837,357705,855082.003,10181033,18471082.886,21620566.6280887,0,363607,247332,21867899,85508,99999,68407,59856,6447426.3,21984173.250505,12023656.586,9960516.6646703,10070
2019,62,18,1,1,1,1,1,1,1,1,1,1,1,1,12,21,7,0.0,0.0,0.0,0.0,100.0,0.0,0,,0.0,0,,0.0,0.0,KERTAS HVS,76.9,75,1.0,14,2.9,15,14.4,4.8,BARANG CETAKAN,40.9,63,30.5,51,5.8,53,13.1,9.7,2,2,2,3,1,0,5,0,0,1,78,13,20,2,20,4,3,0,98,17,23,2,0,0,3457884.0,751949.0,172894.2,37597.5,3630778.2,789546.5,0,0,0,0,0,0,0,0,0,0,0,0,0,0,0,0,0,0,0,0,0,0,0,0,0,0,0,0,0,0,0,0,0,0,0,0,33227,398722,0,0,0,0,0,0,,0,0,,1540,30804,0,0,429527,0,48838,137622,199552,0,0,,0,0,0,0,0,112651,62584,93876,0,0,50067,43809,75100,0,31292,0,0,0,62584,93874.0,625836.803,0,6121892,2390772,87.48800977,2,15686048.2944402,0,0,0,0,0,0,0,0,0,649615,649615,381462,372397,238414,232748,333779,325847,953655,930992,3817501,6011,0,3823512,4061002,182460,0,4243462,5254391.0,0.0,0,5254391.0,1194064,0.0,0,1194064.0,447774,0,0,447774,597031,21937,0,618968,15371763.0,210408.0,0,15582171.0,4420324.7,429527,199552,625836.803,8512664,14187903.97,15686048.2944402,0,649615,-22663,15663385,62584,93876,50067,43809,4420324.7,16335662.887191,9767579.32,6568083.5674927,10070
2020,62,18,1,1,1,1,1,1,1,1,1,1,1,1,12,25,8,0.0,0.0,0.0,0.0,100.0,0.0,0,,0.0,0,,0.0,0.0,KERTAS HVS,52.9,36,27.3,32,4.4,74,4.2,11.2,BARANG CETAKAN,68.9,12,6.8,73,9.6,12,8.1,6.6,2,2,2,1,3,3,1,1,0,1,78,13,20,3,21,4,3,0,99,17,23,3,0,0,3660269.0,820650.0,183013.45,41032.5,3843282.5,861682.5,0,0,0,0,0,0,0,0,0,0,0,0,0,0,0,0,0,0,0,0,0,0,0,0,0,0,0,0,0,0,0,0,0,0,0,0,28398,340777,0,0,0,0,0,0,,0,0,,873,17467,0,0,358244,0,35396,135215,196062,0,0,,0,0,0,0,0,135247,75137,112706,0,0,60110,52596,90165,0,37569,0,0,0,75137,112706.0,751372.959,0,5482071,3257101,89.2359894,2,14962702.0358479,0,0,0,0,0,0,0,0,0,1033729,1033729,340315,325227,212697,203267,297775,284574,850787,813068,3823512,0,0,3823512,4243462,93162,0,4336624,5254391.0,266273.0,0,5520664.0,1194064,86865.0,0,1280929.0,447774,0,0,447774,618968,0,0,618968,15582171.0,446300.0,0,16028471.0,4704965.0,358244,196062,751372.959,8739173,14749816.298,14962702.0358479,0,1033729,-37719,14924983,75137,99999,60110,52596,4704965.0,15996431.4336719,10044851.348,5951580.0857906,10070
2021,62,18,1,1,1,1,1,1,1,1,1,1,1,0,11,27,8,0.0,0.0,0.0,0.0,100.0,0.0,0,,0.0,0,,0.0,0.0,KERTAS HVS,52.4,31,13.7,36,0.4,74,20.1,13.4,BARANG CETAKAN,24.2,13,23.0,32,25.6,65,17.1,10.1,2,0,2,4,4,4,4,1,1,1,79,14,20,3,21,4,3,0,100,18,23,3,0,0,3014910.0,664502.0,150745.5,33225.1,3165655.5,697727.1,0,0,0,0,0,0,0,0,0,0,0,0,0,0,0,0,0,0,0,0,0,0,0,0,0,0,0,0,0,0,0,0,0,0,0,0,69576,834907,0,0,0,0,0,0,,0,0,,2981,59619,0,0,894526,0,132663,384831,558004,0,0,,0,0,0,0,0,235638,130910,196365,0,0,104728,91637,157092,0,65455,0,0,0,130910,196364.0,1309099.079,0,11993572,2005725,49.89852205,2,25368013.3202028,0,0,0,0,0,0,0,0,0,634749,634749,1021530,973292,638456,608308,893839,851630,2553825,2433230,3823512,0,0,3823512,4336624,0,196469,4140155,5520664.0,0.0,0,5520664.0,1280929,71937.0,0,1352866.0,447774,0,0,447774,618968,0,0,618968,16028471.0,71937.0,196469,15903939.0,3863382.6,894526,558004,1309099.079,13999297,20624308.84,25368013.3202028,0,634749,-120595,25247418,99999,99999,99999,91637,3863382.6,26002762.706048,16760926.24,9241836.4656733,10070
2022,62,18,1,1,1,1,1,1,1,1,1,1,1,1,12,23,7,0.0,0.0,0.0,0.0,100.0,0.0,0,,0.0,0,,0.0,0.0,KERTAS HVS,84.7,33,5.4,36,2.9,32,5.2,1.8,BARANG CETAKAN,85.9,21,4.4,18,4.6,35,3.5,1.6,0,0,0,3,2,1,6,1,0,1,70,13,18,2,18,3,3,0,88,16,21,2,0,0,3117689.0,689722.0,155884.45,34486.1,3273573.5,724208.1,0,0,0,0,0,0,0,0,0,0,0,0,0,0,0,0,0,0,0,0,0,0,0,0,0,0,0,0,0,0,0,0,0,0,0,0,30923,371079,0,0,0,0,0,0,,0,0,,1530,30606,0,0,401685,0,76630,304799,441958,0,0,,0,0,0,0,0,103185,57325,85988,0,0,45860,40128,68790,0,28662,0,0,0,57325,85987.0,573249.986,0,8208388,3250988,72.70549643,2,20462638.419809,0,0,0,0,0,0,0,0,0,649288,649288,356183,356953,222614,223096,311661,312334,890458,892383,3823512,0,0,3823512,4140155,0,0,4140155,5520664.0,0.0,0,5520664.0,1352866,0.0,0,1352866.0,447774,0,0,447774,618968,0,23721,595247,15903939.0,0.0,23721,15880218.0,3997781.6,401685,441958,573249.986,11459376,16874050.386,20462638.419809,0,649288,1925,20464563,57325,85988,45860,40128,3997781.6,21111926.6816201,12876268.836,8235657.8457676,10070
2019,61,25,1,1,1,1,1,1,1,1,1,1,0,1,11,24,7,0.0,0.0,0.0,0.0,100.0,0.0,0,,0.0,0,,0.0,0.0,PLAT BAJA,45.6,12,22.4,51,10.0,32,12.2,9.8,BARANG LOGAM,78.7,18,2.1,64,10.7,71,4.8,3.7,2,2,0,3,0,5,6,1,0,1,19,3,5,1,11,2,2,0,30,5,7,1,0,0,956226.0,218777.0,47811.3,10938.9,1004037.3,229715.9,0,0,0,0,0,0,0,0,0,0,0,0,0,0,0,0,0,0,0,0,0,0,0,0,0,0,0,0,56157,449255,0,0,0,0,0,0,0,0,0,0,0,0,0,0,,0,0,,2056,41122,0,0,490377,0,72070,223466,324025,0,0,,0,0,0,0,0,133540,74189,111283,0,0,59351,51932,89027,0,37094,0,0,0,74189,111284.0,741888.712,2,6892064,0,89.4181134,0,11063420.2699189,0,0,0,0,0,0,0,0,0,383061,383061,370732,376338,231708,235211,324391,329296,926831,940845,2962613,0,0,2962613,3318126,0,0,3318126,3792144.0,127356.0,0,3919500.0,948036,67151.0,0,1015187.0,355514,40657,0,396171,474018,15739,0,489757,11850451.0,250903.0,0,12101354.0,1233753.2,490377,324025,741888.712,6892064,9682108.05,11063420.2699189,0,383061,14014,11077434,74189,99999,59351,51932,1233753.2,11446481.4293557,8448354.9,2998126.5289235,10071
2020,61,25,1,1,1,1,1,1,1,1,1,1,1,1,12,25,7,0.0,0.0,0.0,0.0,100.0,0.0,0,,0.0,0,,0.0,0.0,PLAT BAJA,56.7,31,14.2,16,5.2,33,7.9,16.0,BARANG LOGAM,39.3,12,21.4,35,10.6,14,16.8,11.9,2,2,2,2,5,3,1,1,0,1,17,3,5,1,10,2,1,0,27,5,6,1,0,0,910790.0,199458.0,45539.5,9972.9,956329.5,209430.9,0,0,0,0,0,0,0,0,0,0,0,0,0,0,0,0,0,0,0,0,0,0,0,0,0,0,0,0,57613,460902,0,0,0,0,0,0,0,0,0,0,0,0,0,0,,0,0,,723,14452,0,0,475354,0,38163,220235,319340,0,0,,0,0,0,0,0,88091,48940,73410,0,0,39152,34258,58728,0,24470,0,0,0,48940,73408.0,489397.051,2,8180176,0,74.84135622,0,12492911.13462,0,0,0,0,0,0,0,0,0,1170163,1170163,268780,302188,167987,188867,235182,264414,671949,755469,2962613,0,0,2962613,3318126,81166,0,3399292,3919500.0,20132.0,1411,3938221.0,1015187,0.0,42939,972248.0,396171,0,0,396171,489757,0,0,489757,12101354.0,101298.0,44350,12158302.0,1165760.4,475354,319340,489397.051,8180176,10630028.022,12492911.13462,0,1170163,83520,12576431,48940,73410,39152,34258,1165760.4,13663074.2142813,9464267.622,4198806.5922862,10071
2021,61,25,1,0,1,1,1,1,1,1,1,1,1,1,11,22,7,0.0,0.0,0.0,0.0,100.0,0.0,0,,0.0,0,,0.0,0.0,PLAT BAJA,32.7,32,30.5,35,18.7,12,5.6,12.5,BARANG LOGAM,69.0,35,0.4,32,18.6,34,5.6,6.4,2,2,2,3,1,2,3,0,1,0,19,3,5,1,11,2,2,0,30,5,7,1,0,0,1058190.0,242105.0,52909.5,12105.2,1111099.5,254210.2,0,0,0,0,0,0,0,0,0,0,0,0,0,0,0,0,0,0,0,0,0,0,0,0,0,0,0,0,44330,354644,0,0,0,0,0,0,0,0,0,0,0,0,0,0,,0,0,,726,14529,0,0,369173,0,32849,175102,253898,0,0,,0,0,0,0,0,126556,70309,105463,0,0,56247,49216,84371,0,35154,0,0,0,70309,105464.0,703088.854,2,5895070,0,58.82555712,0,9215591.5167278,0,0,0,0,0,0,0,0,0,608296,608296,303145,344166,189466,215104,265251,301144,757862,860414,2962613,82557,7045,3038125,3399292,0,0,3399292,3938221.0,422137.0,0,4360358.0,972248,3882.0,0,976130.0,396171,0,0,396171,489757,50601,0,540358,12158302.0,559177.0,7045,12710434.0,1365309.8,369173,253898,703088.854,5895070,8586540.678,9215591.5167278,0,608296,102552,9318144,70309,99999,56247,49216,1365309.8,9823887.9439922,7221230.928,2602657.0157019,10071
2022,61,25,1,1,1,1,1,1,1,1,1,1,0,1,11,25,7,0.0,0.0,0.0,0.0,100.0,0.0,0,,0.0,0,,0.0,0.0,PLAT BAJA,88.9,35,5.4,31,0.2,91,3.5,2.0,BARANG LOGAM,65.3,32,2.4,36,11.2,31,14.1,7.0,2,2,2,4,0,0,6,0,1,0,21,4,5,1,12,2,2,0,33,6,7,1,0,0,952820.0,195645.0,47641.0,9782.2,1000461.0,205427.2,0,0,0,0,0,0,0,0,0,0,0,0,0,0,0,0,0,0,0,0,0,0,0,0,0,0,0,0,66349,530794,0,0,0,0,0,0,0,0,0,0,0,0,0,0,,0,0,,1404,28082,0,0,558875,0,105658,359687,521546,0,0,,0,0,0,0,0,171864,95480,143220,0,0,76384,66836,114576,0,47740,0,0,0,95480,143222.0,954801.53,2,9972889,0,52.7975508,0,14455519.6653371,0,0,0,0,0,0,0,0,0,184307,184307,562821,523536,351763,327210,492469,458095,1407053,1308841,3038125,152687,0,3190812,3399292,0,0,3399292,4360358.0,409770.0,0,4770128.0,976130,0.0,0,976130.0,396171,0,1744,394427,540358,0,0,540358,12710434.0,562457.0,1744,13271147.0,1205888.2,558875,521546,954801.53,9972889,13214000.241,14455519.6653371,0,184307,-98212,14357308,95480,99999,76384,66836,1205888.2,14639826.4843155,12008111.991,2631714.4928179,10071
2018,15,20,1,1,1,0,1,1,1,1,1,1,1,1,11,22,7,0.8,2.5,1.6,0.3,11.2,83.6,458,MANUFACTURING,83.6,0,,0.0,0.0,BAHAN KIMIA DASAR,38.4,21,10.1,33,29.2,35,9.0,13.3,PRODUK KIMIA,79.7,35,6.5,33,6.1,21,3.3,4.4,2,2,2,3,2,4,6,1,1,0,45,8,12,1,9,2,1,0,54,10,13,1,4,0,3250838.0,711517.0,162541.9,35575.8,3413379.9,747092.8,0,0,0,0,0,0,0,0,0,0,0,0,0,0,0,0,0,0,0,0,0,0,0,0,0,0,0,0,77159,617273,0,0,0,0,0,0,0,0,0,0,0,0,0,0,,0,0,,1153,23061,0,0,640334,0,106304,345101,500396,0,0,,0,0,0,0,0,140010,77784,116675,0,0,62227,54448,93340,0,38892,0,0,0,77784,116675.0,777835.186,0,7521825,1619900,74.20439072,2,12850094.0349551,0,0,0,0,0,0,0,0,0,646462,646462,536202,592560,335126,370350,469177,518490,1340505,1481400,5635608,0,0,5635608,6311881,0,0,6311881,7213578.0,0.0,0,7213578.0,1803395,44104.0,0,1847499.0,676273,0,0,676273,901697,0,0,901697,22542432.0,44104.0,0,22586536.0,4160472.8,640334,500396,777835.186,9141725,15220763.598,12850094.0349551,0,646462,140895,12990989,77784,99999,62227,54448,4160472.8,13496555.7110367,11060290.848,2436264.8629509,10072
2019,15,20,1,1,1,0,1,1,1,1,1,1,1,1,11,23,7,1.8,5.4,3.6,0.7,24.6,63.9,458,MANUFACTURING,63.9,0,,0.0,0.0,BAHAN KIMIA DASAR,87.8,94,6.3,33,3.6,0,0.0,2.3,PRODUK KIMIA,34.2,19,21.5,33,2.8,32,28.6,12.9,2,2,2,2,1,4,4,0,1,1,41,7,11,1,8,2,1,0,49,9,12,1,4,0,2939628.0,659275.0,146981.4,32963.8,3086609.4,692238.8,0,0,0,0,0,0,0,0,0,0,0,0,0,0,0,0,0,0,0,0,0,0,0,0,0,0,0,0,74489,595908,0,0,0,0,0,0,0,0,0,0,0,0,0,0,,0,0,,3060,61207,0,0,657115,0,66090,269954,391434,0,0,,0,0,0,0,0,59005,32781,49171,0,0,26225,22946,39337,0,16390,0,0,0,32781,49171.0,327807.324,0,4544534,4806318,73.47693967,2,13149529.3356857,381092,42344,423436,0,0,0,0,0,0,783392,783392,349479,392206,218424,245129,305795,343181,873698,980516,5635608,0,0,5635608,6311881,0,0,6311881,7213578.0,0.0,150258,7063320.0,1847499,0.0,0,1847499.0,676273,0,0,676273,901697,0,0,901697,22586536.0,0.0,150258,22436278.0,3778848.1,657115,391434,327807.324,9350852,14506056.309,13149529.3356857,423436,783392,106818,13679783,32781,49171,26225,22946,3778848.1,14356356.8706469,10727208.159,3629148.7117193,10072
2020,15,20,1,1,0,0,1,1,0,1,1,1,1,1,9,23,7,3.6,10.9,7.2,1.4,49.3,27.6,158,MANUFACTURING,27.6,0,,0.0,0.0,BAHAN KIMIA DASAR,59.6,33,7.8,32,13.5,12,13.6,5.5,PRODUK KIMIA,40.6,94,19.6,16,26.8,12,3.9,9.1,2,2,2,1,3,3,7,0,1,1,38,7,10,1,8,1,1,0,46,8,11,1,2,0,2805021.0,623742.0,140251.05,31187.1,2945272.1,654929.1,0,0,0,0,0,0,0,0,0,0,0,0,0,0,0,0,0,0,0,0,0,0,0,0,0,0,0,0,71865,574918,0,0,0,0,0,0,0,0,0,0,0,0,0,0,,0,0,,1295,25892,0,0,600809,0,93745,288805,418767,0,0,,0,0,0,0,0,98061,54478,81718,0,0,43583,38135,65374,0,27239,0,0,0,54478,81718.0,544784.287,0,6075605,1207843,94.69921068,2,10897484.840235,0,0,0,0,0,0,0,0,0,318755,318755,437010,512968,273131,320605,382383,448846,1092524,1282419,5635608,224609,0,5860217,6311881,0,227459,6084422,7063320.0,0.0,0,7063320.0,1847499,0.0,0,1847499.0,676273,0,0,676273,901697,22006,0,923703,22436278.0,246615.0,227459,22455434.0,3600201.2,600809,418767,544784.287,7283447,12448009.649,10897484.840235,0,318755,189895,11087380,54478,81718,43583,38135,3600201.2,11216239.9997055,8847808.499,2368431.501161,10072
2021,15,20,1,1,1,1,1,1,1,1,0,1,1,1,11,27,7,4.2,12.5,8.4,1.7,56.8,16.4,702,MANUFACTURING,16.4,0,,0.0,0.0,BAHAN KIMIA DASAR,59.0,32,20.6,31,6.0,36,7.7,6.7,PRODUK KIMIA,54.9,32,15.1,35,12.0,36,13.3,4.7,2,2,2,4,0,1,0,0,0,1,35,6,9,1,7,1,1,0,42,7,10,1,1,0,2792227.0,627268.0,139611.35,31363.4,2931838.4,658631.4,0,0,0,0,0,0,0,0,0,0,0,0,0,0,0,0,0,0,0,0,0,0,0,0,0,0,0,0,52838,422705,0,0,0,0,0,0,0,0,0,0,0,0,0,0,,0,0,,1227,24542,0,0,447247,0,47111,246783,357835,0,0,,0,0,0,0,0,90392,50218,75326,0,0,40174,35152,60261,0,25109,0,0,0,50218,75326.0,502176.216,0,3031934,2270354,62.99795311,2,8904130.1852944,0,0,0,0,0,0,0,0,0,153660,153660,273222,258404,170764,161502,239068,226103,683054,646009,5860217,61059,181446,5739830,6084422,0,0,6084422,7063320.0,0.0,0,7063320.0,1847499,0.0,0,1847499.0,676273,17360,26752,666881,923703,0,0,923703,22455434.0,78419.0,208198,22325655.0,3590469.8,447247,357835,502176.216,5302288,10200015.93,8904130.1852944,0,153660,-37045,8867085,50218,75326,40174,35152,3590469.8,9057789.7893193,6609546.18,2448243.6091874,10072
2022,15,20,1,0,1,1,1,1,1,1,1,1,1,1,11,23,7,2.4,7.2,4.8,1.0,32.4,52.2,392,MANUFACTURING,52.2,0,,0.0,0.0,BAHAN KIMIA DASAR,63.5,32,7.4,33,16.7,21,7.1,5.3,PRODUK KIMIA,99.7,35,0.1,18,0.1,35,0.1,-0.0,2,2,2,3,4,4,3,0,1,0,37,7,9,1,7,1,1,0,44,8,10,1,2,0,2282602.0,483204.0,114130.1,24160.2,2396732.1,507364.2,0,0,0,0,0,0,0,0,0,0,0,0,0,0,0,0,0,0,0,0,0,0,0,0,0,0,0,0,63663,509300,0,0,0,0,0,0,0,0,0,0,0,0,0,0,,0,0,,962,19245,0,0,528545,0,45496,255984,371177,0,0,,0,0,0,0,0,124847,69360,104039,0,0,55488,48552,83232,0,34680,0,0,0,69360,104038.0,693595.646,0,5396324,1289092,57.5239881,2,9718789.0525254,0,0,0,0,0,0,0,0,0,451184,451184,404421,456790,252763,285494,353868,399691,1011052,1141975,5739830,635429,0,6375259,6084422,0,0,6084422,7063320.0,0.0,0,7063320.0,1847499,0.0,0,1847499.0,666881,0,0,666881,923703,0,0,923703,22325655.0,635429.0,0,22961084.0,2904096.3,528545,371177,693595.646,6685416,11182830.149,9718789.0525254,0,451184,130923,9849712,69360,99999,55488,48552,2904096.3,10169972.7211912,8278733.849,1891238.8719874,10072
2018,33,22,1,1,0,1,1,1,1,1,1,1,1,1,11,21,7,0.0,0.0,0.0,0.0,100.0,0.0,0,,0.0,0,,0.0,0.0,BIJIH PLASTIK,57.9,31,22.3,34,10.7,0,0.0,9.1,BARANG PLASTIK,75.2,35,7.9,31,2.5,35,9.6,4.8,2,2,2,3,3,3,6,1,0,1,29,5,8,1,19,4,3,0,48,9,11,1,0,0,1991028.0,419440.0,99551.4,20972.0,2090579.4,440412.0,0,0,0,0,28439,270166,0,0,0,0,0,0,0,0,0,0,0,0,0,0,0,0,0,0,0,0,0,0,0,0,0,0,0,0,0,0,0,0,0,0,0,0,0,0,,0,0,,857,17138,0,0,287304,0,33616,115654,167699,0,0,,0,0,0,0,0,70906,39392,59088,0,0,31514,27575,47271,0,19696,0,0,0,39392,59089.0,393923.275,0,3863531,1317073,94.42548731,0,7193063.1724419,0,0,0,0,0,0,0,0,0,625904,625904,234822,246986,146764,154366,205468,216112,587054,617464,1548366,0,0,1548366,1734170,3185,0,1737355,1981908.0,0.0,0,1981908.0,495477,0.0,0,495477.0,185804,17921,0,203725,247738,0,0,247738,6193463.0,21106.0,0,6214569.0,2530991.4,287304,167699,393923.275,5180604,8560521.588,7193063.1724419,0,625904,30410,7223473,39392,59088,31514,27575,2530991.4,7818966.8176274,6029530.188,1789436.6294559,10073
2019,33,22,0,1,1,1,1,1,1,1,1,1,1,1,11,26,7,0.0,0.0,0.0,0.0,100.0,0.0,0,,0.0,0,,0.0,0.0,BIJIH PLASTIK,59.8,35,1.6,72,11.8,32,19.5,7.3,BARANG PLASTIK,64.4,13,9.2,32,2.6,51,16.3,7.5,2,2,2,5,2,1,8,1,1,0,24,4,7,1,15,3,2,0,39,7,9,1,0,1,1538207.0,334654.0,76910.35,16732.7,1615117.4,351386.7,0,0,0,0,19819,188279,0,0,0,0,0,0,0,0,0,0,0,0,0,0,0,0,0,0,0,0,0,0,0,0,0,0,0,0,0,0,0,0,0,0,0,0,0,0,,0,0,,316,6315,0,0,194595,0,21006,89755,130145,0,0,,0,0,0,0,0,70627,39237,58856,0,0,31390,27466,47084,0,19618,0,0,0,39237,58855.0,392369.704,0,2691768,1780844,87.70506404,0,6802450.4870719,0,0,0,0,0,0,0,0,0,77209,77209,226067,217039,141292,135649,197809,189909,565168,542597,1548366,0,55133,1493233,1737355,0,0,1737355,1981908.0,0.0,32270,1949638.0,495477,0.0,0,495477.0,203725,16247,0,219972,247738,16106,0,263844,6214569.0,32353.0,87403,6159519.0,1966504.1,194595,130145,392369.704,4472612,7156224.947,6802450.4870719,0,77209,-22571,6779879,39237,58856,31390,27466,1966504.1,6879659.5438551,5189720.897,1689938.646723,10073
2020,33,22,1,1,1,1,1,1,1,1,1,1,1,1,12,22,9,0.0,0.0,0.0,0.0,100.0,0.0,0,,0.0,0,,0.0,0.0,BIJIH PLASTIK,45.1,35,15.5,75,19.0,72,14.5,5.9,BARANG PLASTIK,42.1,32,42.4,0,0.0,0,0.0,15.5,2,2,2,3,2,2,5,0,0,1,21,4,6,1,13,2,2,0,34,6,8,1,0,0,1334699.0,300566.0,66734.95,15028.3,1401433.9,315594.3,0,0,0,0,24421,231997,0,0,0,0,0,0,0,0,0,0,0,0,0,0,0,0,0,0,0,0,0,0,0,0,0,0,0,0,0,0,0,0,0,0,0,0,0,0,,0,0,,997,19942,0,0,251938,0,25427,106397,154275,0,0,,0,0,0,0,0,23976,13320,19980,0,0,10656,9324,15984,0,6660,0,0,0,13320,19978.0,133198.461,0,1307775,2317042,51.36745674,0,5726052.9273583,0,0,0,0,0,0,0,0,0,64368,64368,94889,100493,59306,62808,83028,87932,237223,251233,1493233,0,0,1493233,1737355,0,0,1737355,1949638.0,0.0,0,1949638.0,495477,14207.0,0,509684.0,219972,0,0,219972,263844,13560,0,277404,6159519.0,27767.0,0,6187286.0,1717028.2,251938,154275,133198.461,3624817,5881257.099,5726052.9273583,0,64368,14010,5740063,13320,19980,10656,9324,1717028.2,5790420.5628235,4164228.849,1626191.7141753,10073
2021,33,22,1,1,1,1,1,1,0,0,1,1,1,1,10,21,8,0.0,0.0,0.0,0.0,100.0,0.0,0,,0.0,0,,0.0,0.0,BIJIH PLASTIK,53.2,74,1.7,32,18.1,34,18.7,8.3,BARANG PLASTIK,28.3,12,27.1,16,27.4,0,0.0,17.2,2,2,2,2,4,2,0,0,1,0,20,4,5,1,13,2,2,0,33,6,7,1,0,0,1330007.0,273093.0,66500.35,13654.7,1396507.4,286747.7,0,0,0,0,24526,232999,0,0,0,0,0,0,0,0,0,0,0,0,0,0,0,0,0,0,0,0,0,0,0,0,0,0,0,0,0,0,0,0,0,0,0,0,0,0,,0,0,,834,16679,0,0,249678,0,35189,129744,188129,0,0,,0,0,0,0,0,38317,21287,31931,0,0,17030,14901,25545,0,10644,0,0,0,21287,31932.0,212873.977,0,3605171,328054,69.52347571,0,6057198.2834197,0,0,0,0,0,0,0,0,0,473211,473211,176415,203454,110260,127159,154363,178022,441038,508635,1493233,0,0,1493233,1737355,0,0,1737355,1949638.0,0.0,0,1949638.0,509684,38926.0,23530,525080.0,219972,10853,0,230825,277404,0,1548,275856,6187286.0,49779.0,25078,6211987.0,1683255.0,249678,188129,212873.977,3933224,6267159.493,6057198.2834197,0,473211,67597,6124795,21287,31931,17030,14901,1683255.0,6530409.4739649,4583904.493,1946504.9812122,10073
2018,31,31,1,1,1,1,1,1,1,1,0,0,1,1,10,24,8,0.0,0.0,0.0,0.0,100.0,0.0,0,,0.0,0,,0.0,0.0,KAYU OLAHAN,55.7,82,6.5,16,26.8,0,0.0,11.0,FURNITUR,87.8,35,3.5,36,3.8,14,3.4,1.5,0,2,2,3,3,0,7,0,0,0,23,4,6,1,8,2,1,0,31,6,7,1,0,0,1100811.0,238246.0,55040.55,11912.3,1155851.6,250158.3,0,0,0,0,0,0,0,0,0,0,0,0,0,0,0,0,0,0,0,0,0,0,0,0,0,0,0,0,0,0,0,0,0,0,0,0,0,0,0,0,232353,185883,0,0,,0,0,,669,13382,0,0,199265,0,13098,65376,94796,0,0,,0,0,0,0,0,63083,35046,52569,0,0,28037,24532,42056,0,17523,0,0,0,35046,52571.0,350462.95,2,4505294,0,64.73023953,2,7700450.9832021,0,0,0,0,0,0,0,0,0,163976,163976,224871,240330,140544,150206,196762,210289,562177,600825,1218366,3476,0,1221842,1364570,89669,0,1454239,1559509.0,0.0,7776,1551733.0,389877,17214.0,0,407091.0,146204,0,0,146204,194940,0,0,194940,4873466.0,110359.0,7776,4976049.0,1406009.9,199265,94796,350462.95,4505294,6555827.465,7700450.9832021,0,163976,38648,7739099,35046,52569,28037,24532,1406009.9,7864426.5038711,5149817.615,2714608.8885725,10074
2019,31,31,1,1,1,0,0,1,1,1,1,1,1,1,10,23,7,0.0,0.0,0.0,0.0,100.0,0.0,0,,0.0,0,,0.0,0.0,KAYU OLAHAN,39.5,35,26.4,33,19.5,32,1.3,13.3,FURNITUR,61.8,36,16.0,33,2.7,21,10.1,9.4,0,2,2,2,1,0,7,0,0,1,28,4,7,1,9,2,1,0,37,6,8,1,0,0,1171525.0,245418.0,58576.25,12270.9,1230101.2,257688.9,0,0,0,0,0,0,0,0,0,0,0,0,0,0,0,0,0,0,0,0,0,0,0,0,0,0,0,0,0,0,0,0,0,0,0,0,0,0,0,0,275463,220370,0,0,,0,0,,563,11267,0,0,231637,0,14166,75335,109235,0,0,,0,0,0,0,0,40114,22286,33429,0,0,17829,15600,26743,0,11143,0,0,0,22286,33427.0,222857.096,2,3848200,0,56.52044114,2,6634020.4570878,0,0,0,0,0,0,0,0,0,294292,294292,149831,155002,93644,96876,131102,135628,374577,387506,1221842,145938,0,1367780,1454239,86720,0,1540959,1551733.0,0.0,60989,1490744.0,407091,0.0,0,407091.0,146204,0,0,146204,194940,0,0,194940,4976049.0,232658.0,60989,5147718.0,1487790.1,231637,109235,222857.096,3848200,5899719.454,6634020.4570878,0,294292,12929,6646949,22286,33429,17829,15600,1487790.1,6928312.4076976,4411929.304,2516383.1039962,10074
2020,31,31,1,1,1,1,1,1,1,1,1,1,1,1,12,24,7,0.0,0.0,0.0,0.0,100.0,0.0,0,,0.0,0,,0.0,0.0,KAYU OLAHAN,97.4,51,0.9,14,0.1,32,0.9,0.7,FURNITUR,79.3,18,3.5,82,1.8,32,8.3,7.1,0,2,2,3,1,1,5,0,1,1,30,5,8,1,10,2,1,0,40,7,9,1,0,2,1031945.0,219736.0,51597.25,10986.8,1083542.2,230722.8,0,0,0,0,0,0,0,0,0,0,0,0,0,0,0,0,0,0,0,0,0,0,0,0,0,0,0,0,0,0,0,0,0,0,0,0,0,0,0,0,127582,102066,0,0,,0,0,,239,4778,0,0,106843,0,24226,64185,93068,0,0,,0,0,0,0,0,81340,45189,67783,0,0,36151,31632,54227,0,22594,0,0,0,45189,67784.0,451889.386,2,4718991,0,51.79359593,2,7676854.4217267,0,0,0,0,0,0,0,0,0,188969,188969,298130,344236,186331,215147,260864,301206,745325,860589,1367780,0,0,1367780,1540959,0,0,1540959,1490744.0,0.0,0,1490744.0,407091,0.0,0,407091.0,146204,4453,0,150657,194940,0,0,194940,5147718.0,4453.0,0,5152171.0,1314265.1,106843,93068,451889.386,4718991,6685057.416,7676854.4217267,0,188969,115264,7792118,45189,67783,36151,31632,1314265.1,7865823.5649405,5370792.366,2495031.1988911,10074
2021,31,31,0,1,1,1,1,1,1,1,1,1,1,1,11,21,7,0.0,0.0,0.0,0.0,100.0,0.0,0,,0.0,0,,0.0,0.0,KAYU OLAHAN,91.5,34,4.1,35,1.8,35,1.3,1.3,FURNITUR,61.5,16,13.4,82,12.6,33,8.4,4.1,2,2,2,1,0,0,7,0,1,0,31,5,8,1,10,2,2,0,41,7,10,1,0,0,1251677.0,287044.0,62583.85,14352.2,1314260.9,301396.2,0,0,0,0,0,0,0,0,0,0,0,0,0,0,0,0,0,0,0,0,0,0,0,0,0,0,0,0,0,0,0,0,0,0,0,0,0,0,0,0,242739,194191,0,0,,0,0,,1033,20664,0,0,214855,0,33859,93949,136226,0,0,,0,0,0,0,0,120856,67142,100714,0,0,53714,47000,80571,0,33571,0,0,0,67142,100715.0,671424.746,2,5115628,0,79.43145967,2,9149544.5904405,0,0,0,0,0,0,0,0,0,704233,704233,271010,303645,169381,189778,237133,265690,677524,759113,1367780,0,0,1367780,1540959,164559,68039,1637479,1490744.0,0.0,0,1490744.0,407091,0.0,0,407091.0,150657,0,5007,145650,194940,15065,0,210005,5152171.0,179624.0,73046,5258749.0,1615657.1,214855,136226,671424.746,5115628,7753790.522,9149544.5904405,0,704233,81589,9231134,67142,99999,53714,47000,1615657.1,9853777.5763036,6138133.472,3715644.1039247,10074
2022,31,31,0,0,0,0,0,0,0,0,0,0,0,0,0,0,0,0.0,0.0,0.0,0.0,100.0,0.0,0,,0.0,0,,0.0,0.0,KAYU OLAHAN,74.3,33,12.8,35,7.0,36,1.8,4.1,FURNITUR,95.3,36,2.4,35,0.8,61,0.5,1.0,2,2,2,4,4,4,6,1,0,1,0,0,0,0,0,0,0,0,0,0,0,0,0,0,0.0,0.0,0.0,0.0,0.0,0.0,0,0,0,0,0,0,0,0,0,0,0,0,0,0,0,0,0,0,0,0,0,0,0,0,0,0,0,0,0,0,0,0,0,0,0,0,0,0,0,0,0,0,0,0,,0,0,,0,0,0,0,0,0,0,0,0,0,0,,0,0,0,0,0,0,0,0,0,0,0,0,0,0,0,0,0,0,0,0.0,0.0,2,0,0,0.0,2,0.0,0,0,0,0,0,0,0,0,0,0,0,0,0,0,0,0,0,0,0,1367780,0,0,1367780,1637479,0,0,1637479,1490744.0,142176.0,0,1632920.0,407091,0.0,0,407091.0,145650,0,0,145650,210005,0,2288,207717,5258749.0,142176.0,2288,5398637.0,0.0,0,0,0.0,0,0.0,0.0,0,0,0,0,0,0,0,0,0.0,0.0,0.0,0.0,10074
2018,35,14,1,1,1,1,1,1,0,0,1,1,1,1,10,26,7,0.0,0.0,0.0,0.0,100.0,0.0,0,,0.0,0,,0.0,0.0,KAIN KATUN,63.3,32,13.1,33,7.5,32,11.9,4.2,PAKAIAN JADI,15.0,32,16.9,34,37.1,32,19.1,11.9,0,2,2,1,4,3,4,1,1,0,20,3,4,1,4,1,1,0,24,4,5,1,0,0,800141.0,171683.0,40007.05,8584.1,840148.1,180267.1,0,0,0,0,0,0,0,0,0,0,0,0,0,0,0,0,0,0,0,0,0,0,0,0,0,0,0,0,0,0,0,0,0,0,0,0,5230,62756,0,0,0,0,0,0,,0,0,,223,4468,0,0,67224,0,11903,52425,76016,0,0,,0,0,0,0,0,28112,15618,23427,0,0,12494,10933,18742,0,7809,0,0,0,15618,23427.0,156179.645,2,2359516,0,82.24643854,0,4467394.6833557,0,0,0,0,0,0,0,0,0,159039,159039,83442,91412,52151,57133,73011,79986,208604,228531,724826,59129,0,783955,811805,14915,0,826720,927777.0,0.0,0,927777.0,231944,7526.0,0,239470.0,86979,0,0,86979,115971,0,0,115971,2899302.0,81570.0,0,2980872.0,1020415.2,67224,76016,156179.645,2359516,3679350.804,4467394.6833557,0,159039,19927,4487322,15618,23427,12494,10933,1020415.2,4626433.4144615,2658935.604,1967497.810123,10075
2019,35,14,1,0,1,1,1,1,1,1,1,1,1,1,11,24,8,0.0,0.0,0.0,0.0,100.0,0.0,0,,0.0,0,,0.0,0.0,KAIN KATUN,84.5,71,7.1,33,2.7,15,3.5,2.2,PAKAIAN JADI,43.7,13,3.7,32,40.0,0,0.0,12.6,2,2,2,3,5,4,1,0,1,1,21,3,4,1,5,1,1,0,26,4,5,1,0,0,1138390.0,227982.0,56919.5,11399.1,1195309.5,239381.1,0,0,0,0,0,0,0,0,0,0,0,0,0,0,0,0,0,0,0,0,0,0,0,0,0,0,0,0,0,0,0,0,0,0,0,0,5553,66638,0,0,0,0,0,0,,0,0,,370,7396,0,0,74034,0,5343,31512,45693,0,0,,0,0,0,0,0,51270,28484,42725,0,0,22787,19939,34180,0,14242,0,0,0,28484,42725.0,284836.336,2,2152413,0,55.94754771,0,3954010.8288199,0,0,0,0,0,0,0,0,0,300508,300508,110165,112375,68853,70234,96395,98329,275413,280938,783955,0,0,783955,826720,0,0,826720,927777.0,33288.0,15438,945627.0,239470,5392.0,0,244862.0,86979,0,0,86979,115971,6884,0,122855,2980872.0,45564.0,15438,3010998.0,1434690.6,74034,45693,284836.336,2152413,3991667.171,3954010.8288199,0,300508,5525,3959536,28484,42725,22787,19939,1434690.6,4254518.7690964,2556976.571,1697542.1984578,10075
2020,35,14,1,1,1,1,1,1,1,1,1,1,1,1,12,25,7,0.0,0.0,0.0,0.0,100.0,0.0,0,,0.0,0,,0.0,0.0,KAIN KATUN,69.0,75,7.8,36,11.9,0,0.0,11.3,PAKAIAN JADI,37.8,32,18.9,18,8.5,82,12.0,22.8,0,2,2,1,3,4,2,0,1,0,21,3,5,1,5,1,1,0,26,4,6,1,0,0,1124320.0,262628.0,56216.0,13131.4,1180536.0,275759.4,0,0,0,0,0,0,0,0,0,0,0,0,0,0,0,0,0,0,0,0,0,0,0,0,0,0,0,0,0,0,0,0,0,0,0,0,7715,92583,0,0,0,0,0,0,,0,0,,217,4338,0,0,96921,0,5674,24439,35436,0,0,,0,0,0,0,0,45329,25183,37774,0,0,20146,17628,30219,0,12591,0,0,0,25183,37775.0,251827.757,2,2999054,0,78.29345423,0,5051181.3006819,0,0,0,0,0,0,0,0,0,185403,185403,81540,89981,50963,56238,71348,78733,203851,224952,783955,0,0,783955,826720,77513,0,904233,945627.0,29999.0,17901,957725.0,244862,0.0,0,244862.0,86979,0,0,86979,122855,9287,0,132142,3010998.0,116799.0,17901,3109896.0,1456295.4,96921,35436,251827.757,2999054,4839533.964,5051181.3006819,0,185403,21101,5072282,25183,37774,20146,17628,1456295.4,5236583.9916718,3383238.564,1853345.4272499,10075
2021,35,14,1,1,1,1,1,0,1,1,1,1,1,0,10,24,7,0.0,0.0,0.0,0.0,100.0,0.0,0,,0.0,0,,0.0,0.0,KAIN KATUN,87.7,18,1.9,31,7.4,64,0.6,2.4,PAKAIAN JADI,27.1,11,18.1,33,1.9,81,35.8,17.1,2,2,2,5,2,1,3,1,0,1,21,3,5,1,5,1,1,0,26,4,6,1,0,0,908877.0,212303.0,45443.85,10615.2,954320.9,222918.2,0,0,0,0,0,0,0,0,0,0,0,0,0,0,0,0,0,0,0,0,0,0,0,0,0,0,0,0,0,0,0,0,0,0,0,0,6546,78551,0,0,0,0,0,0,,0,0,,281,5624,0,0,84175,0,10155,51513,74694,0,0,,0,0,0,0,0,26367,14649,21973,0,0,11719,10254,17578,0,7324,0,0,0,14649,21973.0,146485.97,2,4054391,0,75.36021126,0,6452482.6790494,30057,3340,33397,0,0,0,0,0,0,342311,342311,93786,100452,58616,62782,82064,87895,234466,251129,783955,0,37824,746131,904233,0,0,904233,957725.0,90287.0,0,1048012.0,244862,17194.0,0,262056.0,86979,4271,2362,88888,132142,0,0,132142,3109896.0,111752.0,40186,3181462.0,1177239.0,84175,74694,146485.97,4054391,5536984.487,6452482.6790494,33397,342311,16663,6502542,14649,21973,11719,10254,1177239.0,6828190.2361764,4359745.487,2468444.7492844,10075
2022,35,14,1,1,1,1,0,1,1,0,1,1,1,1,10,24,7,0.0,0.0,0.0,0.0,100.0,0.0,0,,0.0,0,,0.0,0.0,KAIN KATUN,99.2,33,0.4,34,0.1,16,0.2,0.1,PAKAIAN JADI,56.5,17,7.5,64,10.7,61,11.1,14.2,2,2,2,4,2,2,3,0,0,1,26,5,6,1,5,1,1,0,31,6,7,1,0,0,1130371.0,244644.0,56518.55,12232.2,1186889.6,256876.2,0,0,0,0,0,0,0,0,0,0,0,0,0,0,0,0,0,0,0,0,0,0,0,0,0,0,0,0,0,0,0,0,0,0,0,0,7287,87444,0,0,0,0,0,0,,0,0,,448,8963,0,0,96407,0,7504,17534,25424,0,0,,0,0,0,0,0,52108,28949,43423,0,0,23159,20264,34739,0,14474,0,0,0,28949,43423.0,289488.254,2,3419967,0,79.08417714,0,6031182.5020593,0,0,0,0,0,0,0,0,0,523017,523017,208441,199322,130276,124576,182385,174408,521102,498306,746131,48379,0,794510,904233,0,0,904233,1048012.0,0.0,0,1048012.0,262056,0.0,0,262056.0,88888,5539,0,94427,132142,0,0,132142,3181462.0,53918.0,0,3235380.0,1443765.8,96407,25424,289488.254,3419967,5275051.751,6031182.5020593,0,523017,-22796,6008387,28949,43423,23159,20264,1443765.8,6554199.7942132,3831286.001,2722913.7935234,10075
2019,35,31,0,0,1,1,1,1,1,1,1,1,1,0,9,27,7,0.0,0.0,0.0,0.0,100.0,0.0,0,,0.0,0,,0.0,0.0,KAYU OLAHAN,88.2,32,3.2,32,3.6,32,3.8,1.2,FURNITUR,19.0,32,33.0,52,18.1,32,18.5,11.4,2,2,0,4,2,3,0,1,0,0,7,1,3,0,7,1,1,0,14,2,4,0,0,0,486022.0,121733.0,24301.1,6086.7,510323.1,127819.7,0,0,0,0,0,0,0,0,0,0,0,0,0,0,0,0,0,0,0,0,0,0,0,0,0,0,0,0,0,0,0,0,0,0,0,0,0,0,0,0,9846,7877,0,0,,0,0,,37,733,0,0,8610,0,7962,19958,28938,0,0,,0,0,0,0,0,23644,13135,19703,0,0,10508,9195,15762,0,6568,0,0,0,13135,19703.0,131353.313,2,1027081,0,86.86608966,2,1670135.9942097,0,0,0,0,0,0,0,0,0,88853,88853,65227,71936,40767,44960,57074,62943,163068,179839,235950,0,0,235950,264264,29457,0,293721,302016.0,0.0,0,302016.0,75504,6528.0,0,82032.0,28314,0,0,28314,37753,0,0,37753,943801.0,35985.0,0,979786.0,638142.8,8610,28938,131353.313,1027081,1834125.714,1670135.9942097,0,88853,16771,1686907,13135,19703,10508,9195,638142.8,1758989.0706937,1195982.964,563006.1067754,10076
2020,35,31,1,1,1,1,1,1,1,1,1,1,1,1,12,25,10,0.0,0.0,0.0,0.0,100.0,0.0,0,,0.0,0,,0.0,0.0,KAYU OLAHAN,100.0,0,0.0,0,0.0,0,0.0,0.0,FURNITUR,58.7,64,22.4,0,0.0,0,0.0,18.9,2,2,2,5,1,1,0,0,1,0,7,1,3,0,7,1,1,0,14,2,4,0,0,0,380436.0,95287.0,19021.8,4764.4,399457.8,100051.4,0,0,0,0,0,0,0,0,0,0,0,0,0,0,0,0,0,0,0,0,0,0,0,0,0,0,0,0,0,0,0,0,0,0,0,0,0,0,0,0,34732,27785,0,0,,0,0,,85,1696,0,0,29481,0,4850,21442,31091,0,0,,0,0,0,0,0,21777,12098,18147,0,0,9679,8469,14518,0,6049,0,0,0,12098,18148.0,120983.003,2,1253067,0,68.3717173,2,1989397.5550777,0,0,0,0,0,0,0,0,0,81319,81319,45492,41871,28432,26170,39805,36637,113729,104678,235950,18989,0,254939,293721,0,0,293721,302016.0,0.0,0,302016.0,82032,1192.0,0,83224.0,28314,0,0,28314,37753,0,0,37753,979786.0,20181.0,0,999967.0,499509.2,29481,31091,120983.003,1253067,1934131.596,1989397.5550777,0,81319,-9051,1980347,12098,18147,9679,8469,499509.2,2070716.891833,1434622.446,636094.4453558,10076
2021,35,31,1,1,1,1,1,1,1,0,1,1,1,1,11,19,8,0.0,0.0,0.0,0.0,100.0,0.0,0,,0.0,0,,0.0,0.0,KAYU OLAHAN,42.2,51,19.6,51,1.3,33,28.1,8.8,FURNITUR,72.1,73,4.2,75,13.2,33,4.5,6.0,2,2,2,2,5,3,0,1,1,1,7,1,3,0,7,1,1,0,14,2,4,0,0,0,480545.0,120361.0,24027.25,6018.1,504572.2,126379.1,0,0,0,0,0,0,0,0,0,0,0,0,0,0,0,0,0,0,0,0,0,0,0,0,0,0,0,0,0,0,0,0,0,0,0,0,0,0,0,0,47869,38295,0,0,,0,0,,134,2674,0,0,40969,0,2784,16062,23289,0,0,,0,0,0,0,0,19490,10828,16242,0,0,8662,7579,12993,0,5414,0,0,0,10828,16242.0,108277.751,2,1002430,0,74.84962854,2,1491245.3757356,0,0,0,0,0,0,0,0,0,122373,122373,46174,50150,28859,31344,40403,43880,115436,125374,254939,25441,8546,271834,293721,0,0,293721,302016.0,681.0,0,302697.0,83224,9359.0,0,92583.0,28314,0,0,28314,37753,0,0,37753,999967.0,35481.0,8546,1026902.0,630951.3,40969,23289,108277.751,1002430,1805917.28,1491245.3757356,0,122373,9938,1501183,10828,16242,8662,7579,630951.3,1613618.4551035,1174965.98,438652.4755346,10076
2022,35,31,1,1,1,1,1,1,1,1,1,1,1,1,12,23,10,0.0,0.0,0.0,0.0,100.0,0.0,0,,0.0,0,,0.0,0.0,KAYU OLAHAN,100.0,0,0.0,0,0.0,0,0.0,0.0,FURNITUR,41.3,52,29.6,21,18.8,31,0.5,9.8,0,2,0,1,0,1,5,0,0,0,8,2,3,0,7,1,1,0,15,3,4,0,0,0,451830.0,100602.0,22591.5,5030.1,474421.5,105632.1,0,0,0,0,0,0,0,0,0,0,0,0,0,0,0,0,0,0,0,0,0,0,0,0,0,0,0,0,0,0,0,0,0,0,0,0,0,0,0,0,42380,33904,0,0,,0,0,,180,3596,0,0,37500,0,7234,16270,23592,0,0,,0,0,0,0,0,18875,10486,15729,0,0,8389,7340,12583,0,5243,0,0,0,10486,15728.0,104858.823,2,1358070,0,77.32088964,2,2132290.9683293,0,0,0,0,0,0,0,0,0,30806,30806,78067,70462,48792,44038,68309,61654,195168,176154,271834,0,1673,270161,293721,16078,0,309799,302697.0,20.0,0,302717.0,92583,3134.0,951,94766.0,28314,0,0,28314,37753,0,502,37251,1026902.0,19232.0,3126,1043008.0,580053.6,37500,23592,104858.823,1358070,2104074.743,2132290.9683293,0,30806,-19014,2113277,10486,15729,8389,7340,580053.6,2163096.9359495,1524021.143,639075.7933522,10076
2020,32,20,1,1,0,1,1,1,1,0,1,1,1,1,10,25,10,1.6,4.7,3.1,0.6,21.4,68.6,458,MANUFACTURING,68.6,0,,0.0,0.0,BAHAN KIMIA DASAR,45.9,35,16.8,14,26.4,0,0.0,10.9,PRODUK KIMIA,40.4,74,4.3,61,2.0,11,39.6,13.7,2,2,0,4,1,3,4,0,0,1,11,2,3,0,3,0,1,0,14,2,4,0,0,0,709437.0,177692.0,35471.85,8884.6,744908.8,186576.6,0,0,0,0,0,0,0,0,0,0,0,0,0,0,0,0,0,0,0,0,0,0,0,0,0,0,0,0,14379,115033,0,0,0,0,0,0,0,0,0,0,0,0,0,0,,0,0,,587,11738,0,0,126771,0,15648,60771,88118,0,0,,0,0,0,0,0,14128,7849,11773,0,0,6279,5494,9418,0,3924,0,0,0,7849,11773.0,78487.005,0,881516,607144,98.0,2,2190284.5869158,39894,4433,44327,0,0,0,0,0,0,126190,126190,52651,52024,32907,32515,46070,45522,131628,130061,1039554,33859,0,1073413,1164301,0,0,1164301,1330630.0,0.0,0,1330630.0,332657,0.0,0,332657.0,124747,0,6204,118543,166329,0,0,166329,4158218.0,33859.0,6204,4185873.0,931485.4,126771,88118,78487.005,1488660,2713521.458,2190284.5869158,44327,126190,-1567,2233044,7849,11773,6279,5494,931485.4,2360800.8509807,1782036.008,578764.8431191,10077
2021,32,20,1,1,1,1,1,1,1,1,1,1,1,1,12,22,8,0.2,0.8,0.5,0.1,3.4,95.0,392,MANUFACTURING,95.0,0,,0.0,0.0,BAHAN KIMIA DASAR,73.6,76,4.7,36,10.1,63,8.2,3.4,PRODUK KIMIA,37.7,34,28.8,62,24.3,0,0.0,9.2,2,2,2,5,5,1,2,1,0,0,11,2,3,0,3,1,1,0,14,3,4,0,0,0,891901.0,210260.0,44595.05,10513.0,936496.1,220773.0,0,0,0,0,0,0,0,0,0,0,0,0,0,0,0,0,0,0,0,0,0,0,0,0,0,0,0,0,11713,93701,0,0,0,0,0,0,0,0,0,0,0,0,0,0,,0,0,,392,7840,0,0,101541,0,12057,49920,72384,0,0,,0,0,0,0,0,25702,14279,21418,0,0,11423,9995,17135,0,7139,0,0,0,14279,21418.0,142787.836,0,786169,612127,46.93044661,2,2033087.887926,0,0,0,0,0,0,0,0,0,24059,24059,29877,30156,18673,18848,26142,26387,74692,75391,1073413,117994,0,1191407,1164301,0,0,1164301,1330630.0,0.0,0,1330630.0,332657,0.0,0,332657.0,118543,0,0,118543,166329,0,0,166329,4185873.0,117994.0,0,4303867.0,1157269.1,101541,72384,142787.836,1398296,2872277.98,2033087.887926,0,24059,699,2033787,14279,21418,11423,9995,1157269.1,2057146.784199,1715008.93,342137.8543227,10077
2022,32,20,1,0,1,1,1,1,1,1,1,1,1,1,11,26,7,2.0,6.1,4.1,0.8,27.6,59.4,702,MANUFACTURING,59.4,0,,0.0,0.0,BAHAN KIMIA DASAR,76.5,31,0.3,12,17.6,0,0.0,5.6,PRODUK KIMIA,35.6,31,4.9,72,8.1,36,29.8,21.6,2,2,2,2,5,2,6,0,0,1,14,2,3,0,4,1,1,0,18,3,4,0,0,0,1039348.0,198372.0,51967.4,9918.6,1091315.4,208290.6,0,0,0,0,0,0,0,0,0,0,0,0,0,0,0,0,0,0,0,0,0,0,0,0,0,0,0,0,16613,132905,0,0,0,0,0,0,0,0,0,0,0,0,0,0,,0,0,,590,11807,0,0,144712,0,30793,68815,99782,0,0,,0,0,0,0,0,28290,15716,23575,0,0,12573,11002,18860,0,7858,0,0,0,15716,23575.0,157165.418,0,766926,1073519,98.0,2,2979215.4846746,0,0,0,0,0,0,0,0,0,179831,179831,75361,80122,47100,50076,65941,70106,188402,200304,1191407,100891,57802,1234496,1164301,0,0,1164301,1330630.0,125113.0,0,1455743.0,332657,18886.0,0,351543.0,118543,511,0,119054,166329,0,0,166329,4303867.0,245401.0,57802,4491466.0,1299606.0,144712,99782,157165.418,1840445,3541710.051,2979215.4846746,0,179831,11902,2991117,15716,23575,12573,11002,1299606.0,3159046.1150274,2242104.051,916942.0636728,10077
2018,33,14,1,0,1,1,1,1,1,1,1,1,1,1,11,23,7,0.0,0.0,0.0,0.0,100.0,0.0,0,,0.0,0,,0.0,0.0,KAIN KATUN,34.0,16,20.0,35,19.7,15,8.1,18.2,PAKAIAN JADI,33.1,35,8.1,36,41.2,34,4.8,12.8,2,2,2,2,1,3,8,1,1,0,52,9,16,2,48,9,7,1,100,18,23,3,0,0,3371735.0,743147.0,168586.75,37157.3,3540321.8,780304.3,0,0,0,0,0,0,0,0,0,0,0,0,0,0,0,0,0,0,0,0,0,0,0,0,0,0,0,0,0,0,0,0,0,0,0,0,17488,209854,0,0,0,0,0,0,,0,0,,400,7999,0,0,217854,0,48132,99699,144563,0,0,,0,0,0,0,0,123429,68572,102858,0,0,54857,48000,82286,0,34286,0,0,0,68572,102858.0,685717.506,2,7883612,0,60.32734161,0,14344564.8106219,0,0,0,0,0,0,0,0,0,1576583,1576583,336990,357002,210619,223126,294867,312378,842476,892506,1407152,146451,0,1553603,1576010,0,0,1576010,1801155.0,0.0,0,1801155.0,450289,44496.0,0,494785.0,168858,0,0,168858,225144,0,0,225144,5628608.0,190947.0,0,5819555.0,4320626.1,217854,144563,685717.506,7883612,13252372.921,14344564.8106219,0,1576583,50030,14394595,68572,99999,54857,48000,4320626.1,15921147.5842867,8931746.821,6989400.7635934,10078
2019,33,14,1,1,0,1,0,1,1,1,1,1,1,0,9,21,11,0.0,0.0,0.0,0.0,100.0,0.0,0,,0.0,0,,0.0,0.0,KAIN KATUN,80.0,72,7.2,35,5.2,32,4.8,2.8,PAKAIAN JADI,38.7,34,18.3,16,25.5,32,9.1,8.4,2,2,2,4,4,0,5,0,1,1,62,11,19,2,56,10,8,1,118,21,27,3,0,0,4850027.0,1047042.0,242501.35,52352.1,5092528.4,1099394.1,0,0,0,0,0,0,0,0,0,0,0,0,0,0,0,0,0,0,0,0,0,0,0,0,0,0,0,0,0,0,0,0,0,0,0,0,11668,140021,0,0,0,0,0,0,,0,0,,698,13961,0,0,153981,0,29381,116838,169415,0,0,,0,0,0,0,0,220934,122741,184112,0,0,98193,85919,147290,0,61371,0,0,0,122741,184112.0,1227412.836,2,9825680,0,68.21711921,0,15942561.1058524,0,0,0,0,0,0,0,0,0,562446,562446,397006,406807,248129,254254,347381,355956,992516,1017017,1553603,0,0,1553603,1576010,0,0,1576010,1801155.0,0.0,0,1801155.0,494785,0.0,0,494785.0,168858,0,0,168858,225144,0,0,225144,5819555.0,0.0,0,5819555.0,6191922.5,153981,169415,1227412.836,9825680,17568411.201,15942561.1058524,0,562446,24501,15967062,99999,99999,98193,85919,6191922.5,16505007.0918157,11376488.751,5128518.3403531,10078
2020,33,14,0,0,0,0,0,0,0,0,0,0,0,0,0,0,0,0.0,0.0,0.0,0.0,100.0,0.0,0,,0.0,0,,0.0,0.0,KAIN KATUN,71.9,35,8.7,12,11.5,32,2.2,5.7,PAKAIAN JADI,45.0,52,17.5,32,17.8,32,14.3,5.4,2,2,2,5,0,1,0,1,0,0,0,0,0,0,0,0,0,0,0,0,0,0,0,0,0.0,0.0,0.0,0.0,0.0,0.0,0,0,0,0,0,0,0,0,0,0,0,0,0,0,0,0,0,0,0,0,0,0,0,0,0,0,0,0,0,0,0,0,0,0,0,0,0,0,0,0,0,0,0,0,,0,0,,0,0,0,0,0,0,0,0,0,0,0,,0,0,0,0,0,0,0,0,0,0,0,0,0,0,0,0,0,0,0,0.0,0.0,2,0,0,0.0,2,0.0,0,0,0,0,0,0,0,0,0,0,0,0,0,0,0,0,0,0,0,1553603,24411,0,1578014,1576010,0,58221,1517789,1801155.0,16236.0,0,1817391.0,494785,0.0,0,494785.0,168858,7085,0,175943,225144,21232,0,246376,5819555.0,68964.0,58221,5830298.0,0.0,0,0,0.0,0,0.0,0.0,0,0,0,0,0,0,0,0,0.0,0.0,0.0,0.0,10078
2021,33,14,1,1,1,1,1,0,1,1,1,1,1,1,11,22,9,0.0,0.0,0.0,0.0,100.0,0.0,0,,0.0,0,,0.0,0.0,KAIN KATUN,56.6,15,10.8,71,18.0,32,4.5,10.1,PAKAIAN JADI,100.0,0,0.0,0,0.0,0,0.0,0.0,2,2,0,2,4,4,6,1,1,0,65,12,21,2,59,10,8,1,124,22,29,3,0,0,4144850.0,908682.0,207242.5,45434.1,4352092.5,954116.1,0,0,0,0,0,0,0,0,0,0,0,0,0,0,0,0,0,0,0,0,0,0,0,0,0,0,0,0,0,0,0,0,0,0,0,0,33311,399732,0,0,0,0,0,0,,0,0,,725,14491,0,0,414223,0,27817,122465,177574,0,0,,0,0,0,0,0,225819,125455,188182,0,0,100364,87819,150546,0,62728,0,0,0,125455,188182.0,1254549.908,2,9965233,0,72.24707068,0,17177507.7565385,0,0,0,0,0,0,0,0,0,1844908,1844908,434742,423271,271714,264544,380398,370362,1086854,1058177,1578014,68241,0,1646255,1517789,0,0,1517789,1817391.0,186958.0,0,2004349.0,494785,0.0,4967,489818.0,175943,0,1110,174833,246376,0,0,246376,5830298.0,255199.0,6077,6079420.0,5306208.6,414223,177574,1254549.908,9965233,17117788.982,17177507.7565385,0,1844908,-28677,17148831,99999,99999,99999,87819,5306208.6,19022416.038509,11811580.382,7210835.6566766,10078
2022,33,14,1,1,1,1,1,1,1,1,1,1,1,1,12,21,7,0.0,0.0,0.0,0.0,100.0,0.0,0,,0.0,0,,0.0,0.0,KAIN KATUN,62.0,11,3.4,34,11.7,32,17.5,5.4,PAKAIAN JADI,27.5,32,0.8,35,20.4,36,33.3,18.0,0,2,2,5,1,0,3,0,1,0,71,13,23,2,64,11,9,1,135,24,32,3,0,0,4111416.0,905230.0,205570.8,45261.5,4316986.8,950491.5,0,0,0,0,0,0,0,0,0,0,0,0,0,0,0,0,0,0,0,0,0,0,0,0,0,0,0,0,0,0,0,0,0,0,0,0,34892,418702,0,0,0,0,0,0,,0,0,,2169,43371,0,0,462074,0,70784,175141,253955,0,0,,0,0,0,0,0,209101,116167,174250,0,0,92934,81317,139400,0,58084,0,0,0,116167,174250.0,1161670.438,2,12393787,0,64.59112829,0,20971415.8884365,0,0,0,0,0,0,0,0,0,1506905,1506905,369892,438404,231182,274003,323656,383604,924730,1096011,1646255,0,0,1646255,1517789,0,0,1517789,2004349.0,0.0,0,2004349.0,489818,13102.0,0,502920.0,174833,15028,0,189861,246376,14652,0,261028,6079420.0,42782.0,0,6122202.0,5267478.3,462074,253955,1161670.438,12393787,19538964.348,20971415.8884365,0,1506905,171281,21142697,99999,99999,92934,81317,5267478.3,22478320.5788507,14271486.048,8206834.5303886,10078
2018,32,22,0,1,1,1,1,1,1,1,1,1,1,1,11,21,7,0.0,0.0,0.0,0.0,100.0,0.0,0,,0.0,0,,0.0,0.0,BIJIH PLASTIK,100.0,0,0.0,0,0.0,0,0.0,0.0,BARANG PLASTIK,40.8,12,18.3,74,26.0,0,0.0,14.9,2,2,2,4,4,1,5,1,0,1,52,9,13,2,16,3,2,0,68,12,15,2,0,0,3112393.0,661690.0,155619.65,33084.5,3268012.6,694774.5,0,0,0,0,40391,383711,0,0,0,0,0,0,0,0,0,0,0,0,0,0,0,0,0,0,0,0,0,0,0,0,0,0,0,0,0,0,0,0,0,0,0,0,0,0,,0,0,,1184,23677,0,0,407388,0,40957,202203,293194,0,0,,0,0,0,0,0,110244,61247,91870,0,0,48998,42873,73496,0,30623,0,0,0,61247,91871.0,612468.6,0,6268383,1417688,67.39423784,2,10571067.7169283,285246,31694,316940,0,0,0,0,0,0,0,0,331137,335958,206961,209974,289745,293964,827843,839896,2488076,0,0,2488076,2786646,137580,0,2924226,3184738.0,0.0,90466,3094272.0,796184,0.0,0,796184.0,298569,25228,0,323797,398093,0,0,398093,9952306.0,162808.0,90466,10024648.0,3962787.1,407388,293194,612468.6,7686071,12961908.956,10571067.7169283,316940,0,12053,10900060,61247,91870,48998,42873,3962787.1,10888007.2276916,8999121.806,1888885.4221736,10079
2019,32,22,1,1,1,1,1,0,1,1,1,1,1,1,11,26,7,0.0,0.0,0.0,0.0,100.0,0.0,0,,0.0,0,,0.0,0.0,BIJIH PLASTIK,53.7,35,7.4,0,0.0,0,0.0,38.9,BARANG PLASTIK,64.5,62,0.6,12,10.4,36,18.5,6.0,2,2,2,4,1,5,7,1,0,0,63,11,16,2,19,3,3,0,82,14,19,2,0,0,3916589.0,857072.0,195829.45,42853.6,4112418.5,899925.6,0,0,0,0,56333,535163,0,0,0,0,0,0,0,0,0,0,0,0,0,0,0,0,0,0,0,0,0,0,0,0,0,0,0,0,0,0,0,0,0,0,0,0,0,0,,0,0,,1033,20669,0,0,555832,0,56611,246247,357057,0,0,,0,0,0,0,0,95733,53185,79778,0,0,42548,37230,63822,0,26593,0,0,0,53185,79778.0,531851.619,0,5896450,2775299,79.91509613,2,13629752.7321233,0,0,0,0,0,0,0,0,0,535884,535884,448843,497364,280527,310852,392738,435194,1122108,1243410,2488076,125622,0,2613698,2924226,0,0,2924226,3094272.0,95909.0,61086,3129095.0,796184,0.0,0,796184.0,323797,0,0,323797,398093,0,0,398093,10024648.0,221531.0,61086,10185093.0,5012344.1,555832,357057,531851.619,8671749,15128833.84,13629752.7321233,0,535884,121302,13751055,53185,79778,42548,37230,5012344.1,14165636.7371109,10116489.79,4049146.9474568,10079
2020,32,22,1,1,1,1,1,1,1,1,0,0,0,1,9,24,9,0.0,0.0,0.0,0.0,100.0,0.0,0,,0.0,0,,0.0,0.0,BIJIH PLASTIK,76.5,33,9.8,35,3.9,35,6.6,3.2,BARANG PLASTIK,73.5,82,9.6,21,13.0,0,0.0,3.9,2,2,0,3,1,0,3,0,0,0,54,9,14,2,17,3,2,0,71,12,16,2,0,0,2681759.0,581839.0,134087.95,29092.0,2815847.0,610931.0,0,0,0,0,39786,377966,0,0,0,0,0,0,0,0,0,0,0,0,0,0,0,0,0,0,0,0,0,0,0,0,0,0,0,0,0,0,0,0,0,0,0,0,0,0,,0,0,,668,13370,0,0,391336,0,70970,202112,293062,0,0,,0,0,0,0,0,109810,61006,91508,0,0,48804,42704,73207,0,30503,0,0,0,61006,91507.0,610055.374,0,4670443,1680827,67.70125282,2,10793586.750116,0,0,0,0,0,0,0,0,0,606850,606850,186173,215548,116358,134717,162901,188604,465432,538869,2613698,264318,0,2878016,2924226,181809,119875,2986160,3129095.0,275182.0,0,3404277.0,796184,0.0,0,796184.0,323797,0,0,323797,398093,0,0,398093,10185093.0,721309.0,119875,10786527.0,3426777.9,391336,293062,610055.374,6351270,11072500.532,10793586.750116,0,606850,73437,10867024,61006,91508,48804,42704,3426777.9,11400437.0684715,7645722.632,3754714.4367287,10079
2021,32,22,0,0,0,0,0,0,0,0,0,0,0,0,0,0,0,0.0,0.0,0.0,0.0,100.0,0.0,0,,0.0,0,,0.0,0.0,BIJIH PLASTIK,88.0,31,7.9,16,1.3,0,0.0,2.8,BARANG PLASTIK,58.0,18,15.4,35,19.8,0,0.0,6.8,2,2,2,2,2,2,4,1,0,0,0,0,0,0,0,0,0,0,0,0,0,0,0,0,0.0,0.0,0.0,0.0,0.0,0.0,0,0,0,0,0,0,0,0,0,0,0,0,0,0,0,0,0,0,0,0,0,0,0,0,0,0,0,0,0,0,0,0,0,0,0,0,0,0,0,0,0,0,0,0,,0,0,,0,0,0,0,0,0,0,0,0,0,0,,0,0,0,0,0,0,0,0,0,0,0,0,0,0,0,0,0,0,0,0.0,0.0,2,0,0,0.0,2,0.0,0,0,0,0,0,0,0,0,0,0,0,0,0,0,0,0,0,0,0,2878016,338334,0,3216350,2986160,0,0,2986160,3404277.0,0.0,0,3404277.0,796184,93923.0,0,890107.0,323797,18349,2587,339559,398093,7743,0,405836,10786527.0,458349.0,2587,11242289.0,0.0,0,0,0.0,0,0.0,0.0,0,0,0,0,0,0,0,0,0.0,0.0,0.0,0.0,10079
2021,12,10,1,1,1,1,1,1,1,1,1,1,0,1,11,19,8,0.0,0.0,0.0,0.0,100.0,0.0,0,,0.0,0,,0.0,0.0,TEPUNG TERIGU,47.8,14,4.0,33,34.1,35,3.1,11.0,MAKANAN OLAHAN,69.9,35,8.9,31,7.7,34,10.3,3.2,2,2,0,2,3,3,4,0,0,0,21,4,6,1,11,2,1,0,32,6,7,1,0,0,1607565.0,338769.0,80378.25,16938.5,1687943.2,355707.5,0,0,0,0,0,0,0,0,0,0,0,0,0,0,0,0,0,0,0,0,0,0,0,0,0,0,0,0,21589,172713,0,0,0,0,0,0,0,0,0,0,0,0,0,0,,0,0,,767,15350,0,0,188063,0,11832,65119,94422,0,0,,0,0,0,0,0,62661,34812,52218,0,0,27849,24368,41774,0,17406,0,0,0,34812,52217.0,348116.813,2,3976757,0,98.0,2,5646221.4886803,0,0,0,0,0,0,0,0,0,614413,614413,178886,179956,111804,112472,156525,157461,447215,449889,1429176,117310,0,1546486,1600677,0,0,1600677,1829345.0,150377.0,0,1979722.0,457336,0.0,0,457336.0,171501,0,0,171501,228667,26440,0,255107,5716702.0,294127.0,0,6010829.0,2043650.7,188063,94422,348116.813,3976757,6651009.171,5646221.4886803,0,614413,2674,5648895,34812,52218,27849,24368,2043650.7,6260634.967575,4607358.471,1653276.496968,10080
2022,12,10,0,1,1,1,1,1,1,1,1,1,1,1,11,21,7,0.0,0.0,0.0,0.0,100.0,0.0,0,,0.0,0,,0.0,0.0,TEPUNG TERIGU,71.7,31,5.2,91,16.6,0,0.0,6.5,MAKANAN OLAHAN,51.9,33,14.7,14,15.8,33,11.6,6.0,2,2,2,2,4,4,8,1,0,1,20,4,6,1,11,2,1,0,31,6,7,1,0,0,1494869.0,323532.0,74743.45,16176.6,1569612.4,339708.6,0,0,0,0,0,0,0,0,0,0,0,0,0,0,0,0,0,0,0,0,0,0,0,0,0,0,0,0,23368,186947,0,0,0,0,0,0,0,0,0,0,0,0,0,0,,0,0,,706,14123,0,0,201070,0,7494,42116,61068,0,0,,0,0,0,0,0,29323,16290,24435,0,0,13032,11403,19548,0,8145,0,0,0,16290,24437.0,162903.028,2,3745479,0,78.79391552,2,6108402.2439131,0,0,0,0,0,0,0,0,0,302757,302757,176082,171536,110052,107210,154072,150093,440206,428839,1546486,113957,0,1660443,1600677,81255,0,1681932,1979722.0,16903.0,0,1996625.0,457336,0.0,0,457336.0,171501,11554,0,183055,255107,0,0,255107,6010829.0,223669.0,0,6234498.0,1909321.1,201070,61068,162903.028,3745479,6079841.477,6108402.2439131,0,302757,-11367,6097035,16290,24435,13032,11403,1909321.1,6411158.7454955,4170520.427,2240638.3186738,10080
2018,35,25,1,1,1,1,1,1,1,1,1,1,1,1,12,22,9,0.0,0.0,0.0,0.0,100.0,0.0,0,,0.0,0,,0.0,0.0,PLAT BAJA,79.5,33,10.4,36,4.1,73,2.6,3.4,BARANG LOGAM,64.2,62,13.1,33,4.7,73,13.2,4.8,0,2,2,5,0,3,0,0,1,0,44,7,12,1,15,3,2,0,59,10,14,1,0,0,2419418.0,526235.0,120970.9,26311.8,2540388.9,552546.8,0,0,0,0,0,0,0,0,0,0,0,0,0,0,0,0,0,0,0,0,0,0,0,0,0,0,0,0,64368,514944,0,0,0,0,0,0,0,0,0,0,0,0,0,0,,0,0,,2493,49867,0,0,564812,0,32781,191458,277614,0,0,,0,0,0,0,0,161230,89572,134359,0,0,71658,62701,107487,0,44786,0,0,0,89572,134359.0,895724.491,0,5919344,3603035,39.99321518,0,13653890.2956054,0,0,0,0,0,0,0,0,0,1205797,1205797,445823,509207,278639,318254,390095,445556,1114557,1273017,4143822,0,0,4143822,4641081,0,0,4641081,5304093.0,11138.0,109456,5205775.0,1326023,0.0,0,1326023.0,497259,16222,0,513481,663012,2540,16169,649383,16575290.0,29900.0,125625,16479565.0,3092935.6,564812,277614,895724.491,9522379,14353465.772,13653890.2956054,0,1205797,158460,13812350,89572,99999,71658,62701,3092935.6,14859687.3201907,11260530.122,3599157.1979864,10081
2019,35,25,0,0,0,0,0,0,0,0,0,0,0,0,0,0,0,0.0,0.0,0.0,0.0,100.0,0.0,0,,0.0,0,,0.0,0.0,PLAT BAJA,97.8,33,0.6,32,0.7,31,0.7,0.2,BARANG LOGAM,42.2,32,26.0,17,3.9,12,17.6,10.3,2,2,0,1,3,4,8,0,0,1,0,0,0,0,0,0,0,0,0,0,0,0,0,0,0.0,0.0,0.0,0.0,0.0,0.0,0,0,0,0,0,0,0,0,0,0,0,0,0,0,0,0,0,0,0,0,0,0,0,0,0,0,0,0,0,0,0,0,0,0,0,0,0,0,0,0,0,0,0,0,,0,0,,0,0,0,0,0,0,0,0,0,0,0,,0,0,0,0,0,0,0,0,0,0,0,0,0,0,0,0,0,0,0,0.0,0.0,2,0,0,0.0,2,0.0,0,0,0,0,0,0,0,0,0,0,0,0,0,0,0,0,0,0,0,4143822,24517,0,4168339,4641081,0,0,4641081,5205775.0,0.0,0,5205775.0,1326023,0.0,57926,1268097.0,513481,0,0,513481,649383,0,0,649383,16479565.0,24517.0,57926,16446156.0,0.0,0,0,0.0,0,0.0,0.0,0,0,0,0,0,0,0,0,0.0,0.0,0.0,0.0,10081
2020,35,25,1,1,1,1,1,1,1,1,1,1,1,1,12,25,10,0.0,0.0,0.0,0.0,100.0,0.0,0,,0.0,0,,0.0,0.0,PLAT BAJA,67.5,36,4.4,33,11.8,32,11.5,4.8,BARANG LOGAM,72.1,91,16.5,32,0.7,36,5.3,5.4,0,2,2,5,2,3,6,0,1,1,47,8,12,2,16,3,2,0,63,11,14,2,0,0,2928148.0,633423.0,146407.4,31671.2,3074555.4,665094.2,0,0,0,0,0,0,0,0,0,0,0,0,0,0,0,0,0,0,0,0,0,0,0,0,0,0,0,0,95594,764752,0,0,0,0,0,0,0,0,0,0,0,0,0,0,,0,0,,2159,43172,0,0,807924,0,99901,332233,481739,0,0,,0,0,0,0,0,230736,128186,192280,0,0,102549,89730,153824,0,64093,0,0,0,128186,192280.0,1281864.364,0,12325522,300976,98.0,0,17430039.2085861,0,0,0,0,0,0,0,0,0,1691200,1691200,498147,548609,311342,342880,435878,480033,1245367,1371522,4168339,0,0,4168339,4641081,0,0,4641081,5205775.0,0.0,0,5205775.0,1268097,48297.0,0,1316394.0,513481,0,0,513481,649383,61688,0,711071,16446156.0,109985.0,0,16556141.0,3739649.5,807924,481739,1281864.364,12626498,18937674.966,17430039.2085861,0,1691200,126155,17556194,99999,99999,99999,89730,3739649.5,19121239.5186847,15198025.416,3923214.1027424,10081
2021,35,25,1,1,1,1,1,1,1,1,1,1,1,1,12,23,7,0.0,0.0,0.0,0.0,100.0,0.0,0,,0.0,0,,0.0,0.0,PLAT BAJA,76.8,32,12.8,32,4.1,12,1.7,4.6,BARANG LOGAM,93.2,34,3.4,36,2.1,0,0.0,1.3,2,2,2,3,3,0,1,1,1,1,49,8,13,2,16,3,2,0,65,11,15,2,0,0,2517534.0,563390.0,125876.7,28169.5,2643410.7,591559.5,0,0,0,0,0,0,0,0,0,0,0,0,0,0,0,0,0,0,0,0,0,0,0,0,0,0,0,0,99509,796071,0,0,0,0,0,0,0,0,0,0,0,0,0,0,,0,0,,4400,87993,0,0,884065,0,68182,245602,356123,0,0,,0,0,0,0,0,170333,94629,141944,0,0,75703,66240,113555,0,47315,0,0,0,94629,141944.0,946291.629,0,9153849,1230163,35.0,0,16094095.7191108,0,0,0,0,0,0,0,0,0,1504598,1504598,585983,575541,366240,359713,512735,503599,1464958,1438853,4168339,0,0,4168339,4641081,0,0,4641081,5205775.0,531328.0,138012,5599091.0,1316394,0.0,0,1316394.0,513481,41977,0,555458,711071,15081,0,726152,16556141.0,588386.0,138012,17006515.0,3234970.2,884065,356123,946291.629,10384013,15805462.739,16094095.7191108,0,1504598,-26105,16067991,94629,99999,75703,66240,3234970.2,17598693.9429394,12570492.539,5028201.4041725,10081
2022,35,25,0,0,0,0,0,0,0,0,0,0,0,0,0,0,0,0.0,0.0,0.0,0.0,100.0,0.0,0,,0.0,0,,0.0,0.0,PLAT BAJA,69.2,15,6.9,31,6.8,18,12.5,4.6,BARANG LOGAM,72.5,61,11.1,91,0.2,32,5.8,10.4,0,2,2,1,1,2,8,1,0,0,0,0,0,0,0,0,0,0,0,0,0,0,0,0,0.0,0.0,0.0,0.0,0.0,0.0,0,0,0,0,0,0,0,0,0,0,0,0,0,0,0,0,0,0,0,0,0,0,0,0,0,0,0,0,0,0,0,0,0,0,0,0,0,0,0,0,0,0,0,0,,0,0,,0,0,0,0,0,0,0,0,0,0,0,,0,0,0,0,0,0,0,0,0,0,0,0,0,0,0,0,0,0,0,0.0,0.0,2,0,0,0.0,2,0.0,0,0,0,0,0,0,0,0,0,0,0,0,0,0,0,0,0,0,0,4168339,0,0,4168339,4641081,150312,0,4791393,5599091.0,646460.0,0,6245551.0,1316394,4067.0,0,1320461.0,555458,15470,0,570928,726152,57997,0,784149,17006515.0,874306.0,0,17880821.0,0.0,0,0,0.0,0,0.0,0.0,0,0,0,0,0,0,0,0,0.0,0.0,0.0,0.0,10081
2021,36,17,1,1,0,1,0,1,1,1,1,1,1,1,10,26,8,0.0,0.0,0.0,0.0,100.0,0.0,0,,0.0,0,,0.0,0.0,PULP KAYU,59.5,12,15.2,33,11.4,72,8.9,5.0,KERTAS,49.6,32,15.9,35,17.5,16,10.5,6.5,2,2,2,2,3,1,4,1,0,0,19,3,5,1,9,2,1,0,28,5,6,1,0,0,1338613.0,284268.0,66930.65,14213.4,1405543.7,298481.4,0,0,0,0,0,0,0,0,0,0,0,0,0,0,0,0,206669,248003,0,0,0,0,0,0,0,0,0,0,0,0,0,0,0,0,0,0,0,0,0,0,0,0,0,0,,0,0,,1001,20027,0,0,268029,0,29104,136408,197792,0,0,,0,0,0,0,0,44305,24614,36921,0,0,19691,17230,29537,0,12307,0,0,0,24614,36920.0,246138.812,0,2349088,947496,75.68946681,2,4750521.0658861,0,0,0,0,0,0,0,0,0,269977,269977,65291,72807,40807,45504,57130,63707,163228,182018,1638626,0,0,1638626,1835261,0,0,1835261,2097442.0,0.0,0,2097442.0,524360,0.0,0,524360.0,196635,17367,0,214002,262181,0,12873,249308,6554505.0,17367.0,12873,6558999.0,1704025.1,268029,197792,246138.812,3296584,5712569.125,4750521.0658861,0,269977,18790,4769311,24614,36921,19691,17230,1704025.1,5020498.2806856,4008544.075,1011954.205646,10082
2022,36,17,0,1,1,1,1,1,1,1,1,1,1,1,11,25,9,0.0,0.0,0.0,0.0,100.0,0.0,0,,0.0,0,,0.0,0.0,PULP KAYU,44.1,71,15.2,32,11.8,32,20.1,8.8,KERTAS,78.5,33,1.0,14,8.0,32,8.4,4.1,2,2,2,3,3,3,5,0,1,0,18,3,5,1,9,2,1,0,27,5,6,1,0,0,1164352.0,254986.0,58217.6,12749.3,1222569.6,267735.3,0,0,0,0,0,0,0,0,0,0,0,0,0,0,0,0,211350,253620,0,0,0,0,0,0,0,0,0,0,0,0,0,0,0,0,0,0,0,0,0,0,0,0,0,0,,0,0,,567,11339,0,0,264959,0,74439,166615,241592,0,0,,0,0,0,0,0,59232,32907,49360,0,0,26325,23035,39488,0,16453,0,0,0,32907,49359.0,329066.371,0,2318996,898942,60.83844118,2,5393665.0298297,0,0,0,0,0,0,0,0,0,95241,95241,89768,107462,56105,67164,78547,94030,224420,268656,1638626,58002,74011,1622617,1835261,0,0,1835261,2097442.0,0.0,0,2097442.0,524360,10338.0,0,534698.0,214002,0,0,214002,249308,0,0,249308,6558999.0,68340.0,74011,6553328.0,1490304.9,264959,241592,329066.371,3217938,5543859.288,5393665.0298297,0,95241,44236,5437901,32907,49360,26325,23035,1490304.9,5488906.4369414,4053554.388,1435352.0488579,10082
2018,18,10,1,1,1,1,1,1,1,1,0,1,0,0,9,23,9,0.0,0.0,0.0,0.0,100.0,0.0,0,,0.0,0,,0.0,0.0,TEPUNG TERIGU,80.3,12,5.5,35,7.3,32,4.7,2.2,MAKANAN OLAHAN,77.2,36,8.7,21,6.1,31,5.0,3.0,2,2,0,2,3,0,6,0,1,1,10,2,3,0,5,1,1,0,15,3,4,0,0,0,446403.0,99394.0,22320.15,4969.7,468723.2,104363.7,0,0,0,0,0,0,0,0,0,0,0,0,0,0,0,0,0,0,0,0,0,0,0,0,0,0,0,0,7665,61321,0,0,0,0,0,0,0,0,0,0,0,0,0,0,,0,0,,160,3200,0,0,64521,0,10777,38092,55233,0,0,,0,0,0,0,0,16261,9034,13551,0,0,7227,6324,10841,0,4517,0,0,0,9034,13552.0,90341.131,2,1722638,0,84.5113139,2,2329399.9861459,0,0,0,0,0,0,0,0,0,214656,214656,46385,47191,28991,29494,40587,41292,115963,117977,529346,5164,0,534510,592868,0,12423,580445,677563.0,62152.0,0,739715.0,169391,16773.0,7872,178292.0,63522,0,0,63522,84694,5880,0,90574,2117384.0,89969.0,20295,2187058.0,573086.9,64521,55233,90341.131,1722638,2505820.709,2329399.9861459,0,214656,2014,2331414,9034,13551,7227,6324,573086.9,2544056.2512845,1932733.859,611322.3922531,10083
2019,18,10,1,1,1,1,1,0,1,1,0,1,1,1,10,25,7,0.0,0.0,0.0,0.0,100.0,0.0,0,,0.0,0,,0.0,0.0,TEPUNG TERIGU,75.6,73,7.3,34,11.2,33,2.0,3.9,MAKANAN OLAHAN,53.7,36,10.9,13,19.7,32,7.9,7.8,2,2,2,4,4,1,4,0,1,1,10,2,3,0,5,1,1,0,15,3,4,0,0,0,352756.0,78543.0,17637.8,3927.2,370393.8,82470.2,0,0,0,0,0,0,0,0,0,0,0,0,0,0,0,0,0,0,0,0,0,0,0,0,0,0,0,0,6421,51370,0,0,0,0,0,0,0,0,0,0,0,0,0,0,,0,0,,164,3286,0,0,54656,0,6790,21234,30789,0,0,,0,0,0,0,0,36507,20281,30422,0,0,16225,14197,24338,0,10141,0,0,0,20281,30422.0,202814.403,2,1421171,0,63.97984226,2,1963935.8973845,0,0,0,0,0,0,0,0,0,192662,192662,58994,69466,36871,43416,51619,60784,147484,173666,534510,27646,0,562156,580445,0,0,580445,739715.0,0.0,33446,706269.0,178292,1372.0,0,179664.0,63522,7276,0,70798,90574,6394,0,96968,2187058.0,42688.0,33446,2196300.0,452864.0,54656,30789,202814.403,1421171,2162294.76,1963935.8973845,0,192662,26182,1990118,20281,30422,16225,14197,452864.0,2156597.6528058,1709430.81,447166.8429072,10083
2020,18,10,1,1,0,1,1,1,1,1,1,1,1,1,11,25,7,0.0,0.0,0.0,0.0,100.0,0.0,0,,0.0,0,,0.0,0.0,TEPUNG TERIGU,72.6,32,6.4,33,4.7,32,6.7,9.6,MAKANAN OLAHAN,64.3,62,22.1,35,0.1,61,4.8,8.7,2,2,2,4,2,5,4,1,0,1,11,2,3,0,6,1,1,0,17,3,4,0,0,0,587476.0,117730.0,29373.8,5886.5,616849.8,123616.5,0,0,0,0,0,0,0,0,0,0,0,0,0,0,0,0,0,0,0,0,0,0,0,0,0,0,0,0,6535,52278,0,0,0,0,0,0,0,0,0,0,0,0,0,0,,0,0,,189,3782,0,0,56059,0,8728,33400,48430,0,0,,0,0,0,0,0,31210,17339,26009,0,0,13871,12137,20807,0,8670,0,0,0,17339,26009.0,173391.428,2,1660934,0,83.2879523,2,2358784.9189132,0,0,0,0,0,0,0,0,0,108650,108650,68098,64684,42561,40428,59585,56598,170244,161710,562156,0,10904,551252,580445,0,22975,557470,706269.0,0.0,0,706269.0,179664,23.0,7418,172269.0,70798,0,0,70798,96968,0,0,96968,2196300.0,23.0,41297,2155026.0,740466.3,56059,48430,173391.428,1660934,2679280.588,2358784.9189132,0,108650,-8534,2350251,17339,26009,13871,12137,740466.3,2467434.9861175,1938814.288,528620.6978308,10083
2021,18,10,1,1,1,1,0,1,1,1,1,1,1,1,11,26,9,0.0,0.0,0.0,0.0,100.0,0.0,0,,0.0,0,,0.0,0.0,TEPUNG TERIGU,51.0,32,4.4,36,13.0,33,20.1,11.5,MAKANAN OLAHAN,41.6,12,19.7,33,14.2,61,10.6,13.9,2,2,2,4,4,2,3,1,0,0,13,2,4,0,6,1,1,0,19,3,5,0,0,0,688238.0,156659.0,34411.9,7833.0,722649.9,164492.0,0,0,0,0,0,0,0,0,0,0,0,0,0,0,0,0,0,0,0,0,0,0,0,0,0,0,0,0,15890,127116,0,0,0,0,0,0,0,0,0,0,0,0,0,0,,0,0,,473,9468,0,0,136584,0,8333,43310,62799,0,0,,0,0,0,0,0,22050,12250,18375,0,0,9800,8575,14700,0,6125,0,0,0,12250,18375.0,122499.659,2,2434395,0,80.70743852,2,3514469.289916,0,0,0,0,0,0,0,0,0,285786,285786,142979,134063,89362,83789,125106,117305,357447,335157,551252,62095,0,613347,557470,0,0,557470,706269.0,0.0,0,706269.0,172269,0.0,0,172269.0,70798,5103,0,75901,96968,0,0,96968,2155026.0,67198.0,0,2222224.0,887141.9,136584,62799,122499.659,2434395,3643419.858,3514469.289916,0,285786,-22290,3492179,12250,18375,9800,8575,887141.9,3800255.7769381,2756278.008,1043977.7693335,10083
2022,18,10,1,1,1,1,1,0,1,1,1,1,1,1,11,23,9,0.0,0.0,0.0,0.0,100.0,0.0,0,,0.0,0,,0.0,0.0,TEPUNG TERIGU,69.9,35,4.4,32,10.7,14,10.4,4.6,MAKANAN OLAHAN,41.2,82,20.9,94,22.9,51,2.2,12.8,2,2,0,5,3,3,7,0,1,0,18,3,5,1,8,1,1,0,26,4,6,1,0,0,731732.0,170924.0,36586.6,8546.2,768318.6,179470.2,0,0,0,0,0,0,0,0,0,0,0,0,0,0,0,0,0,0,0,0,0,0,0,0,0,0,0,0,9708,77664,0,0,0,0,0,0,0,0,0,0,0,0,0,0,,0,0,,287,5748,0,0,83412,0,18559,66502,96428,0,0,,0,0,0,0,0,39372,21874,32810,0,0,17499,15311,26248,0,10937,0,0,0,21874,32810.0,218735.406,2,2555818,0,63.14031899,2,4186483.9674928,0,0,0,0,0,0,0,0,0,46544,46544,116766,130373,72978,81483,102170,114077,291914,325933,613347,0,0,613347,557470,0,0,557470,706269.0,0.0,0,706269.0,172269,0.0,0,172269.0,75901,0,0,75901,96968,5163,0,102131,2222224.0,5163.0,0,2227387.0,947788.8,83412,96428,218735.406,2555818,3902182.868,4186483.9674928,0,46544,34019,4220503,21874,32810,17499,15311,947788.8,4233028.1652194,2954394.068,1278634.0968171,10083
2018,71,25,1,1,1,1,1,1,1,0,1,1,1,0,10,23,11,0.0,0.0,0.0,0.0,100.0,0.0,0,,0.0,0,,0.0,0.0,PLAT BAJA,100.0,0,0.0,0,0.0,0,0.0,0.0,BARANG LOGAM,42.5,36,21.9,35,13.3,32,11.5,10.8,2,0,2,3,0,2,4,1,0,1,38,6,11,1,33,6,5,1,71,12,16,2,0,0,2767589.0,600461.0,138379.45,30023.1,2905968.5,630484.1,0,0,0,0,0,0,0,0,0,0,0,0,0,0,0,0,0,0,0,0,0,0,0,0,0,0,0,0,29988,239901,0,0,0,0,0,0,0,0,0,0,0,0,0,0,,0,0,,1060,21209,0,0,261110,0,45095,166897,242000,0,0,,0,0,0,0,0,48424,26902,40353,0,0,21522,18832,32283,0,13451,0,0,0,26902,40354.0,269023.189,2,5387062,0,57.72354029,0,8472197.2980385,0,0,0,0,0,0,0,0,0,246129,246129,202526,195394,126579,122122,177211,170970,506316,488486,1650092,0,0,1650092,1848103,216456,6397,2058162,2112117.0,53658.0,65999,2099776.0,528029,0.0,0,528029.0,198011,0,0,198011,264015,0,9603,254412,6600367.0,270114.0,81999,6788482.0,3536452.5,261110,242000,269023.189,5387062,9695647.625,8472197.2980385,0,246129,-17830,8454367,26902,40353,21522,18832,3536452.5,8718325.9753174,6159195.125,2559130.8501115,10084
2019,71,25,1,1,1,1,1,1,1,1,0,1,1,0,10,23,10,0.0,0.0,0.0,0.0,100.0,0.0,0,,0.0,0,,0.0,0.0,PLAT BAJA,53.9,52,12.9,75,9.5,31,16.4,7.3,BARANG LOGAM,79.6,35,5.9,16,5.0,31,7.3,2.2,2,0,2,2,5,5,3,0,0,1,46,8,14,1,41,7,6,1,87,15,20,2,0,0,3930079.0,847966.0,196503.95,42398.3,4126583.0,890364.3,0,0,0,0,0,0,0,0,0,0,0,0,0,0,0,0,0,0,0,0,0,0,0,0,0,0,0,0,54552,436413,0,0,0,0,0,0,0,0,0,0,0,0,0,0,,0,0,,829,16570,0,0,452983,0,31956,160636,232922,0,0,,0,0,0,0,0,104421,58012,87018,0,0,46409,40608,69614,0,29006,0,0,0,58012,87018.0,580118.0,2,5483968,0,54.91097672,0,10693469.8957823,211414,23490,234905,0,0,0,0,0,0,0,0,241242,275876,150776,172422,211087,241392,603105,689690,1650092,0,0,1650092,2058162,0,0,2058162,2099776.0,0.0,0,2099776.0,528029,9574.0,0,537603.0,198011,22015,0,220026,254412,26788,0,281200,6788482.0,58377.0,0,6846859.0,5016947.2,452983,232922,580118.0,5483968,11766937.979,10693469.8957823,234905,0,86585,11014960,58012,87018,46409,40608,5016947.2,10928374.7751579,6749990.729,4178384.0461575,10084
2020,71,25,1,1,1,1,1,1,1,1,1,1,1,1,12,22,8,0.0,0.0,0.0,0.0,100.0,0.0,0,,0.0,0,,0.0,0.0,PLAT BAJA,81.8,64,6.6,32,8.7,0,0.0,2.9,BARANG LOGAM,69.4,35,14.9,12,0.7,21,10.4,4.6,2,2,2,1,1,0,1,0,1,1,42,7,14,1,38,7,5,1,80,14,19,2,0,0,2765947.0,618153.0,138297.35,30907.7,2904244.4,649060.7,0,0,0,0,0,0,0,0,0,0,0,0,0,0,0,0,0,0,0,0,0,0,0,0,0,0,0,0,35439,283516,0,0,0,0,0,0,0,0,0,0,0,0,0,0,,0,0,,1058,21165,0,0,304681,0,26795,125642,182181,0,0,,0,0,0,0,0,111766,62092,93138,0,0,49674,43465,74511,0,31046,0,0,0,62092,93138.0,620921.861,2,5177104,0,86.29072244,0,8441890.6821957,0,0,0,0,0,0,0,0,0,422933,422933,309154,362623,193222,226640,270510,317295,772886,906558,1650092,139513,0,1789605,2058162,0,0,2058162,2099776.0,83218.0,0,2182994.0,537603,0.0,26209,511394.0,220026,12272,0,232298,281200,0,6043,275157,6846859.0,235003.0,32252,7049610.0,3553305.0,304681,182181,620921.861,5177104,9838192.762,8441890.6821957,0,422933,133672,8575563,62092,93138,49674,43465,3553305.0,8864823.3081916,6284887.762,2579935.545968,10084
2021,71,25,0,1,0,1,1,1,1,1,0,1,0,1,8,20,8,0.0,0.0,0.0,0.0,100.0,0.0,0,,0.0,0,,0.0,0.0,PLAT BAJA,61.4,61,16.1,35,7.7,35,4.6,10.2,BARANG LOGAM,82.1,64,4.0,12,9.9,32,0.4,3.6,2,2,2,5,2,3,4,0,1,0,43,7,14,1,39,7,5,1,82,14,19,2,0,0,3457121.0,756526.0,172856.05,37826.3,3629977.1,794352.3,0,0,0,0,0,0,0,0,0,0,0,0,0,0,0,0,0,0,0,0,0,0,0,0,0,0,0,0,39014,312115,0,0,0,0,0,0,0,0,0,0,0,0,0,0,,0,0,,1060,21205,0,0,333319,0,36275,161854,234688,0,0,,0,0,0,0,0,79678,44266,66399,0,0,35413,30986,53119,0,22133,0,0,0,44266,66397.0,442656.519,2,6044767,0,65.31368296,0,9381789.021781,13716,1524,15240,0,0,0,0,0,0,310178,310178,151147,173362,94467,108351,132253,151691,377867,433404,1789605,103608,3461,1889752,2058162,105590,0,2163752,2182994.0,0.0,0,2182994.0,511394,0.0,0,511394.0,232298,17979,0,250277,275157,0,0,275157,7049610.0,227177.0,3461,7273326.0,4424329.4,333319,234688,442656.519,6044767,11479761.124,9381789.021781,15240,310178,55537,9452566,44266,66399,35413,30986,4424329.4,9707207.6207421,7055431.774,2651775.8467683,10084
2022,71,25,0,0,0,0,0,0,0,0,0,0,0,0,0,0,0,0.0,0.0,0.0,0.0,100.0,0.0,0,,0.0,0,,0.0,0.0,PLAT BAJA,100.0,0,0.0,0,0.0,0,0.0,0.0,BARANG LOGAM,72.5,14,6.6,36,7.4,73,8.3,5.2,2,2,2,1,1,2,4,0,0,1,0,0,0,0,0,0,0,0,0,0,0,0,0,0,0.0,0.0,0.0,0.0,0.0,0.0,0,0,0,0,0,0,0,0,0,0,0,0,0,0,0,0,0,0,0,0,0,0,0,0,0,0,0,0,0,0,0,0,0,0,0,0,0,0,0,0,0,0,0,0,,0,0,,0,0,0,0,0,0,0,0,0,0,0,,0,0,0,0,0,0,0,0,0,0,0,0,0,0,0,0,0,0,0,0.0,0.0,2,0,0,0.0,2,0.0,0,0,0,0,0,0,0,0,0,0,0,0,0,0,0,0,0,0,0,1889752,145104,0,2034856,2163752,3026,0,2166778,2182994.0,0.0,41793,2141201.0,511394,0.0,0,511394.0,250277,0,0,250277,275157,0,0,275157,7273326.0,148130.0,41793,7379663.0,0.0,0,0,0.0,0,0.0,0.0,0,0,0,0,0,0,0,0,0.0,0.0,0.0,0.0,10084
2018,12,14,1,1,1,1,1,1,1,1,1,0,1,1,11,23,9,0.0,0.0,0.0,0.0,100.0,0.0,0,,0.0,0,,0.0,0.0,KAIN KATUN,99.8,32,0.1,35,0.1,19,0.1,-0.1,PAKAIAN JADI,32.7,31,21.6,73,15.5,13,21.6,8.6,2,2,0,1,2,5,4,0,0,1,12,2,3,1,13,2,2,0,25,4,5,1,0,0,871005.0,180446.0,43550.25,9022.3,914555.2,189468.3,0,0,0,0,0,0,0,0,0,0,0,0,0,0,0,0,0,0,0,0,0,0,0,0,0,0,0,0,0,0,0,0,0,0,0,0,7223,86675,0,0,0,0,0,0,,0,0,,425,8498,0,0,95173,0,6823,33390,48415,0,0,,0,0,0,0,0,36869,20483,30724,0,0,16386,14338,24580,0,10242,0,0,0,20483,30725.0,204829.511,0,1942457,914659,85.22163961,2,4564653.7889879,36438,4049,40487,0,0,0,0,0,0,208375,208375,168716,157036,105448,98147,147626,137406,421790,392589,462086,52683,0,514769,517536,34151,11794,539893,591470.0,0.0,0,591470.0,147867,13105.0,0,160972.0,55450,0,0,55450,73934,0,0,73934,1848343.0,99939.0,11794,1936488.0,1104023.6,95173,48415,204829.511,2857115,4309556.601,4564653.7889879,40487,208375,-29201,4575940,20483,30724,16386,14338,1104023.6,4813516.4491506,3205533.051,1607983.3980795,10085
2019,12,14,1,1,1,1,1,1,1,1,1,1,1,1,12,25,7,0.0,0.0,0.0,0.0,100.0,0.0,0,,0.0,0,,0.0,0.0,KAIN KATUN,52.2,14,13.6,33,15.0,36,13.8,5.4,PAKAIAN JADI,49.0,35,5.5,35,9.4,51,22.5,13.6,2,2,2,2,5,0,8,0,1,1,11,2,3,1,11,2,2,0,22,4,5,1,0,0,970080.0,224151.0,48504.0,11207.6,1018584.0,235358.6,0,0,0,0,0,0,0,0,0,0,0,0,0,0,0,0,0,0,0,0,0,0,0,0,0,0,0,0,0,0,0,0,0,0,0,0,7440,89286,0,0,0,0,0,0,,0,0,,215,4291,0,0,93577,0,19449,59666,86515,0,0,,0,0,0,0,0,41212,22895,34343,0,0,18316,16027,27474,0,11448,0,0,0,22895,34344.0,228954.375,0,2058594,548248,44.82514001,2,4406673.8719109,0,0,0,0,0,0,0,0,0,330990,330990,116978,109182,73111,68239,102355,95534,292444,272955,514769,56058,0,570827,539893,0,0,539893,591470.0,19687.0,0,611157.0,160972,0.0,0,160972.0,55450,0,0,55450,73934,0,0,73934,1936488.0,75745.0,0,2012233.0,1253942.6,93577,86515,228954.375,2606842,4269830.722,4406673.8719109,0,330990,-19489,4387185,22895,34343,18316,16027,1253942.6,4737664.1546947,3015888.172,1721775.9828706,10085
2020,12,14,1,1,1,1,1,0,0,1,1,1,1,1,10,23,7,0.0,0.0,0.0,0.0,100.0,0.0,0,,0.0,0,,0.0,0.0,KAIN KATUN,66.5,31,7.7,32,10.5,18,11.4,3.9,PAKAIAN JADI,43.1,32,7.0,33,15.7,33,23.8,10.4,2,2,0,3,2,1,4,1,1,0,10,2,3,1,11,2,2,0,21,4,5,1,0,0,995605.0,239248.0,49780.25,11962.4,1045385.2,251210.4,0,0,0,0,0,0,0,0,0,0,0,0,0,0,0,0,0,0,0,0,0,0,0,0,0,0,0,0,0,0,0,0,0,0,0,0,5868,70420,0,0,0,0,0,0,,0,0,,360,7194,0,0,77614,0,9349,23710,34380,0,0,,0,0,0,0,0,42812,23785,35677,0,0,19028,16649,28542,0,11892,0,0,0,23785,35676.0,237846.293,0,2073039,988358,46.32414815,2,4846540.8771727,0,0,0,0,0,0,0,0,0,393617,393617,63127,57648,39454,36030,55236,50442,157817,144120,570827,0,0,570827,539893,0,0,539893,611157.0,0.0,0,611157.0,160972,6579.0,0,167551.0,55450,0,0,55450,73934,0,0,73934,2012233.0,6579.0,0,2018812.0,1296595.6,77614,34380,237846.293,3061398,4707833.158,4846540.8771727,0,393617,-13697,4832844,23785,35677,19028,16649,1296595.6,5240158.0720642,3411237.508,1828920.564511,10085
2021,12,14,1,1,1,1,1,1,1,1,1,1,0,1,11,24,8,0.0,0.0,0.0,0.0,100.0,0.0,0,,0.0,0,,0.0,0.0,KAIN KATUN,61.0,32,4.9,32,19.6,21,8.0,6.5,PAKAIAN JADI,89.1,35,1.7,32,0.2,31,6.6,2.4,0,2,2,1,1,5,3,0,1,0,11,2,3,1,12,2,2,0,23,4,5,1,0,0,917644.0,204185.0,45882.2,10209.2,963526.2,214394.2,0,0,0,0,0,0,0,0,0,0,0,0,0,0,0,0,0,0,0,0,0,0,0,0,0,0,0,0,0,0,0,0,0,0,0,0,10144,121730,0,0,0,0,0,0,,0,0,,259,5186,0,0,126916,0,12454,70452,102155,0,0,,0,0,0,0,0,73476,40820,61230,0,0,32656,28574,48984,0,20410,0,0,0,40820,61228.0,408197.593,0,2599455,820379,89.62632544,2,5769744.5691862,0,0,0,0,0,0,0,0,0,263096,263096,156292,176792,97682,110495,136755,154692,390729,441979,570827,52963,0,623790,539893,29831,0,569724,611157.0,0.0,0,611157.0,167551,0.0,0,167551.0,55450,0,0,55450,73934,0,0,73934,2018812.0,82794.0,0,2101606.0,1177920.5,126916,102155,408197.593,3419834,5235023.628,5769744.5691862,0,263096,51250,5820995,40820,61230,32656,28574,1177920.5,6032840.1518158,4057103.178,1975736.9737141,10085
2018,52,32,1,1,1,1,0,1,1,1,1,1,0,1,10,19,8,0.0,0.0,0.0,0.0,100.0,0.0,0,,0.0,0,,0.0,0.0,BAHAN BAKU CAMPURAN,73.2,51,3.1,73,15.7,35,2.5,5.5,PRODUK MANUFAKTUR,64.1,19,7.8,36,9.2,31,12.3,6.6,0,2,2,4,4,2,2,1,1,1,14,2,3,0,4,1,1,0,18,3,4,0,0,0,599420.0,114406.0,29971.0,5720.3,629391.0,120126.3,0,0,0,0,0,0,0,0,0,0,0,0,0,0,0,0,0,0,0,0,0,0,0,0,0,0,0,0,0,0,0,0,0,0,0,0,6764,81172,0,0,0,0,0,0,,0,0,,242,4833,0,0,86005,0,16988,72881,105678,0,0,,0,0,0,0,0,58610,32561,48841,0,0,26049,22793,39073,0,16280,0,0,0,32561,48841.0,325609.094,2,2631823,0,76.73876419,2,4252882.2734466,0,0,0,0,0,0,0,0,0,374323,374323,179356,188077,112098,117548,156937,164567,448391,470192,616523,18226,0,634749,690505,0,0,690505,789149.0,0.0,0,789149.0,197287,14731.0,0,212018.0,73983,0,0,73983,98644,2169,0,100813,2466091.0,35126.0,0,2501217.0,749517.3,86005,105678,325609.094,2631823,3898633.003,4252882.2734466,0,374323,21801,4274683,32561,48841,26049,22793,749517.3,4627205.1449768,3149115.703,1478089.4419927,10086
2019,52,32,1,1,0,1,1,1,1,1,1,1,1,1,11,24,11,0.0,0.0,0.0,0.0,100.0,0.0,0,,0.0,0,,0.0,0.0,BAHAN BAKU CAMPURAN,97.2,12,0.1,74,0.7,35,1.5,0.5,PRODUK MANUFAKTUR,57.7,32,9.0,32,11.5,35,16.7,5.1,2,2,0,4,0,4,6,1,0,1,17,3,4,1,5,1,1,0,22,4,5,1,0,0,874786.0,202133.0,43739.3,10106.7,918525.3,212239.7,0,0,0,0,0,0,0,0,0,0,0,0,0,0,0,0,0,0,0,0,0,0,0,0,0,0,0,0,0,0,0,0,0,0,0,0,9990,119876,0,0,0,0,0,0,,0,0,,222,4448,0,0,124324,0,29994,61763,89556,0,0,,0,0,0,0,0,56971,31651,47476,0,0,25321,22155,37981,0,15825,0,0,0,31651,47476.0,316506.821,2,2698204,0,74.97454439,2,4231018.6694239,0,0,0,0,0,0,0,0,0,376781,376781,139353,130026,87096,81266,121934,113774,348383,325066,634749,54844,0,689593,690505,0,20366,670139,789149.0,0.0,0,789149.0,212018,0.0,0,212018.0,73983,0,0,73983,100813,0,3776,97037,2501217.0,54844.0,24142,2531919.0,1130765.0,124324,89556,316506.821,2698204,4359356.065,4231018.6694239,0,376781,-23317,4207702,31651,47476,25321,22155,1130765.0,4607799.5715767,3228591.115,1379208.4566464,10086
2020,52,32,1,1,1,1,1,1,0,1,1,1,1,1,11,22,10,0.0,0.0,0.0,0.0,100.0,0.0,0,,0.0,0,,0.0,0.0,BAHAN BAKU CAMPURAN,76.7,32,3.3,34,11.8,33,4.2,4.0,PRODUK MANUFAKTUR,29.3,12,32.9,51,7.3,19,12.2,18.3,2,2,2,1,5,5,2,0,0,1,14,2,4,0,4,1,1,0,18,3,5,0,0,0,710473.0,169418.0,35523.65,8470.9,745996.7,177888.9,0,0,0,0,0,0,0,0,0,0,0,0,0,0,0,0,0,0,0,0,0,0,0,0,0,0,0,0,0,0,0,0,0,0,0,0,12362,148340,0,0,0,0,0,0,,0,0,,434,8679,0,0,157019,0,17906,58971,85508,0,0,,0,0,0,0,0,27389,15216,22824,0,0,12173,10651,18259,0,7608,0,0,0,15216,22826.0,152161.822,2,3117210,0,60.77008232,2,5330023.0438481,0,0,0,0,0,0,0,0,0,384114,384114,138375,155075,86484,96922,121078,135691,345937,387688,689593,0,0,689593,670139,0,0,670139,789149.0,0.0,0,789149.0,212018,0.0,9518,202500.0,73983,7981,0,81964,97037,974,0,98011,2531919.0,8955.0,9518,2531356.0,923885.6,157019,85508,152161.822,3117210,4435784.3,5330023.0438481,0,384114,41751,5371774,15216,22824,12173,10651,923885.6,5714136.7389492,3511898.75,2202237.9889658,10086
2021,52,32,1,1,1,1,0,1,1,1,1,1,0,0,9,25,7,0.0,0.0,0.0,0.0,100.0,0.0,0,,0.0,0,,0.0,0.0,BAHAN BAKU CAMPURAN,47.6,63,27.6,35,10.4,35,4.4,10.0,PRODUK MANUFAKTUR,66.2,33,1.7,82,16.3,35,10.2,5.6,2,2,2,4,0,3,3,0,0,1,17,3,4,1,5,1,1,0,22,4,5,1,0,0,743236.0,171736.0,37161.8,8586.8,780397.8,180322.8,0,0,0,0,0,0,0,0,0,0,0,0,0,0,0,0,0,0,0,0,0,0,0,0,0,0,0,0,0,0,0,0,0,0,0,0,13257,159078,0,0,0,0,0,0,,0,0,,661,13223,0,0,172301,0,29635,69950,101428,0,0,,0,0,0,0,0,55784,30991,46487,0,0,24793,21694,37189,0,15496,0,0,0,30991,46487.0,309912.129,2,3246233,0,61.91923208,2,5430706.1150516,0,0,0,0,0,0,0,0,0,528006,528006,176803,159299,110502,99562,154702,139386,442007,398247,689593,0,0,689593,670139,24597,0,694736,789149.0,0.0,11710,777439.0,202500,0.0,0,202500.0,81964,5301,0,87265,98011,0,1556,96455,2531356.0,29898.0,13266,2547988.0,960720.6,172301,101428,309912.129,3246233,4790594.937,5430706.1150516,0,528006,-43760,5386946,30991,46487,24793,21694,960720.6,5958712.5335232,3829874.337,2128838.1963797,10086
2018,14,10,1,1,0,1,1,1,1,1,1,1,1,1,11,22,10,0.0,0.0,0.0,0.0,100.0,0.0,0,,0.0,0,,0.0,0.0,TEPUNG TERIGU,73.6,82,3.6,12,7.9,15,11.1,3.8,MAKANAN OLAHAN,65.9,35,16.6,36,6.9,35,2.8,7.8,2,2,0,3,2,4,5,1,0,1,69,12,17,2,19,3,3,0,88,15,20,2,0,0,3334187.0,712411.0,166709.35,35620.6,3500896.4,748031.6,0,0,0,0,0,0,0,0,0,0,0,0,0,0,0,0,0,0,0,0,0,0,0,0,0,0,0,0,38429,307434,0,0,0,0,0,0,0,0,0,0,0,0,0,0,,0,0,,1697,33932,0,0,341366,0,44756,260910,378319,0,0,,0,0,0,0,0,210528,116960,175440,0,0,93568,81872,140352,0,58480,0,0,0,116960,175440.0,1169599.776,0,4495122,5099614,63.54548995,2,14267242.771785,0,0,0,0,0,0,0,0,0,1281993,1281993,396304,474117,247690,296323,346765,414853,990759,1185293,1993344,0,0,1993344,2232545,136691,0,2369236,2551480.0,288041.0,0,2839521.0,637870,0.0,0,637870.0,239201,2039,0,241240,318934,27231,0,346165,7973374.0,454002.0,0,8427376.0,4248927.9,341366,378319,1169599.776,9594736,15732949.377,14267242.771785,0,1281993,194534,14461777,99999,99999,93568,81872,4248927.9,15549235.3447892,11484021.477,4065213.8678846,10087
2019,14,10,1,1,1,1,1,1,0,1,1,1,1,1,11,22,9,0.0,0.0,0.0,0.0,100.0,0.0,0,,0.0,0,,0.0,0.0,TEPUNG TERIGU,75.7,36,2.5,32,15.2,31,1.4,5.2,MAKANAN OLAHAN,47.7,35,9.6,73,16.9,13,19.0,6.8,2,2,2,5,2,5,1,1,1,0,64,11,16,2,18,3,3,0,82,14,19,2,0,3,3084130.0,674905.0,154206.5,33745.2,3238336.5,708650.2,0,0,0,0,0,0,0,0,0,0,0,0,0,0,0,0,0,0,0,0,0,0,0,0,0,0,0,0,80921,647370,0,0,0,0,0,0,0,0,0,0,0,0,0,0,,0,0,,1737,34731,0,0,682101,0,56537,263346,381852,0,0,,0,0,0,0,0,168366,93537,140305,0,0,74830,65476,112244,0,46768,0,0,0,93537,140306.0,935369.413,0,9878380,2823104,88.61493992,2,17453838.6917522,0,0,0,0,0,0,0,0,0,1538959,1538959,468523,462853,292827,289283,409958,404996,1171308,1157132,1993344,236207,0,2229551,2369236,0,0,2369236,2839521.0,70506.0,60654,2849373.0,637870,0.0,0,637870.0,241240,24280,0,265520,346165,0,0,346165,8427376.0,330993.0,60654,8697715.0,3946986.8,682101,381852,935369.413,12701485,18647793.897,17453838.6917522,0,1538959,-14176,17439663,93537,99999,74830,65476,3946986.8,18992797.5920529,14700807.147,4291990.4449354,10087
2020,14,10,1,1,1,1,1,1,1,1,1,1,1,1,12,25,8,0.0,0.0,0.0,0.0,100.0,0.0,0,,0.0,0,,0.0,0.0,TEPUNG TERIGU,68.3,61,18.3,33,7.7,0,0.0,5.7,MAKANAN OLAHAN,15.0,32,26.9,73,16.9,36,30.2,11.0,0,2,2,1,3,2,5,0,0,0,60,10,16,2,17,3,2,0,77,13,18,2,0,0,3180636.0,707083.0,159031.8,35354.2,3339667.8,742437.2,0,0,0,0,0,0,0,0,0,0,0,0,0,0,0,0,0,0,0,0,0,0,0,0,0,0,0,0,48903,391225,0,0,0,0,0,0,0,0,0,0,0,0,0,0,,0,0,,922,18434,0,0,409660,0,36128,209476,303740,0,0,,0,0,0,0,0,159124,88402,132603,0,0,70722,61881,106083,0,44201,0,0,0,88402,132603.0,884021.305,0,9138506,1018760,98.0,2,13713608.9094277,0,0,0,0,0,0,0,0,0,1433306,1433306,586334,664928,366459,415580,513042,581812,1465835,1662320,2229551,0,0,2229551,2369236,77608,0,2446844,2849373.0,214756.0,0,3064129.0,637870,0.0,0,637870.0,265520,4603,2044,268079,346165,0,0,346165,8697715.0,296967.0,2044,8992638.0,4082105.0,409660,303740,884021.305,10157266,15836791.873,13713608.9094277,0,1433306,196485,13910094,88402,99999,70722,61881,4082105.0,15146915.1934422,11754686.923,3392228.2702669,10087
2021,14,10,1,1,1,1,1,1,1,1,1,1,1,1,12,24,8,0.0,0.0,0.0,0.0,100.0,0.0,0,,0.0,0,,0.0,0.0,TEPUNG TERIGU,73.7,32,5.5,35,8.4,35,8.1,4.3,MAKANAN OLAHAN,92.8,73,0.1,32,2.9,35,3.3,0.9,2,2,2,1,3,0,3,0,1,0,65,12,16,2,18,3,3,0,83,15,19,2,0,0,3210400.0,688200.0,160520.0,34410.0,3370920.0,722610.0,0,0,0,0,0,0,0,0,0,0,0,0,0,0,0,0,0,0,0,0,0,0,0,0,0,0,0,0,51295,410363,0,0,0,0,0,0,0,0,0,0,0,0,0,0,,0,0,,1294,25882,0,0,436245,0,41373,165307,239695,0,0,,0,0,0,0,0,60940,33855,50783,0,0,27084,23699,40626,0,16928,0,0,0,33855,50784.0,338553.534,0,9758091,718975,85.43110743,2,15674771.7415665,147179,16353,163532,0,0,0,0,0,0,1299448,1299448,445173,530309,278233,331443,389526,464020,1112932,1325772,2229551,0,0,2229551,2446844,167657,0,2614501,3064129.0,147053.0,0,3211182.0,637870,0.0,0,637870.0,268079,0,0,268079,346165,16159,0,362324,8992638.0,330869.0,0,9323507.0,4093530.0,436245,239695,338553.534,10477065,15585089.043,15674771.7415665,163532,1299448,212840,16051144,33855,50783,27084,23699,4093530.0,17137752.153415,11491559.043,5646193.1107102,10087
2022,14,10,1,1,1,1,1,1,1,1,1,1,1,0,11,25,10,0.0,0.0,0.0,0.0,100.0,0.0,0,,0.0,0,,0.0,0.0,TEPUNG TERIGU,97.1,32,0.8,51,0.3,35,1.3,0.5,MAKANAN OLAHAN,59.3,35,4.4,32,10.4,12,18.9,7.0,2,2,2,4,1,1,0,1,0,1,65,12,16,2,18,3,3,0,83,15,19,2,0,0,2958356.0,634170.0,147917.8,31708.5,3106273.8,665878.5,0,0,0,0,0,0,0,0,0,0,0,0,0,0,0,0,0,0,0,0,0,0,0,0,0,0,0,0,56513,452100,0,0,0,0,0,0,0,0,0,0,0,0,0,0,,0,0,,2313,46268,0,0,498369,0,41279,211253,306317,0,0,,0,0,0,0,0,163964,91091,136636,0,0,72873,63764,109309,0,45546,0,0,0,91091,136636.0,910909.565,0,8894626,1683703,68.35396917,2,14763243.8093145,0,0,0,0,0,0,0,0,0,1225548,1225548,289406,324379,180878,202737,253230,283832,723514,810948,2229551,10638,0,2240189,2614501,30051,0,2644552,3211182.0,25318.0,0,3236500.0,637870,0.0,0,637870.0,268079,0,0,268079,362324,0,0,362324,9323507.0,66007.0,0,9389514.0,3772152.3,498369,306317,910909.565,10578329,16066076.892,14763243.8093145,0,1225548,87434,14850678,91091,99999,72873,63764,3772152.3,15988791.3395607,12293924.592,3694866.7473983,10087
2018,36,24,1,1,1,1,1,1,1,1,1,1,1,1,12,23,11,0.0,0.0,0.0,0.0,100.0,0.0,0,,0.0,0,,0.0,0.0,BIJIH BESI,56.9,31,16.9,14,17.6,0,0.0,8.6,BESI BAJA,61.3,16,15.7,51,17.6,0,0.0,5.4,0,2,0,3,5,1,3,0,0,1,18,3,5,1,9,2,1,0,27,5,6,1,0,0,1732089.0,379317.0,86604.45,18965.9,1818693.5,398282.9,0,0,0,0,0,0,0,0,0,0,0,0,0,0,0,0,299747,359697,0,0,0,0,0,0,0,0,0,0,0,0,0,0,0,0,0,0,0,0,0,0,0,0,0,0,,0,0,,1885,37693,0,0,397390,0,53204,197560,286462,0,0,,0,0,0,0,0,48588,26993,40490,0,0,21594,18895,32392,0,13497,0,0,0,26993,40489.0,269930.868,0,3204857,593119,70.23632437,0,5857144.2240242,0,0,0,0,0,0,0,0,0,335280,335280,107462,121860,67164,76162,94030,106628,268656,304650,3596112,0,0,3596112,4027645,0,32377,3995268,4603023.0,0.0,0,4603023.0,1150756,0.0,0,1150756.0,431533,0,0,431533,575377,0,0,575377,14384446.0,0.0,32377,14352069.0,2216976.3,397390,286462,269930.868,3797975,6968734.113,5857144.2240242,0,335280,35994,5893138,26993,40490,21594,18895,2216976.3,6192423.7571861,4751757.813,1440665.9445128,10088
2019,36,24,1,1,1,1,1,1,1,1,1,1,1,1,12,21,10,0.0,0.0,0.0,0.0,100.0,0.0,0,,0.0,0,,0.0,0.0,BIJIH BESI,86.1,21,5.0,73,5.9,0,0.0,3.0,BESI BAJA,69.1,32,6.6,15,10.6,31,10.4,3.3,2,2,2,4,5,5,1,0,0,1,17,3,4,1,8,1,1,0,25,4,5,1,0,0,1382870.0,286489.0,69143.5,14324.5,1452013.5,300813.5,0,0,0,0,0,0,0,0,0,0,0,0,0,0,0,0,262838,315405,0,0,0,0,0,0,0,0,0,0,0,0,0,0,0,0,0,0,0,0,0,0,0,0,0,0,,0,0,,1507,30140,0,0,345545,0,46978,146586,212549,0,0,,0,0,0,0,0,34727,19293,28939,0,0,15434,13505,23151,0,9646,0,0,0,19293,28939.0,192927.031,0,1774756,1481471,67.82527137,0,4916547.9236135,0,0,0,0,0,0,0,0,0,183497,183497,65488,67989,40930,42493,57303,59491,163721,169973,3596112,0,0,3596112,3995268,0,0,3995268,4603023.0,210475.0,50539,4762959.0,1150756,0.0,0,1150756.0,431533,1942,16659,416816,575377,0,0,575377,14352069.0,212417.0,67198,14497288.0,1752826.9,345545,212549,192927.031,3256227,5760074.973,4916547.9236135,0,183497,6252,4922800,19293,28939,15434,13505,1752826.9,5100044.4767118,4007248.023,1092796.4539708,10088
2020,36,24,1,1,1,1,1,1,1,1,1,1,1,1,12,26,7,0.0,0.0,0.0,0.0,100.0,0.0,0,,0.0,0,,0.0,0.0,BIJIH BESI,76.5,19,10.1,35,5.8,33,4.0,3.6,BESI BAJA,58.8,31,16.4,12,15.9,35,1.9,7.0,2,2,0,4,4,0,1,1,1,1,18,3,4,1,8,1,1,0,26,4,5,1,0,0,1376190.0,275605.0,68809.5,13780.2,1444999.5,289385.2,0,0,0,0,0,0,0,0,0,0,0,0,0,0,0,0,334901,401881,0,0,0,0,0,0,0,0,0,0,0,0,0,0,0,0,0,0,0,0,0,0,0,0,0,0,,0,0,,1376,27513,0,0,429394,0,55805,183933,266703,0,0,,0,0,0,0,0,64308,35726,53590,0,0,28581,25009,42872,0,17863,0,0,0,35726,53590.0,357264.686,0,2401175,2211550,90.68571084,0,6238386.5457156,0,0,0,0,0,0,0,0,0,499828,499828,121884,129814,76178,81134,106648,113587,304710,324535,3596112,79101,0,3675213,3995268,0,0,3995268,4762959.0,29764.0,0,4792723.0,1150756,72475.0,40081,1183150.0,416816,0,0,416816,575377,0,0,575377,14497288.0,181340.0,40081,14638547.0,1734384.8,429394,266703,357264.686,4612726,7400472.634,6238386.5457156,0,499828,19825,6258212,35726,53590,28581,25009,1734384.8,6738214.3429582,5666087.884,1072126.4586883,10088
2021,36,24,1,1,1,1,1,1,1,1,1,1,0,1,11,27,8,0.0,0.0,0.0,0.0,100.0,0.0,0,,0.0,0,,0.0,0.0,BIJIH BESI,56.2,32,7.8,35,12.3,12,16.7,7.0,BESI BAJA,53.6,35,7.0,31,13.1,35,15.1,11.2,0,2,2,3,0,5,6,1,0,0,20,3,6,1,9,2,1,0,29,5,7,1,0,0,1769011.0,416636.0,88450.55,20831.8,1857461.6,437467.8,0,0,0,0,0,0,0,0,0,0,0,0,0,0,0,0,305863,367035,0,0,0,0,0,0,0,0,0,0,0,0,0,0,0,0,0,0,0,0,0,0,0,0,0,0,,0,0,,1758,35158,0,0,402193,0,63108,187416,271753,0,0,,0,0,0,0,0,52676,29264,43896,0,0,23411,20485,35117,0,14632,0,0,0,29264,43897.0,292641.756,0,1262570,2891074,73.598442,0,6025315.80654,0,0,0,0,0,0,0,0,0,159175,159175,208057,189774,130036,118608,182049,166052,520142,474434,3675213,0,71052,3604161,3995268,110604,136772,3969100,4792723.0,456071.0,0,5248794.0,1183150,65456.0,0,1248606.0,416816,12228,0,429044,575377,0,0,575377,14638547.0,644359.0,207824,15075082.0,2294929.4,402193,271753,292641.756,4153644,7415161.245,6025315.80654,0,159175,-45708,5979608,29264,43896,23411,20485,2294929.4,6184490.5225995,5120231.895,1064258.6278864,10088
2022,36,24,1,1,1,1,1,1,1,1,1,1,1,1,12,23,7,0.0,0.0,0.0,0.0,100.0,0.0,0,,0.0,0,,0.0,0.0,BIJIH BESI,53.8,19,4.5,33,18.5,72,17.0,6.2,BESI BAJA,16.8,71,27.8,32,27.3,32,14.1,14.0,2,2,2,5,4,3,0,1,1,1,25,4,6,1,12,2,2,0,37,6,8,1,0,3,2268773.0,475277.0,113438.65,23763.9,2382211.6,499040.9,0,0,0,0,0,0,0,0,0,0,0,0,0,0,0,0,409023,490827,0,0,0,0,0,0,0,0,0,0,0,0,0,0,0,0,0,0,0,0,0,0,0,0,0,0,,0,0,,1179,23576,0,0,514403,0,61455,212819,308588,0,0,,0,0,0,0,0,89410,49672,74508,0,0,39738,34771,59607,0,24836,0,0,0,49672,74509.0,496723.444,0,4766061,853276,89.64959356,0,8006110.2939313,0,0,0,0,0,0,0,0,0,165964,165964,297554,307576,185971,192235,260359,269129,743884,768940,3604161,0,0,3604161,3969100,293458,0,4262558,5248794.0,492865.0,0,5741659.0,1248606,144672.0,0,1393278.0,429044,21649,16054,434639,575377,7360,0,582737,15075082.0,960004.0,16054,16019032.0,2881252.5,514403,308588,496723.444,5619337,9820303.669,8006110.2939313,0,165964,25056,8031166,49672,74508,39738,34771,2881252.5,8172074.15064,6939051.169,1233022.9819713,10088
2018,34,24,1,1,1,1,1,1,1,1,1,1,1,1,12,26,9,0.0,0.0,0.0,0.0,100.0,0.0,0,,0.0,0,,0.0,0.0,BIJIH BESI,64.4,35,0.0,32,7.7,31,17.7,10.2,BESI BAJA,25.3,71,39.4,31,20.4,73,2.7,12.2,2,2,2,1,1,3,4,0,0,1,37,7,11,2,23,4,3,0,60,11,14,2,0,0,3508958.0,791134.0,175447.9,39556.7,3684405.9,830690.7,0,0,0,0,0,0,0,0,0,0,0,0,0,0,0,0,1039061,1246874,0,0,0,0,0,0,0,0,0,0,0,0,0,0,0,0,0,0,0,0,0,0,0,0,0,0,,0,0,,4174,83475,0,0,1330349,0,171573,519942,753916,0,0,,0,0,0,0,0,266922,148290,222435,0,0,118632,103803,177948,0,74145,0,0,0,148290,222434.0,1482898.504,0,6812910,5752159,69.63270564,2,17840715.4164948,0,0,0,0,0,0,0,0,0,1697698,1697698,716012,801377,447508,500861,626510,701205,1790030,2003443,8639747,894872,0,9534619,9676517,0,0,9676517,11058876.0,0.0,0,11058876.0,2764719,0.0,60739,2703980.0,1036770,0,0,1036770,1382360,0,0,1382360,34558989.0,894872.0,60739,35393122.0,4515096.6,1330349,753916,1482898.504,12565069,20647328.461,17840715.4164948,0,1697698,213413,18054128,99999,99999,99999,99999,4515096.6,19538413.6554748,16132231.861,3406181.7941102,10089
2019,34,24,1,1,1,1,1,1,1,1,1,1,1,1,12,23,8,0.0,0.0,0.0,0.0,100.0,0.0,0,,0.0,0,,0.0,0.0,BIJIH BESI,64.1,32,5.7,35,13.6,35,10.3,6.3,BESI BAJA,49.7,36,14.5,16,17.8,35,11.7,6.3,2,2,2,3,5,0,5,0,1,0,44,8,13,2,27,5,4,0,71,13,17,2,0,0,3032331.0,686164.0,151616.55,34308.2,3183947.6,720472.2,0,0,0,0,0,0,0,0,0,0,0,0,0,0,0,0,1289369,1547243,0,0,0,0,0,0,0,0,0,0,0,0,0,0,0,0,0,0,0,0,0,0,0,0,0,0,,0,0,,3280,65592,0,0,1612835,0,177224,785222,1138572,0,0,,0,0,0,0,0,284402,158001,237002,0,0,126401,110601,189602,0,79001,0,0,0,158001,237002.0,1580012.825,0,10591220,5867615,82.47020427,2,24616011.5803207,385942,42882,428824,0,0,0,0,0,0,448467,448467,339287,349365,212054,218353,296876,305695,848217,873413,9534619,25975,0,9560594,9676517,0,0,9676517,11058876.0,171561.0,0,11230437.0,2703980,0.0,0,2703980.0,1036770,76471,0,1113241,1382360,0,0,1382360,35393122.0,274007.0,0,35667129.0,3904419.8,1612835,1138572,1580012.825,16458836,24694675.215,24616011.5803207,428824,448467,25196,25070032,99999,99999,99999,99999,3904419.8,25493302.6552581,20790255.465,4703047.1900492,10089
2020,34,24,0,0,1,1,1,1,1,1,1,1,1,1,10,21,8,0.0,0.0,0.0,0.0,100.0,0.0,0,,0.0,0,,0.0,0.0,BIJIH BESI,65.6,32,5.1,11,13.0,33,9.1,7.2,BESI BAJA,49.1,15,24.1,71,17.3,0,0.0,9.5,2,2,2,1,3,5,8,0,1,1,52,9,15,2,31,6,4,0,83,15,19,2,0,0,4208329.0,902122.0,210416.45,45106.1,4418745.5,947228.1,0,0,0,0,0,0,0,0,0,0,0,0,0,0,0,0,1454969,1745963,0,0,0,0,0,0,0,0,0,0,0,0,0,0,0,0,0,0,0,0,0,0,0,0,0,0,,0,0,,6800,135991,0,0,1881954,0,331235,1005191,1457527,0,0,,0,0,0,0,0,257992,143329,214993,0,0,114663,100330,171994,0,71664,0,0,0,143329,214993.0,1433286.693,0,14217028,2086365,76.96621151,2,26396421.7037512,271767,30196,301963,0,0,0,0,0,0,1087144,1087144,591860,659963,369912,412477,517878,577467,1479650,1649907,9560594,340554,108112,9793036,9676517,941110,0,10617627,11230437.0,0.0,0,11230437.0,2703980,0.0,0,2703980.0,1113241,0,48779,1064462,1382360,165486,0,1547846,35667129.0,1447150.0,156891,36957388.0,5365973.6,1881954,1457527,1433286.693,16303393,26442134.831,26396421.7037512,301963,1087144,170257,26868642,99999,99999,99999,99999,5365973.6,27785528.7930505,21076161.281,6709367.5125041,10089
2018,11,29,1,1,1,1,1,0,1,0,1,1,1,1,10,26,9,0.0,0.0,0.0,0.0,100.0,0.0,0,,0.0,0,,0.0,0.0,KOMPONEN OTOMOTIF,42.1,31,4.8,32,30.0,53,10.9,12.2,KENDARAAN BERMOTOR,38.8,31,21.4,15,24.4,21,4.8,10.6,2,2,2,4,4,0,1,0,0,0,36,7,9,1,8,1,1,0,44,8,10,1,0,0,2272626.0,481092.0,113631.3,24054.6,2386257.3,505146.6,0,0,0,0,0,0,0,0,0,0,0,0,0,0,0,0,0,0,0,0,0,0,0,0,0,0,0,0,35098,280785,0,0,0,0,0,0,0,0,0,0,0,0,0,0,,0,0,,1297,25944,0,0,306728,0,29150,144462,209470,0,0,,0,0,0,0,0,31653,17585,26377,0,0,14068,12309,21102,0,8792,0,0,0,17585,26378.0,175848.712,0,3028996,2296001,81.12398895,0,7592740.4020935,0,0,0,0,0,0,0,0,0,657850,657850,122686,133515,76679,83447,107350,116826,306715,333788,2023576,0,0,2023576,2266405,258109,0,2524514,2590177.0,0.0,0,2590177.0,647544,0.0,0,647544.0,242829,0,0,242829,323772,0,12430,311342,8094303.0,258109.0,12430,8339982.0,2891403.9,306728,209470,175848.712,5324997,8908447.788,7592740.4020935,0,657850,27073,7619813,17585,26377,14068,12309,2891403.9,8250590.4888777,6017043.888,2233546.6004281,10090
2019,11,29,1,1,1,1,1,1,1,1,1,1,1,1,12,21,8,0.0,0.0,0.0,0.0,100.0,0.0,0,,0.0,0,,0.0,0.0,KOMPONEN OTOMOTIF,54.1,14,3.5,35,6.5,36,25.7,10.2,KENDARAAN BERMOTOR,51.4,33,21.9,15,18.8,0,0.0,7.9,2,2,0,4,2,1,0,1,0,0,35,7,9,1,8,1,1,0,43,8,10,1,0,1,2074926.0,447852.0,103746.3,22392.6,2178672.3,470244.6,0,0,0,0,0,0,0,0,0,0,0,0,0,0,0,0,0,0,0,0,0,0,0,0,0,0,0,0,30389,243115,0,0,0,0,0,0,0,0,0,0,0,0,0,0,,0,0,,486,9724,0,0,252838,0,36607,172005,249407,0,0,,0,0,0,0,0,35698,19832,29749,0,0,15866,13883,23799,0,9916,0,0,0,19832,29749.0,198324.056,0,4299893,598328,77.19966888,0,6820917.3550577,0,0,0,0,0,0,0,0,0,745976,745976,114710,121631,71694,76019,100370,106427,286774,304077,2023576,0,0,2023576,2524514,0,0,2524514,2590177.0,8165.0,0,2598342.0,647544,0.0,0,647544.0,242829,0,6865,235964,311342,0,0,311342,8339982.0,8165.0,6865,8341282.0,2648916.9,252838,249407,198324.056,4898220,8247706.726,6820917.3550577,0,745976,17303,6838220,19832,29749,15866,13883,2648916.9,7566893.8223289,5598789.826,1968103.9959728,10090
2020,11,29,1,1,1,1,0,1,1,1,1,1,1,1,11,21,9,0.0,0.0,0.0,0.0,100.0,0.0,0,,0.0,0,,0.0,0.0,KOMPONEN OTOMOTIF,67.3,13,21.7,35,3.6,73,0.3,7.1,KENDARAAN BERMOTOR,57.3,12,13.9,35,12.0,75,12.1,4.7,2,2,2,2,1,1,3,1,1,1,33,6,8,1,7,1,1,0,40,7,9,1,0,0,2373399.0,505376.0,118669.95,25268.8,2492069.0,530644.8,0,0,0,0,0,0,0,0,0,0,0,0,0,0,0,0,0,0,0,0,0,0,0,0,0,0,0,0,31671,253365,0,0,0,0,0,0,0,0,0,0,0,0,0,0,,0,0,,875,17491,0,0,270856,0,38275,139429,202172,0,0,,0,0,0,0,0,55592,30884,46326,0,0,24707,21619,37061,0,15442,0,0,0,30884,46328.0,308843.077,0,3416777,1838681,54.66070094,0,7171021.5015128,39497,4389,43885,0,0,0,0,0,0,166137,166137,161789,186447,101118,116530,141565,163141,404472,466118,2023576,89984,0,2113560,2524514,0,0,2524514,2598342.0,10945.0,0,2609287.0,647544,49600.0,0,697144.0,235964,0,8725,227239,311342,0,0,311342,8341282.0,150529.0,8725,8483086.0,3022713.8,270856,202172,308843.077,5255458,9060042.112,7171021.5015128,43885,166137,61646,7276553,30884,46326,24707,21619,3022713.8,7381044.0205618,6037328.362,1343715.6587004,10090
2021,11,29,1,1,1,1,1,1,1,1,1,1,1,1,12,22,8,0.0,0.0,0.0,0.0,100.0,0.0,0,,0.0,0,,0.0,0.0,KOMPONEN OTOMOTIF,60.3,32,7.1,62,13.7,31,9.7,9.2,KENDARAAN BERMOTOR,40.4,36,8.4,32,16.5,16,21.2,13.5,2,2,2,3,5,2,6,1,0,1,29,5,7,1,6,1,1,0,35,6,8,1,0,0,1713476.0,376455.0,85673.8,18822.8,1799149.8,395277.8,0,0,0,0,0,0,0,0,0,0,0,0,0,0,0,0,0,0,0,0,0,0,0,0,0,0,0,0,21994,175951,0,0,0,0,0,0,0,0,0,0,0,0,0,0,,0,0,,744,14877,0,0,190828,0,12819,39534,57324,0,0,,0,0,0,0,0,90783,50435,75652,0,0,40348,35304,60522,0,25217,0,0,0,50435,75652.0,504348.409,0,4345722,301979,68.64967415,0,6708242.7181638,0,0,0,0,0,0,0,0,0,601445,601445,190520,206930,119075,129331,166704,181064,476299,517325,2113560,0,0,2113560,2524514,0,64290,2460224,2609287.0,266749.0,125448,2750588.0,697144,0.0,9825,687319.0,227239,16950,0,244189,311342,12157,0,323499,8483086.0,295856.0,199563,8579379.0,2194427.5,190828,57324,504348.409,4647701,7594629.199,6708242.7181638,0,601445,41026,6749269,50435,75652,40348,35304,2194427.5,7309687.9476718,5400201.649,1909486.2982204,10090
2022,11,29,1,1,0,1,0,0,1,1,1,1,1,1,9,24,8,0.0,0.0,0.0,0.0,100.0,0.0,0,,0.0,0,,0.0,0.0,KOMPONEN OTOMOTIF,100.0,0,0.0,0,0.0,0,0.0,0.0,KENDARAAN BERMOTOR,56.9,35,3.0,32,15.6,33,16.3,8.2,2,2,0,5,5,0,4,1,0,0,36,7,10,1,8,1,1,0,44,8,11,1,0,0,2397636.0,553655.0,119881.8,27682.8,2517517.8,581337.8,0,0,0,0,0,0,0,0,0,0,0,0,0,0,0,0,0,0,0,0,0,0,0,0,0,0,0,0,32325,258599,0,0,0,0,0,0,0,0,0,0,0,0,0,0,,0,0,,608,12161,0,0,270760,0,66011,175053,253826,0,0,,0,0,0,0,0,39538,21966,32949,0,0,17573,15376,26359,0,10983,0,0,0,21966,32947.0,219656.738,0,1939445,3194036,79.90521453,0,7913034.7542557,0,0,0,0,0,0,0,0,0,320061,320061,147834,156053,92396,97533,129355,136547,369585,390133,2113560,192493,0,2306053,2460224,0,0,2460224,2750588.0,0.0,0,2750588.0,687319,68182.0,15215,740286.0,244189,25535,0,269724,323499,0,0,323499,8579379.0,286210.0,15215,8850374.0,3098855.6,270760,253826,219656.738,5133480,8976579.123,7913034.7542557,0,320061,20548,7933583,21966,32949,17573,15376,3098855.6,8233096.0972064,5877723.573,2355372.5238643,10090
2018,35,11,1,1,0,1,0,0,1,1,1,1,1,1,9,22,8,0.0,0.0,0.0,0.0,100.0,0.0,0,,0.0,0,,0.0,0.0,GULA & KONSENTRAT,47.8,32,7.6,12,26.1,12,9.0,9.5,MINUMAN KEMASAN,15.0,32,30.1,32,19.1,0,0.0,35.8,2,2,2,4,5,1,8,0,1,1,33,6,9,1,13,2,2,0,46,8,11,1,0,0,1576078.0,350466.0,78803.9,17523.3,1654881.9,367989.3,0,0,0,0,0,0,0,0,0,0,0,0,0,0,0,0,0,0,0,0,0,0,0,0,0,0,0,0,63644,509151,0,0,0,0,0,0,0,0,0,0,0,0,0,0,,0,0,,836,16721,0,0,525873,0,50492,239292,346973,0,0,,0,0,0,0,0,75712,42062,63094,0,0,33650,29444,50475,0,21031,0,0,0,42062,63094.0,420623.692,2,7345452,0,71.18593547,0,13259445.1911258,0,0,0,0,0,0,0,0,0,204906,204906,535816,560860,334885,350537,468838,490752,1339539,1402149,2655024,0,0,2655024,2973627,70254,0,3043881,3398431.0,0.0,0,3398431.0,849608,25673.0,0,875281.0,318603,31650,0,350253,424803,0,0,424803,10620096.0,127577.0,0,10747673.0,2022871.2,525873,346973,420623.692,7345452,10661793.157,13259445.1911258,0,204906,62610,13322055,42062,63094,33650,29444,2022871.2,13464350.7976065,8638921.957,4825428.8406867,10091
2019,35,11,0,0,0,0,0,0,0,0,0,0,0,0,0,0,0,0.0,0.0,0.0,0.0,100.0,0.0,0,,0.0,0,,0.0,0.0,GULA & KONSENTRAT,79.2,32,13.2,0,0.0,0,0.0,7.6,MINUMAN KEMASAN,51.2,32,22.2,36,6.5,82,7.5,12.6,2,2,2,1,5,1,1,1,1,1,0,0,0,0,0,0,0,0,0,0,0,0,0,0,0.0,0.0,0.0,0.0,0.0,0.0,0,0,0,0,0,0,0,0,0,0,0,0,0,0,0,0,0,0,0,0,0,0,0,0,0,0,0,0,0,0,0,0,0,0,0,0,0,0,0,0,0,0,0,0,,0,0,,0,0,0,0,0,0,0,0,0,0,0,,0,0,0,0,0,0,0,0,0,0,0,0,0,0,0,0,0,0,0,0.0,0.0,2,0,0,0.0,2,0.0,0,0,0,0,0,0,0,0,0,0,0,0,0,0,0,0,0,0,0,2655024,17741,0,2672765,3043881,266277,0,3310158,3398431.0,127312.0,0,3525743.0,875281,39758.0,0,915039.0,350253,0,0,350253,424803,48495,0,473298,10747673.0,499583.0,0,11247256.0,0.0,0,0,0.0,0,0.0,0.0,0,0,0,0,0,0,0,0,0.0,0.0,0.0,0.0,10091
2020,35,11,1,1,1,1,1,1,0,0,1,1,1,0,9,24,9,0.0,0.0,0.0,0.0,100.0,0.0,0,,0.0,0,,0.0,0.0,GULA & KONSENTRAT,48.0,71,6.7,32,31.5,0,0.0,13.8,MINUMAN KEMASAN,42.2,12,10.3,31,17.2,94,14.4,15.9,2,2,2,1,1,5,0,0,0,1,29,5,7,1,12,2,2,0,41,7,9,1,0,0,1264709.0,263690.0,63235.45,13184.5,1327944.4,276874.5,0,0,0,0,0,0,0,0,0,0,0,0,0,0,0,0,0,0,0,0,0,0,0,0,0,0,0,0,47839,382709,0,0,0,0,0,0,0,0,0,0,0,0,0,0,,0,0,,1210,24192,0,0,406901,0,42628,212720,308444,0,0,,0,0,0,0,0,68504,38058,57086,0,0,30446,26640,45669,0,19029,0,0,0,38058,57086.0,380575.69,2,7725837,0,65.33168386,0,12770970.5902338,0,0,0,0,0,0,0,0,0,574554,574554,202830,223142,126769,139464,177476,195248,507075,557854,2672765,0,0,2672765,3310158,0,61540,3248618,3525743.0,237717.0,118138,3645322.0,915039,48065.0,0,963104.0,350253,25842,0,376095,473298,0,0,473298,11247256.0,311624.0,179678,11379202.0,1604818.9,406901,308444,380575.69,7725837,10426577.172,12770970.5902338,0,574554,50779,12821750,38058,57086,30446,26640,1604818.9,13345524.9163228,8821758.222,4523766.6941409,10091
2021,35,11,1,1,1,1,1,1,1,1,1,1,1,1,12,23,8,0.0,0.0,0.0,0.0,100.0,0.0,0,,0.0,0,,0.0,0.0,GULA & KONSENTRAT,31.8,15,20.7,33,15.8,32,18.3,13.4,MINUMAN KEMASAN,49.1,13,8.3,73,32.2,0,0.0,10.4,2,2,2,4,1,1,0,0,1,0,34,6,9,1,13,2,2,0,47,8,11,1,0,0,1525768.0,333112.0,76288.4,16655.6,1602056.4,349767.6,0,0,0,0,0,0,0,0,0,0,0,0,0,0,0,0,0,0,0,0,0,0,0,0,0,0,0,0,70036,560286,0,0,0,0,0,0,0,0,0,0,0,0,0,0,,0,0,,1989,39773,0,0,600059,0,77522,200724,291049,0,0,,0,0,0,0,0,132179,73433,110149,0,0,58746,51403,88119,0,36716,0,0,0,73433,110151.0,734328.707,2,9535392,0,74.68239197,0,16117907.4410703,0,0,0,0,0,0,0,0,0,747998,747998,467994,452926,292496,283079,409495,396310,1169985,1132315,2672765,0,0,2672765,3248618,0,113897,3134721,3645322.0,0.0,0,3645322.0,963104,0.0,0,963104.0,376095,0,0,376095,473298,0,0,473298,11379202.0,0.0,113897,11265305.0,1951824.0,600059,291049,734328.707,9535392,13112652.209,16117907.4410703,0,747998,-37670,16080237,73433,99999,58746,51403,1951824.0,16865905.8616009,11160828.209,5705077.6523097,10091
2022,35,11,1,1,1,0,1,1,1,1,1,1,1,1,11,26,7,0.0,0.0,0.0,0.0,100.0,0.0,0,,0.0,0,,0.0,0.0,GULA & KONSENTRAT,65.5,72,8.3,91,5.1,32,13.8,7.3,MINUMAN KEMASAN,57.6,75,0.7,36,19.8,32,13.2,8.7,0,2,2,4,4,1,4,1,0,0,34,6,9,1,13,2,2,0,47,8,11,1,0,0,1645310.0,359210.0,82265.5,17960.5,1727575.5,377170.5,0,0,0,0,0,0,0,0,0,0,0,0,0,0,0,0,0,0,0,0,0,0,0,0,0,0,0,0,65048,520383,0,0,0,0,0,0,0,0,0,0,0,0,0,0,,0,0,,1542,30838,0,0,551221,0,74610,200331,290480,0,0,,0,0,0,0,0,102582,56990,85485,0,0,45592,39893,68388,0,28495,0,0,0,56990,85483.0,569897.66,2,7737157,0,76.74458662,0,13988419.2124009,0,0,0,0,0,0,0,0,0,748569,748569,480996,576839,300622,360524,420871,504735,1202489,1442098,2672765,0,0,2672765,3134721,0,0,3134721,3645322.0,259578.0,0,3904900.0,963104,0.0,0,963104.0,376095,0,0,376095,473298,19106,0,492404,11265305.0,278684.0,0,11543989.0,2104746.0,551221,290480,569897.66,7737157,11253501.885,13988419.2124009,0,748569,239609,14228028,56990,85485,45592,39893,2104746.0,14736988.108646,9148755.885,5588232.2239954,10091
2019,13,28,1,1,1,1,1,1,1,1,1,0,1,1,11,24,7,0.0,0.0,0.0,0.0,100.0,0.0,0,,0.0,0,,0.0,0.0,BAJA & KOMPONEN,97.4,36,1.2,12,0.3,35,0.6,0.5,MESIN INDUSTRI,35.1,33,5.6,32,6.7,31,34.5,18.1,2,2,2,4,1,2,4,1,0,1,49,8,12,1,4,1,1,0,53,9,13,1,0,0,2941664.0,664614.0,147083.2,33230.7,3088747.2,697844.7,0,0,0,0,0,0,0,0,0,0,0,0,0,0,0,0,0,0,0,0,0,0,0,0,0,0,0,0,43412,347293,0,0,0,0,0,0,0,0,0,0,0,0,0,0,,0,0,,1655,33098,0,0,380390,0,33279,123595,179213,0,0,,0,0,0,0,0,47186,26214,39322,0,0,20972,18350,31457,0,13107,0,0,0,26214,39323.0,262145.45,0,5260817,743662,76.56392663,0,9002121.3178655,27204,3023,30227,0,0,0,0,0,0,924128,924128,121069,115358,75668,72099,105936,100938,302673,288395,2326114,80348,59225,2347237,2605247,0,0,2605247,2977426.0,212429.0,0,3189855.0,744356,38531.0,0,782887.0,279134,766,0,279900,372178,0,1721,370457,9304455.0,332074.0,60946,9575583.0,3786591.9,380390,179213,262145.45,6004479,10612819.537,9002121.3178655,30227,924128,-14278,9018070,26214,39322,20972,18350,3786591.9,9956476.789466,6826227.637,3130249.1526063,10092
2020,13,28,0,0,0,0,0,0,0,0,0,0,0,0,0,0,0,0.0,0.0,0.0,0.0,100.0,0.0,0,,0.0,0,,0.0,0.0,BAJA & KOMPONEN,79.5,32,5.2,35,7.1,61,6.0,2.2,MESIN INDUSTRI,69.4,35,12.4,12,7.4,63,6.0,4.8,2,2,2,4,4,0,6,0,1,1,0,0,0,0,0,0,0,0,0,0,0,0,0,0,0.0,0.0,0.0,0.0,0.0,0.0,0,0,0,0,0,0,0,0,0,0,0,0,0,0,0,0,0,0,0,0,0,0,0,0,0,0,0,0,0,0,0,0,0,0,0,0,0,0,0,0,0,0,0,0,,0,0,,0,0,0,0,0,0,0,0,0,0,0,,0,0,0,0,0,0,0,0,0,0,0,0,0,0,0,0,0,0,0,0.0,0.0,2,0,0,0.0,2,0.0,0,0,0,0,0,0,0,0,0,0,0,0,0,0,0,0,0,0,0,2347237,0,0,2347237,2605247,0,0,2605247,3189855.0,0.0,0,3189855.0,782887,0.0,0,782887.0,279900,0,6585,273315,370457,0,0,370457,9575583.0,0.0,6585,9568998.0,0.0,0,0,0.0,0,0.0,0.0,0,0,0,0,0,0,0,0,0.0,0.0,0.0,0.0,10092
2021,13,28,1,1,1,0,1,1,1,1,1,1,1,1,11,20,7,0.0,0.0,0.0,0.0,100.0,0.0,0,,0.0,0,,0.0,0.0,BAJA & KOMPONEN,86.4,71,4.6,18,3.4,35,4.0,1.6,MESIN INDUSTRI,55.7,17,14.3,63,17.6,32,5.4,7.0,2,2,2,3,4,4,2,0,0,0,44,7,10,1,4,1,1,0,48,8,11,1,0,0,2347780.0,503425.0,117389.0,25171.2,2465169.0,528596.2,0,0,0,0,0,0,0,0,0,0,0,0,0,0,0,0,0,0,0,0,0,0,0,0,0,0,0,0,52440,419516,0,0,0,0,0,0,0,0,0,0,0,0,0,0,,0,0,,1486,29720,0,0,449236,0,57315,127479,184844,0,0,,0,0,0,0,0,109225,60680,91021,0,0,48544,42476,72817,0,30340,0,0,0,60680,91022.0,606804.844,0,3310634,2903426,63.74111431,0,9480296.4154375,0,0,0,0,0,0,0,0,0,714754,714754,402473,392966,251546,245604,352163,343845,1006182,982415,2347237,0,0,2347237,2605247,260525,0,2865772,3189855.0,283023.0,0,3472878.0,782887,0.0,0,782887.0,273315,14116,0,287431,370457,0,6010,364447,9568998.0,557664.0,6010,10120652.0,2993765.2,449236,184844,606804.844,6214060,10448710.157,9480296.4154375,0,714754,-23767,9456529,60680,91021,48544,42476,2993765.2,10195050.5545255,7454944.907,2740105.6471795,10092
2022,13,28,1,1,1,1,0,0,1,1,1,1,1,1,10,22,7,0.0,0.0,0.0,0.0,100.0,0.0,0,,0.0,0,,0.0,0.0,BAJA & KOMPONEN,51.0,15,19.7,35,5.9,36,17.4,6.0,MESIN INDUSTRI,25.8,36,17.5,32,10.3,94,34.7,11.7,2,2,2,1,5,4,0,0,1,1,48,8,12,1,4,1,1,0,52,9,13,1,0,0,2746703.0,630738.0,137335.15,31536.9,2884038.1,662274.9,0,0,0,0,0,0,0,0,0,0,0,0,0,0,0,0,0,0,0,0,0,0,0,0,0,0,0,0,38541,308329,0,0,0,0,0,0,0,0,0,0,0,0,0,0,,0,0,,1547,30942,0,0,339271,0,86725,187307,271595,0,0,,0,0,0,0,0,97051,53917,80876,0,0,43134,37742,64701,0,26959,0,0,0,53917,80874.0,539170.588,0,3048040,3087169,68.8064904,0,9436188.4002594,19884,2209,22094,0,0,0,0,0,0,534424,534424,264652,241944,165408,151215,231571,211702,661631,604861,2347237,0,0,2347237,2865772,334712,78797,3121687,3472878.0,376091.0,145805,3703164.0,782887,65622.0,0,848509.0,287431,0,0,287431,364447,15617,0,380064,10120652.0,792042.0,224602,10688092.0,3546313.0,339271,271595,539170.588,6135209,10831558.136,9436188.4002594,22094,534424,-56770,9401512,53917,80876,43134,37742,3546313.0,9992705.9136639,7285245.086,2707460.8274286,10092
2019,14,10,1,1,1,1,1,0,1,1,1,1,1,1,11,25,11,0.0,0.0,0.0,0.0,100.0,0.0,0,,0.0,0,,0.0,0.0,TEPUNG TERIGU,53.2,32,13.9,33,0.6,73,17.9,14.4,MAKANAN OLAHAN,83.3,16,6.0,32,3.4,35,5.1,2.2,2,2,2,3,3,5,7,0,1,0,25,5,7,1,13,2,2,0,38,7,9,1,0,0,1144196.0,254464.0,57209.8,12723.2,1201405.8,267187.2,0,0,0,0,0,0,0,0,0,0,0,0,0,0,0,0,0,0,0,0,0,0,0,0,0,0,0,0,21376,171008,0,0,0,0,0,0,0,0,0,0,0,0,0,0,,0,0,,274,5470,0,0,176479,0,60202,123296,178779,0,0,,0,0,0,0,0,84982,47212,70818,0,0,37770,33048,56654,0,23606,0,0,0,47212,70818.0,472120.488,2,4921959,0,76.54122113,2,7012475.4037265,0,0,0,0,0,0,0,0,0,148987,148987,154496,152428,96560,95268,135184,133374,386240,381070,1133459,97155,0,1230614,1269474,0,0,1269474,1450828.0,0.0,0,1450828.0,362707,24430.0,0,387137.0,136015,0,0,136015,181353,18961,0,200314,4533836.0,140546.0,0,4674382.0,1468593.0,176479,178779,472120.488,4921959,7217929.899,7012475.4037265,0,148987,-5170,7007305,47212,70818,37770,33048,1468593.0,7161462.3512799,5749336.899,1412125.45181,10093
2020,14,10,1,1,1,1,1,1,1,1,1,1,1,1,12,20,9,0.0,0.0,0.0,0.0,100.0,0.0,0,,0.0,0,,0.0,0.0,TEPUNG TERIGU,85.5,73,3.0,36,6.8,35,2.3,2.4,MAKANAN OLAHAN,81.9,15,7.4,35,2.2,32,6.0,2.5,2,2,2,5,5,3,3,1,1,1,24,4,7,1,13,2,2,0,37,6,9,1,0,3,1485524.0,345736.0,74276.2,17286.8,1559800.2,363022.8,0,0,0,0,0,0,0,0,0,0,0,0,0,0,0,0,0,0,0,0,0,0,0,0,0,0,0,0,28159,225272,0,0,0,0,0,0,0,0,0,0,0,0,0,0,,0,0,,1206,24117,0,0,249389,0,20131,89339,129541,0,0,,0,0,0,0,0,42650,23694,35541,0,0,18955,16586,28433,0,11847,0,0,0,23694,35542.0,236941.848,2,6284654,0,55.64925176,2,8563771.4588252,0,0,0,0,0,0,0,0,0,531198,531198,135904,157023,84940,98139,118915,137395,339759,392557,1230614,0,8249,1222365,1269474,0,0,1269474,1450828.0,0.0,0,1450828.0,387137,0.0,0,387137.0,136015,3942,0,139957,200314,7135,0,207449,4674382.0,11077.0,8249,4677210.0,1922823.0,249389,129541,236941.848,6284654,8823349.34,8563771.4588252,0,531198,52798,8616569,23694,35541,18955,16586,1922823.0,9094969.611208,6900526.34,2194443.2708209,10093
2018,32,28,1,1,1,1,1,1,1,1,1,1,1,1,12,25,12,2.0,5.8,3.9,0.8,26.5,61.0,116,MANUFACTURING,61.0,0,,0.0,0.0,BAJA & KOMPONEN,60.2,31,11.7,36,12.2,11,10.5,5.4,MESIN INDUSTRI,76.6,33,16.6,0,0.0,0,0.0,6.8,2,2,0,4,1,0,5,1,1,0,40,7,11,1,20,3,3,0,60,10,14,1,5,0,3007117.0,644720.0,150355.85,32236.0,3157472.9,676956.0,0,0,0,0,0,0,0,0,0,0,0,0,0,0,0,0,0,0,0,0,0,0,0,0,0,0,0,0,40078,320623,0,0,0,0,0,0,0,0,0,0,0,0,0,0,,0,0,,1106,22116,0,0,342739,0,40611,175268,254139,0,0,,0,0,0,0,0,159278,88488,132732,0,0,70790,61942,106185,0,44244,0,0,0,88488,132732.0,884879.424,2,7354593,0,65.72552921,0,12192795.3278833,0,0,0,0,0,0,0,0,0,185504,185504,429755,502066,268597,313792,376035,439308,1074387,1255166,3171910,145815,0,3317725,3552540,0,0,3552540,4060045.0,0.0,0,4060045.0,1015011,0.0,20298,994713.0,380629,31687,890,411426,507507,0,0,507507,12687642.0,177502.0,21188,12843956.0,3834428.9,342739,254139,884879.424,7354593,12670779.127,12192795.3278833,0,185504,180779,12373574,88488,99999,70790,61942,3834428.9,12378299.4129389,8836350.277,3541949.1360138,10094
2019,32,28,1,1,1,1,1,1,1,1,1,1,1,1,12,24,7,1.1,3.2,2.1,0.4,14.6,78.6,458,MANUFACTURING,78.6,0,,0.0,0.0,BAJA & KOMPONEN,73.8,12,13.8,12,7.5,18,0.6,4.3,MESIN INDUSTRI,94.5,17,3.4,21,0.5,0,0.0,1.6,2,2,2,3,2,5,1,0,1,0,35,6,10,1,18,3,3,0,53,9,13,1,0,0,2620333.0,592015.0,131016.65,29600.8,2751349.6,621615.8,0,0,0,0,0,0,0,0,0,0,0,0,0,0,0,0,0,0,0,0,0,0,0,0,0,0,0,0,41989,335916,0,0,0,0,0,0,0,0,0,0,0,0,0,0,,0,0,,1862,37249,0,0,373164,0,29054,162213,235209,0,0,,0,0,0,0,0,136840,76022,114033,0,0,60818,53216,91227,0,38011,0,0,0,76022,114034.0,760222.889,2,8486345,0,90.32163296,0,11681745.1182432,0,0,0,0,0,0,0,0,0,1294267,1294267,427634,426054,267271,266284,374180,372796,1069085,1065134,3317725,0,0,3317725,3552540,0,0,3552540,4060045.0,0.0,0,4060045.0,994713,0.0,0,994713.0,411426,1309,8842,403893,507507,0,0,507507,12843956.0,1309.0,8842,12836423.0,3372965.4,373164,235209,760222.889,8486345,13227906.229,11681745.1182432,0,1294267,-3951,11677794,76022,99999,60818,53216,3372965.4,12976012.4869167,9854940.829,3121071.6577885,10094
2020,32,28,1,1,1,1,1,1,1,1,1,1,1,1,12,23,10,2.2,6.5,4.4,0.9,29.6,56.4,392,MANUFACTURING,56.4,0,,0.0,0.0,BAJA & KOMPONEN,100.0,0,0.0,0,0.0,0,0.0,0.0,MESIN INDUSTRI,70.4,35,0.4,75,6.5,61,17.0,5.7,2,2,0,1,4,2,7,0,1,1,35,6,10,1,18,3,3,0,53,9,13,1,4,0,2330941.0,526633.0,116547.05,26331.7,2447488.1,552964.7,0,0,0,0,0,0,0,0,0,0,0,0,0,0,0,0,0,0,0,0,0,0,0,0,0,0,0,0,61358,490868,0,0,0,0,0,0,0,0,0,0,0,0,0,0,,0,0,,852,17045,0,0,507913,0,89137,213863,310102,0,0,,0,0,0,0,0,133031,73906,110859,0,0,59125,51734,88687,0,36953,0,0,0,73906,110859.0,739059.821,2,9198888,0,64.18564745,0,13431711.9044777,0,0,0,0,0,0,0,0,0,147483,147483,273969,300579,171231,187862,239723,263007,684923,751448,3317725,195700,0,3513425,3552540,187207,0,3739747,4060045.0,0.0,87282,3972763.0,994713,0.0,0,994713.0,403893,27489,0,431382,507507,0,19126,488381,12836423.0,410396.0,106408,13140411.0,3000452.7,507913,310102,739059.821,9198888,13756414.972,13431711.9044777,0,147483,66525,13498237,73906,99999,59125,51734,3000452.7,13579194.8486013,10755962.272,2823232.5768992,10094
2021,32,28,1,1,1,1,1,1,0,1,0,1,1,1,10,22,7,2.1,6.3,4.2,0.8,28.8,57.8,392,MANUFACTURING,57.8,0,,0.0,0.0,BAJA & KOMPONEN,61.5,33,8.3,35,18.4,0,0.0,11.8,MESIN INDUSTRI,54.1,17,18.4,36,17.6,36,4.0,5.9,2,2,2,5,1,3,3,1,1,0,46,8,13,2,23,4,3,0,69,12,16,2,5,0,3060134.0,680323.0,153006.7,34016.2,3213140.7,714339.2,0,0,0,0,0,0,0,0,0,0,0,0,0,0,0,0,0,0,0,0,0,0,0,0,0,0,0,0,65072,520580,0,0,0,0,0,0,0,0,0,0,0,0,0,0,,0,0,,1639,32774,0,0,553354,0,62926,288157,417828,0,0,,0,0,0,0,0,154972,86096,129144,0,0,68877,60267,103315,0,43048,0,0,0,86096,129143.0,860958.322,2,11151169,0,63.71365859,0,15394535.6480435,0,0,0,0,0,0,0,0,0,1322060,1322060,388314,460484,242696,287802,339775,402923,970785,1151209,3513425,197177,0,3710602,3739747,0,0,3739747,3972763.0,0.0,127613,3845150.0,994713,0.0,0,994713.0,431382,2138,12434,421086,488381,15523,0,503904,13140411.0,214838.0,140047,13215202.0,3927479.9,553354,417828,860958.322,11151169,16910789.409,15394535.6480435,0,1322060,180424,15574960,86096,99999,68877,60267,3927479.9,16716595.8615561,12983309.559,3733286.3027746,10094
2022,32,28,1,1,1,1,1,1,1,1,1,1,1,1,12,21,11,0.6,1.9,1.3,0.3,8.6,87.3,116,MANUFACTURING,87.3,0,,0.0,0.0,BAJA & KOMPONEN,60.5,73,28.8,0,0.0,0,0.0,10.7,MESIN INDUSTRI,28.3,31,28.1,35,8.1,35,25.7,9.8,2,2,0,3,2,2,2,0,0,0,44,8,12,2,22,4,3,0,66,12,15,2,3,0,3987985.0,869576.0,199399.25,43478.8,4187384.2,913054.8,0,0,0,0,0,0,0,0,0,0,0,0,0,0,0,0,0,0,0,0,0,0,0,0,0,0,0,0,72234,577868,0,0,0,0,0,0,0,0,0,0,0,0,0,0,,0,0,,1304,26085,0,0,603954,0,55023,311229,451282,0,0,,0,0,0,0,0,190115,105619,158429,0,0,84495,73933,126743,0,52810,0,0,0,105619,158429.0,1056192.304,2,11805204,0,81.96350132,0,17501946.3691724,491261,54585,545846,0,0,0,0,0,0,417682,417682,727859,794392,454912,496495,636877,695092,1819648,1985979,3710602,0,0,3710602,3739747,428757,0,4168504,3845150.0,459688.0,0,4304838.0,994713,66653.0,0,1061366.0,421086,22604,0,443690,503904,0,0,503904,13215202.0,977702.0,0,14192904.0,5100439.0,603954,451282,1056192.304,11805204,19017071.569,17501946.3691724,545846,417682,166331,18214123,99999,99999,84495,73933,5100439.0,18465473.7279285,13916632.519,4548841.208777,10094
2021,34,33,1,1,1,0,1,1,0,1,1,1,1,0,9,25,8,0.0,0.0,0.0,0.0,100.0,0.0,0,,0.0,0,,0.0,0.0,SUKU CADANG,82.4,35,3.5,35,2.4,33,6.5,5.2,JASA REPARASI MESIN,23.5,51,10.3,32,46.0,0,0.0,20.2,2,2,2,5,1,4,8,0,1,1,44,8,11,1,7,1,1,0,51,9,12,1,0,0,2196272.0,476146.0,109813.6,23807.3,2306085.6,499953.3,0,0,0,0,20934,198873,0,0,0,0,0,0,0,0,0,0,0,0,0,0,0,0,0,0,0,0,0,0,0,0,0,0,0,0,0,0,0,0,0,0,0,0,0,0,,0,0,,429,8576,0,0,207450,0,23073,111358,161470,0,0,,0,0,0,0,0,162453,90251,135377,0,0,72201,63176,108302,0,45126,0,0,0,90251,135377.0,902514.284,2,6878498,0,49.139859,2,14317757.3859315,0,0,0,0,0,0,0,0,0,1541563,1541563,249817,289700,156136,181062,218590,253488,624543,724250,3000570,0,0,3000570,3360638,0,0,3360638,3840730.0,36135.0,0,3876865.0,960182,57352.0,0,1017534.0,360068,0,0,360068,480092,0,0,480092,12002280.0,93487.0,0,12095767.0,2806038.9,207450,161470,902514.284,6878498,10955970.809,14317757.3859315,0,1541563,99707,14417464,90251,99999,72201,63176,2806038.9,15859320.81486,8149931.909,7709388.9058353,10095
2022,34,33,1,0,1,1,1,1,1,1,1,0,1,0,9,25,9,0.0,0.0,0.0,0.0,100.0,0.0,0,,0.0,0,,0.0,0.0,SUKU CADANG,26.1,16,22.1,32,14.9,32,24.8,12.1,JASA REPARASI MESIN,73.7,15,15.9,32,2.4,33,3.0,5.0,2,2,0,5,4,2,4,1,0,1,48,9,12,1,8,1,1,0,56,10,13,1,0,0,2468022.0,523814.0,123401.1,26190.7,2591423.1,550004.7,0,0,0,0,41802,397121,0,0,0,0,0,0,0,0,0,0,0,0,0,0,0,0,0,0,0,0,0,0,0,0,0,0,0,0,0,0,0,0,0,0,0,0,0,0,,0,0,,1185,23710,0,0,420831,0,16485,97230,140983,0,0,,0,0,0,0,0,218301,121278,181917,0,0,97023,84895,145534,0,60639,0,0,0,121278,181918.0,1212783.073,2,10053162,0,81.15384409,2,19190039.6657733,0,0,0,0,0,0,0,0,0,1732244,1732244,512402,503196,320251,314497,448351,440296,1281004,1257989,3000570,0,0,3000570,3360638,144364,0,3505002,3876865.0,0.0,0,3876865.0,1017534,0.0,0,1017534.0,360068,5068,0,365136,480092,27642,0,507734,12095767.0,177074.0,0,12272841.0,3141427.8,420831,140983,1212783.073,10053162,14969186.38,19190039.6657733,0,1732244,-23015,19167025,99999,99999,97023,84895,3141427.8,20922284.1336655,11827758.58,9094525.5539782,10095
2018,36,23,1,1,1,1,1,1,1,1,1,1,1,1,12,25,10,0.0,0.0,0.0,0.0,100.0,0.0,0,,0.0,0,,0.0,0.0,PASIR SILIKA & SEMEN,100.0,0,0.0,0,0.0,0,0.0,0.0,SEMEN & KERAMIK,83.1,52,3.3,34,5.0,32,6.5,2.1,2,2,2,3,0,4,2,1,0,1,49,8,13,2,27,5,4,0,76,13,17,2,0,2,3820580.0,815967.0,191029.0,40798.4,4011609.0,856765.4,0,0,0,0,0,0,0,0,0,0,0,0,0,0,0,0,939798,1127757,0,0,0,0,0,0,0,0,0,0,0,0,0,0,0,0,0,0,0,0,0,0,0,0,0,0,,0,0,,4742,94839,0,0,1222596,0,106967,551382,799505,0,0,,0,0,0,0,0,212179,117877,176816,0,0,94302,82514,141453,0,58939,0,0,0,117877,176817.0,1178773.926,2,12944500,0,67.65416262,2,21107324.9479106,0,0,0,0,0,0,0,0,0,754589,754589,356454,358869,222784,224293,311898,314011,891136,897173,9442474,0,0,9442474,10575571,22030,0,10597601,12086367.0,0.0,0,12086367.0,3021592,0.0,0,3021592.0,1133097,110915,0,1244012,1510795,33901,0,1544696,37769896.0,166846.0,0,37936742.0,4868374.3,1222596,799505,1178773.926,12944500,21013748.652,21107324.9479106,0,754589,6037,21113362,99999,99999,94302,82514,4868374.3,21861914.4211398,16145374.302,5716540.119484,10096
2019,36,23,1,1,1,1,1,1,0,1,1,1,0,1,10,25,7,0.0,0.0,0.0,0.0,100.0,0.0,0,,0.0,0,,0.0,0.0,PASIR SILIKA & SEMEN,47.0,12,8.9,33,7.4,32,23.1,13.6,SEMEN & KERAMIK,65.3,51,11.6,33,14.1,12,2.4,6.6,2,2,2,4,2,5,3,1,0,1,40,7,11,2,22,4,3,0,62,11,14,2,0,0,3001544.0,658194.0,150077.2,32909.7,3151621.2,691103.7,0,0,0,0,0,0,0,0,0,0,0,0,0,0,0,0,922849,1107418,0,0,0,0,0,0,0,0,0,0,0,0,0,0,0,0,0,0,0,0,0,0,0,0,0,0,,0,0,,2326,46527,0,0,1153945,0,190285,504163,731037,0,0,,0,0,0,0,0,316381,175767,263650,0,0,140614,123037,210920,0,87884,0,0,0,175767,263650.0,1757670.253,2,11856163,0,42.03156209,2,21350121.98711,7773,864,8637,0,0,0,0,0,0,1018350,1018350,579032,571860,361895,357413,506654,500378,1447581,1429651,9442474,67232,0,9509706,10597601,11003,0,10608604,12086367.0,0.0,0,12086367.0,3021592,0.0,0,3021592.0,1244012,80038,0,1324050,1544696,60252,0,1604948,37936742.0,218525.0,0,38155267.0,3842724.9,1153945,731037,1757670.253,11856163,19341540.2,21350121.98711,8637,1018350,-17930,21340829,99999,99999,99999,99999,3842724.9,22377108.2898803,15498815.3,6878292.9900809,10096
2020,36,23,0,1,1,1,1,1,1,1,0,1,1,1,10,28,7,0.0,0.0,0.0,0.0,100.0,0.0,0,,0.0,0,,0.0,0.0,PASIR SILIKA & SEMEN,97.9,32,0.3,31,0.5,64,1.0,0.3,SEMEN & KERAMIK,46.5,91,1.2,62,14.0,13,28.3,10.0,2,2,2,5,2,1,5,0,0,0,41,7,12,2,23,4,3,0,64,11,15,2,0,2,2416206.0,547923.0,120810.3,27396.2,2537016.3,575319.2,0,0,0,0,0,0,0,0,0,0,0,0,0,0,0,0,1013810,1216572,0,0,0,0,0,0,0,0,0,0,0,0,0,0,0,0,0,0,0,0,0,0,0,0,0,0,,0,0,,5849,116979,0,0,1333551,0,97856,498216,722414,0,0,,0,0,0,0,0,252444,140247,210370,0,0,112198,98173,168296,0,70123,0,0,0,140247,210371.0,1402469.351,2,12440006,0,83.28758088,2,20976332.3522504,0,0,0,0,0,0,0,0,0,812076,812076,551784,644824,344865,403015,482811,564221,1379460,1612060,9509706,0,0,9509706,10608604,695001,0,11303605,12086367.0,0.0,0,12086367.0,3021592,0.0,0,3021592.0,1324050,0,0,1324050,1604948,118361,0,1723309,38155267.0,813362.0,0,38968629.0,3112335.5,1333551,722414,1402469.351,12440006,19010775.276,20976332.3522504,0,812076,232600,21208932,99999,99999,99999,98173,3112335.5,21788408.2113633,15898439.826,5889968.3854769,10096
2021,36,23,1,1,1,1,1,1,1,0,1,0,1,1,10,24,8,0.0,0.0,0.0,0.0,100.0,0.0,0,,0.0,0,,0.0,0.0,PASIR SILIKA & SEMEN,35.1,33,14.9,73,3.0,72,31.4,15.6,SEMEN & KERAMIK,52.4,33,7.4,14,11.2,35,16.2,12.8,2,2,0,5,1,2,0,0,1,1,50,9,14,2,27,5,4,0,77,14,18,2,0,0,3658463.0,804372.0,182923.15,40218.6,3841386.2,844590.6,0,0,0,0,0,0,0,0,0,0,0,0,0,0,0,0,969935,1163922,0,0,0,0,0,0,0,0,0,0,0,0,0,0,0,0,0,0,0,0,0,0,0,0,0,0,,0,0,,4340,86792,0,0,1250715,0,124890,580815,842182,0,0,,0,0,0,0,0,113548,63082,94624,0,0,50466,44158,75699,0,31541,0,0,0,63082,94624.0,630824.171,2,10294176,0,74.40297525,2,19111539.1091268,0,0,0,0,0,0,0,0,0,1448251,1448251,648482,646566,405302,404104,567422,565746,1621206,1616416,9509706,0,265900,9243806,11303605,302048,0,11605653,12086367.0,0.0,0,12086367.0,3021592,100300.0,0,3121892.0,1324050,111120,0,1435170,1723309,0,0,1723309,38968629.0,513468.0,265900,39216197.0,4685976.8,1250715,842182,630824.171,10294176,17703873.558,19111539.1091268,0,1448251,-4790,19106749,63082,94624,50466,44158,4685976.8,20559789.626592,13017896.808,7541892.8190697,10096
2022,36,23,0,1,1,1,1,1,1,1,1,1,1,1,11,22,13,0.0,0.0,0.0,0.0,100.0,0.0,0,,0.0,0,,0.0,0.0,PASIR SILIKA & SEMEN,92.4,35,0.6,63,2.3,32,3.4,1.3,SEMEN & KERAMIK,46.9,34,23.9,33,8.2,74,12.5,8.5,0,2,0,2,1,3,0,1,0,1,59,10,17,2,32,6,4,0,91,16,21,2,0,0,5093013.0,1095134.0,254650.65,54756.7,5347663.7,1149890.7,0,0,0,0,0,0,0,0,0,0,0,0,0,0,0,0,1306641,1567969,0,0,0,0,0,0,0,0,0,0,0,0,0,0,0,0,0,0,0,0,0,0,0,0,0,0,,0,0,,5299,105982,0,0,1673951,0,340502,748998,1086047,0,0,,0,0,0,0,0,152553,84752,127128,0,0,67802,59326,101702,0,42376,0,0,0,84752,127128.0,847518.744,2,17330107,0,76.92377884,2,27837629.5820462,0,0,0,0,0,0,0,0,0,2078340,2078340,684596,683756,427873,427347,599022,598286,1711491,1709389,9243806,0,0,9243806,11605653,0,0,11605653,12086367.0,441245.0,0,12527612.0,3121892,0.0,0,3121892.0,1435170,169236,14936,1589470,1723309,0,0,1723309,39216197.0,610481.0,14936,39811742.0,6497554.4,1673951,1086047,847518.744,17330107,27435178.674,27837629.5820462,0,2078340,-2102,27835528,84752,99999,67802,59326,6497554.4,29915969.9977416,20937624.324,8978345.6741612,10096
2022,14,32,1,1,0,1,1,1,1,1,1,1,1,1,11,24,8,0.0,0.0,0.0,0.0,100.0,0.0,0,,0.0,0,,0.0,0.0,BAHAN BAKU CAMPURAN,78.1,51,10.8,33,0.5,32,7.3,3.3,PRODUK MANUFAKTUR,86.6,32,8.8,36,1.5,21,0.0,3.1,2,2,2,1,3,0,5,1,0,1,9,1,3,0,5,1,1,0,14,2,4,0,0,0,481823.0,120682.0,24091.15,6034.1,505914.2,126716.1,0,0,0,0,0,0,0,0,0,0,0,0,0,0,0,0,0,0,0,0,0,0,0,0,0,0,0,0,0,0,0,0,0,0,0,0,4838,58055,0,0,0,0,0,0,,0,0,,137,2732,0,0,60786,0,7957,28136,40797,0,0,,0,0,0,0,0,27648,15360,23040,0,0,12288,10752,18432,0,7680,0,0,0,15360,23038.0,153597.922,2,1811674,0,66.99091544,2,2740372.9754756,36209,4023,40233,0,0,0,0,0,0,196072,196072,39730,42657,24831,26660,34763,37325,99324,106642,706218,53194,0,759412,790964,0,0,790964,903959.0,10501.0,595,913865.0,225990,0.0,0,225990.0,84746,0,0,84746,112996,13342,0,126338,2824873.0,77037.0,595,2901315.0,632630.2,60786,40797,153597.922,1811674,2699485.073,2740372.9754756,40233,196072,7318,2787924,15360,23040,12288,10752,632630.2,2976677.9418233,2066854.823,909823.1191095,10097
2021,35,24,1,1,1,0,1,1,1,1,1,1,1,1,11,24,9,0.0,0.0,0.0,0.0,100.0,0.0,0,,0.0,0,,0.0,0.0,BIJIH BESI,48.0,32,33.8,36,0.5,0,0.0,17.7,BESI BAJA,94.0,21,0.3,36,1.4,0,0.0,4.3,2,2,2,2,2,5,7,1,1,1,42,7,12,2,23,4,3,0,65,11,15,2,0,0,3649283.0,816660.0,182464.15,40833.0,3831747.2,857493.0,0,0,0,0,0,0,0,0,0,0,0,0,0,0,0,0,1206106,1447327,0,0,0,0,0,0,0,0,0,0,0,0,0,0,0,0,0,0,0,0,0,0,0,0,0,0,,0,0,,3555,71091,0,0,1518418,0,213249,706678,1024683,0,0,,0,0,0,0,0,51106,28392,42588,0,0,22714,19875,34071,0,14196,0,0,0,28392,42588.0,283921.576,0,9776619,5943382,72.74961875,2,21477099.0654577,0,0,0,0,0,0,0,0,0,1503733,1503733,393978,404367,246236,252730,344731,353821,984945,1010918,8853482,0,0,8853482,9915900,1144216,0,11060116,11332457.0,1166457.0,0,12498914.0,2833114,247014.0,0,3080128.0,1062418,0,5503,1056915,1416557,0,0,1416557,35413928.0,2557687.0,5503,37966112.0,4689240.2,1518418,1024683,283921.576,15720001,23236264.537,21477099.0654577,0,1503733,25973,21503072,28392,42588,22714,19875,4689240.2,22980832.42063,18547024.387,4433808.0338199,10098
2022,35,24,1,0,1,1,1,1,1,1,1,1,1,1,11,26,9,0.0,0.0,0.0,0.0,100.0,0.0,0,,0.0,0,,0.0,0.0,BIJIH BESI,53.1,31,6.0,73,18.6,12,10.6,11.7,BESI BAJA,56.4,14,19.5,73,15.6,0,0.0,8.5,2,2,2,3,1,4,1,0,0,1,44,8,13,2,24,4,3,0,68,12,16,2,0,0,4771047.0,1073948.0,238552.35,53697.4,5009599.4,1127645.4,0,0,0,0,0,0,0,0,0,0,0,0,0,0,0,0,1074437,1289325,0,0,0,0,0,0,0,0,0,0,0,0,0,0,0,0,0,0,0,0,0,0,0,0,0,0,,0,0,,6545,130902,0,0,1420226,0,144769,621379,901000,0,0,,0,0,0,0,0,122742,68190,102285,0,0,54552,47733,81828,0,34095,0,0,0,68190,102284.0,681898.768,0,11178388,1308971,85.24237848,2,19026014.5161898,0,0,0,0,0,0,0,0,0,1333799,1333799,434826,516009,271766,322506,380472,451507,1087064,1290022,8853482,0,362404,8491078,11060116,0,0,11060116,12498914.0,0.0,0,12498914.0,3080128,0.0,119580,2960548.0,1056915,82260,0,1139175,1416557,46824,0,1463381,37966112.0,129084.0,481984,37613212.0,6137244.8,1420226,901000,681898.768,12487360,21627729.52,19026014.5161898,0,1333799,202958,19228973,68190,99999,54552,47733,6137244.8,20359813.2812828,15490484.77,4869328.5116824,10098
2018,61,17,0,1,1,1,0,1,1,1,1,0,1,1,9,22,8,0.0,0.0,0.0,0.0,100.0,0.0,0,,0.0,0,,0.0,0.0,PULP KAYU,54.9,51,13.7,33,13.0,15,11.1,7.3,KERTAS,19.1,35,35.1,33,12.2,94,21.2,12.4,2,2,2,2,3,3,7,1,1,1,15,3,4,1,9,1,1,0,24,4,5,1,0,0,1465640.0,314477.0,73282.0,15723.9,1538922.0,330200.9,0,0,0,0,0,0,0,0,0,0,0,0,0,0,0,0,261192,313431,0,0,0,0,0,0,0,0,0,0,0,0,0,0,0,0,0,0,0,0,0,0,0,0,0,0,,0,0,,707,14133,0,0,327564,0,28522,144182,209064,0,0,,0,0,0,0,0,66416,36898,55346,0,0,29518,25828,44277,0,18449,0,0,0,36898,55345.0,368974.852,2,3533413,0,55.82067995,2,5960254.6165293,0,0,0,0,0,0,0,0,0,268919,268919,92003,101797,57502,63623,80503,89072,230008,254492,1610854,0,0,1610854,1804156,0,0,1804156,2061892.0,0.0,51369,2010523.0,515473,404.0,0,515877.0,193302,0,0,193302,257737,0,0,257737,6443414.0,404.0,51369,6392449.0,1869122.9,327564,209064,368974.852,3533413,6308137.885,5960254.6165293,0,268919,24484,5984739,36898,55346,29518,25828,1869122.9,6229174.1107856,4439015.035,1790159.0755667,10099
2019,61,17,1,1,0,1,1,1,1,0,0,1,1,1,9,25,7,0.0,0.0,0.0,0.0,100.0,0.0,0,,0.0,0,,0.0,0.0,PULP KAYU,40.8,11,26.6,36,12.5,12,10.7,9.4,KERTAS,48.7,35,17.4,72,15.3,35,9.9,8.7,2,2,2,4,0,1,8,0,1,0,17,3,5,1,9,1,1,0,26,4,6,1,0,0,1393586.0,325526.0,69679.3,16276.3,1463265.3,341802.3,0,0,0,0,0,0,0,0,0,0,0,0,0,0,0,0,300020,360023,0,0,0,0,0,0,0,0,0,0,0,0,0,0,0,0,0,0,0,0,0,0,0,0,0,0,,0,0,,625,12506,0,0,372530,0,35548,176821,256390,0,0,,0,0,0,0,0,56046,31136,46705,0,0,24909,21795,37364,0,15568,0,0,0,31136,46705.0,311363.572,2,4704196,0,98.0,2,6845828.0606624,57266,6363,63629,0,0,0,0,0,0,326452,326452,189963,180486,118727,112804,166217,157924,474907,451214,1610854,180328,0,1791182,1804156,0,0,1804156,2010523.0,0.0,0,2010523.0,515877,0.0,0,515877.0,193302,23091,0,216393,257737,14471,0,272208,6392449.0,217890.0,0,6610339.0,1805067.6,372530,256390,311363.572,4704196,7449547.056,6845828.0606624,63629,326452,-23693,6885764,31136,46705,24909,21795,1805067.6,7235908.6436843,5644479.456,1591429.1873598,10099
2020,61,17,0,1,1,1,1,1,1,1,0,1,1,1,10,25,7,0.0,0.0,0.0,0.0,100.0,0.0,0,,0.0,0,,0.0,0.0,PULP KAYU,84.7,62,4.6,16,2.6,32,5.8,2.3,KERTAS,71.7,21,1.5,33,7.6,33,14.4,4.8,2,2,2,2,0,4,4,0,1,1,14,3,4,1,8,1,1,0,22,4,5,1,0,0,1014291.0,234367.0,50714.55,11718.4,1065005.6,246085.4,0,0,0,0,0,0,0,0,0,0,0,0,0,0,0,0,243903,292684,0,0,0,0,0,0,0,0,0,0,0,0,0,0,0,0,0,0,0,0,0,0,0,0,0,0,,0,0,,989,19778,0,0,312462,0,35695,129466,187725,0,0,,0,0,0,0,0,18144,10080,15120,0,0,8064,7056,12096,0,5040,0,0,0,10080,15121.0,100801.336,2,3300327,0,65.60074287,2,4814853.7449465,0,0,0,0,0,0,0,0,0,529774,529774,148694,169664,92934,106040,130106,148456,371734,424160,1791182,0,24218,1766964,1804156,28973,0,1833129,2010523.0,0.0,67409,1943114.0,515877,0.0,0,515877.0,216393,24737,0,241130,272208,0,0,272208,6610339.0,53710.0,91627,6572422.0,1311090.9,312462,187725,100801.336,3300327,5212406.258,4814853.7449465,0,529774,52426,4867280,10080,15120,8064,7056,1311090.9,5344628.036765,3901315.358,1443312.6784588,10099
2021,61,17,1,1,1,1,1,1,1,1,1,1,1,1,12,23,9,0.0,0.0,0.0,0.0,100.0,0.0,0,,0.0,0,,0.0,0.0,PULP KAYU,52.4,11,20.2,73,3.6,36,13.7,10.1,KERTAS,95.7,11,0.0,32,2.4,31,1.0,0.9,2,2,2,5,1,5,7,0,0,0,15,3,4,1,8,1,1,0,23,4,5,1,0,0,1055188.0,234790.0,52759.4,11739.5,1107947.4,246529.5,0,0,0,0,0,0,0,0,0,0,0,0,0,0,0,0,283647,340377,0,0,0,0,0,0,0,0,0,0,0,0,0,0,0,0,0,0,0,0,0,0,0,0,0,0,,0,0,,1702,34049,0,0,374425,0,66065,151299,219383,0,0,,0,0,0,0,0,53237,29576,44364,0,0,23661,20703,35491,0,14788,0,0,0,29576,44364.0,295760.396,2,3273271,0,72.042243,2,6431814.1313736,0,0,0,0,0,0,0,0,0,99837,99837,119061,112179,74413,70112,104179,98156,297653,280447,1766964,0,0,1766964,1833129,157785,0,1990914,1943114.0,227000.0,0,2170114.0,515877,54873.0,0,570750.0,241130,17370,6390,252110,272208,0,0,272208,6572422.0,457028.0,6390,7023060.0,1354476.9,374425,219383,295760.396,3273271,5517317.304,6431814.1313736,0,99837,-17206,6414608,29576,44364,23661,20703,1354476.9,6531651.4507404,4162840.404,2368811.0465092,10099
2022,61,17,0,1,1,1,1,1,1,1,0,1,1,0,9,23,9,0.0,0.0,0.0,0.0,100.0,0.0,0,,0.0,0,,0.0,0.0,PULP KAYU,64.4,12,6.1,32,12.4,71,12.3,4.8,KERTAS,45.1,14,1.1,62,19.3,65,23.2,11.3,2,0,2,4,5,2,8,0,1,1,19,3,6,1,10,2,1,0,29,5,7,1,0,0,1346131.0,317039.0,67306.55,15852.0,1413437.6,332891.0,0,0,0,0,0,0,0,0,0,0,0,0,0,0,0,0,505369,606443,0,0,0,0,0,0,0,0,0,0,0,0,0,0,0,0,0,0,0,0,0,0,0,0,0,0,,0,0,,2417,48347,0,0,654789,0,91732,289144,419259,0,0,,0,0,0,0,0,122088,67827,101740,0,0,54261,47479,81392,0,33913,0,0,0,67827,101739.0,678266.159,2,6140401,0,74.17397467,2,10046901.0515442,0,0,0,0,0,0,0,0,0,498346,498346,286327,307578,178954,192236,250537,269130,715818,768944,1766964,192991,0,1959955,1990914,160844,0,2151758,2170114.0,0.0,0,2170114.0,570750,0.0,0,570750.0,252110,27916,0,280026,272208,18288,0,290496,7023060.0,400039.0,0,7423099.0,1746328.5,654789,419259,678266.159,6140401,9639043.294,10046901.0515442,0,498346,53126,10100027,67827,99999,54261,47479,1746328.5,10545247.0055925,7892714.794,2652532.2113859,10099
2021,14,32,1,1,1,1,0,1,1,1,1,1,1,1,11,23,9,0.0,0.0,0.0,0.0,100.0,0.0,0,,0.0,0,,0.0,0.0,BAHAN BAKU CAMPURAN,60.0,72,8.5,35,10.5,35,13.6,7.4,PRODUK MANUFAKTUR,38.6,63,18.8,33,11.4,31,14.7,16.5,2,2,2,1,3,1,5,0,1,0,33,6,9,1,15,3,2,0,48,9,11,1,0,0,1869501.0,393838.0,93475.05,19691.9,1962976.1,413529.9,0,0,0,0,0,0,0,0,0,0,0,0,0,0,0,0,0,0,0,0,0,0,0,0,0,0,0,0,0,0,0,0,0,0,0,0,27352,328226,0,0,0,0,0,0,,0,0,,1075,21509,0,0,349735,0,18117,88540,128383,0,0,,0,0,0,0,0,160943,89413,134119,0,0,71530,62589,107295,0,44706,0,0,0,89413,134118.0,894125.803,2,9801581,0,77.84515219,2,15501233.4781782,0,0,0,0,0,0,0,0,0,1604869,1604869,570710,669026,356694,418142,499372,585398,1426776,1672566,3026154,265356,0,3291510,3389293,53115,0,3442408,3873478.0,0.0,0,3873478.0,968369,66143.0,0,1034512.0,363139,0,0,363139,484185,0,0,484185,12104618.0,384614.0,0,12489232.0,2376506.0,349735,128383,894125.803,9801581,13550330.998,15501233.4781782,0,1604869,245790,15747023,89413,99999,71530,62589,2376506.0,17106102.0493107,11173825.048,5932277.0011702,10100
2022,14,32,1,1,1,1,1,1,1,1,1,1,1,0,11,22,9,0.0,0.0,0.0,0.0,100.0,0.0,0,,0.0,0,,0.0,0.0,BAHAN BAKU CAMPURAN,58.4,35,13.3,21,5.2,31,13.7,9.4,PRODUK MANUFAKTUR,72.6,35,1.0,64,12.0,21,6.8,7.6,2,2,2,2,2,1,5,1,0,0,33,5,9,1,15,3,2,0,48,8,11,1,0,0,1844578.0,395526.0,92228.9,19776.3,1936806.9,415302.3,0,0,0,0,0,0,0,0,0,0,0,0,0,0,0,0,0,0,0,0,0,0,0,0,0,0,0,0,0,0,0,0,0,0,0,0,36362,436343,0,0,0,0,0,0,,0,0,,1477,29533,0,0,465876,0,32684,192289,278819,0,0,,0,0,0,0,0,168441,93578,140367,0,0,74863,65505,112294,0,46789,0,0,0,93578,140368.0,935782.844,2,9897788,0,47.59656269,2,18355203.979372,0,0,0,0,0,0,0,0,0,663401,663401,271060,287439,169412,179649,237178,251509,677650,718597,3291510,0,0,3291510,3442408,0,0,3442408,3873478.0,2838.0,0,3876316.0,1034512,71294.0,0,1105806.0,363139,0,0,363139,484185,15894,0,500079,12489232.0,90026.0,0,12579258.0,2352109.2,465876,278819,935782.844,9897788,13930374.694,18355203.979372,0,663401,40947,18396151,93578,99999,74863,65505,2352109.2,19018605.0784612,11578265.494,7440339.5843713,10100
