PROV,TAHUN,KBLI,KLAS,WEIGHT,R205,R206B,R206C,R206D,R207A1,R207A2,R207B,R207C1,R207C2,R207C3,R207C4,R208,R209,R210,R301A1,R301A2,R301A3,R301A4,R301A5,R301B1,R301B2,R301B3,R301B4,R301B5,R301B6,R301C,R3021,R3022,R3023,R303,R304A1,R304A2,R304A3,R304A4,R304B,R305A1,R305A2,R305A3,R305A4,R305A5,R305A6,R305B,R306A1,R306A2,R306A3,R306A4,R306A5,R306B1,R306B2,R306B3,R306B4,R306B5,R306B6,R3071,R3072,R3073,R3074,R3075,R3081,R3082,R3083,R3084,R3091,R3092,R3093,R3094,R401AK3,R401AK4,R401AK5,R401AK6,R401AK7,R401AK8,R401AK9,R401AK10,R401AK11,R401AK12,R401AK13,R401AK14,R401BK3,R401BK4,R401BK5,R401BK6,R401BK7,R401BK8,R401BK9,R401BK10,R401BK11,R401BK12,R401BK13,R401BK14,R401CK3,R401CK4,R401CK5,R401CK6,R401CK7,R401CK8,R401CK9,R401CK10,R401CK11,R401CK12,R401CK13,R401CK14,R402AK2,R402AK3,R402AK4,R402A1K2,R402A1K3,R402A1K4,R402A2K2,R402A2K3,R402A2K4,R402BK2,R402BK3,R402BK4,R402B1K2,R402B1K3,R402B1K4,R402B2K2,R402B2K3,R402B2K4,R402B3K2,R402B3K3,R402B3K4,R402B4K2,R402B4K3,R402B4K4,R402CK2,R402CK3,R402CK4,R402C1K2,R402C1K3,R402C1K4,R402C2K2,R402C2K3,R402C2K4,R402C3K2,R402C3K3,R402C3K4,R402C4K2,R402C4K3,R402C4K4,R402C5K2,R402C5K3,R402C5K4,R402C6K2,R402C6K3,R402C6K4,R402C7K2,R402C7K3,R402C7K4,R402C8K2,R402C8K3,R402C8K4,R403DK2,R503K5,R603,R602PK5,R601NK5,R401BKLAST,R401BKTOTA,R401CKLAST,RENUM
12,2019,13,1,3.1,13,2,47,4,2,2,1,1,1,2,2,2014,2014,2,2,1,1,2,1,2,2,2,2,1,2,,2,2,2,2,2,2,2,2,,1,1,2,1,2,2,1,2,2,1,2,2,2,2,2,2,1,1,2,1,2,2,2,2,2,2,2,2,2,2,2,3,3,3,3,3,3,3,3,3,3,3,3,23,22,22,23,24,24,27,27,28,22,24,22,11,11,11,11,11,11,11,11,11,11,11,11,1,2,3,1,1,2,0,1,1,1,2,3,0,0,0,0,1,1,1,1,2,0,0,0,1,2,3,0,0,0,0,0,0,0,1,1,1,1,2,0,0,0,0,0,0,0,0,0,0,0,0,2421334,2973904,65320,537633,1343671,25,288,11,1001
33,2019,32,1,3.2,32,1,55,7,2,2,5,2,2,1,1,2005,2006,1,1,1,2,2,2,2,1,2,1,1,2,,2,2,2,2,2,2,2,2,,2,2,1,2,1,2,2,2,2,2,2,1,2,1,2,2,2,1,1,2,2,2,2,2,2,2,2,1,2,2,2,1,1,1,1,1,1,1,0,1,1,1,1,24,22,26,23,26,25,23,0,22,28,27,20,5,5,5,5,5,5,5,0,5,5,5,5,1,0,1,1,0,1,0,0,0,1,0,1,0,0,0,0,0,0,1,0,1,0,0,0,1,0,1,0,0,0,0,0,0,0,0,0,1,0,1,0,0,0,0,0,0,0,0,0,0,0,0,1445632,911087,27547,89105,329537,27,266,5,1002
33,2020,32,1,3.2,32,1,56,7,1,1,4,2,2,1,1,2005,2006,2,2,2,1,1,2,2,1,2,1,1,1,,2,1,2,2,2,2,2,2,,1,2,2,1,2,1,1,2,2,2,2,1,2,2,2,1,2,2,1,2,2,2,2,2,2,2,2,2,1,2,1,1,1,1,1,1,1,1,1,1,1,0,1,26,25,23,24,22,30,26,25,24,20,0,21,6,6,6,6,6,6,6,6,6,6,0,6,1,0,1,1,0,1,0,0,0,1,0,1,0,0,0,0,0,0,1,0,1,0,0,0,1,0,1,0,0,0,0,0,0,0,0,0,1,0,1,0,0,0,0,0,0,0,0,0,0,0,0,1263797,816494,0,88147,316838,23,266,6,1002
33,2021,32,1,3.2,32,1,57,7,1,2,5,2,1,1,2,2005,2005,2,2,1,2,2,2,1,2,2,2,1,2,1,2,2,2,2,2,2,2,2,,1,2,1,2,2,2,2,1,2,2,2,2,2,2,2,2,2,2,2,2,2,2,2,2,2,2,2,1,2,1,2,0,1,1,1,1,0,0,1,1,1,1,1,0,26,25,28,25,0,0,27,25,25,24,24,0,9,9,9,9,0,0,9,9,9,9,9,1,0,1,1,0,1,0,0,0,1,0,1,0,0,0,0,0,0,1,0,1,0,0,0,1,0,1,0,0,0,0,0,0,0,0,0,1,0,1,0,0,0,0,0,0,0,0,0,0,0,0,1188708,934554,15179,146030,471181,28,229,9,1002
33,2022,32,1,3.2,32,1,58,7,2,2,2,1,1,2,2,2005,2005,2,1,1,2,2,2,2,2,1,1,2,2,1,2,2,2,2,2,1,1,2,1,1,2,2,2,2,2,1,2,2,1,2,2,2,2,2,2,2,2,2,2,2,2,1,2,2,2,2,1,2,2,1,1,0,0,1,0,1,1,1,1,1,1,1,24,0,0,21,0,26,24,24,26,26,27,24,9,0,0,9,0,9,9,9,9,9,9,9,1,0,1,1,0,1,0,0,0,1,0,1,0,0,0,0,0,0,1,0,1,0,0,0,1,0,1,0,0,0,0,0,0,0,0,0,1,0,1,0,0,0,0,0,0,0,0,0,0,0,0,1498492,945065,0,111329,365731,27,222,9,1002
18,2018,14,1,3.3,14,2,36,3,2,2,5,1,1,2,1,2004,2004,1,2,1,1,2,1,1,1,1,2,2,2,3,2,2,2,2,1,2,1,2,,1,1,2,2,1,2,2,2,2,2,2,1,2,2,2,2,2,2,1,2,2,2,2,2,2,2,2,2,1,1,1,4,4,4,4,4,0,4,4,4,4,4,4,29,23,24,25,21,0,28,24,23,27,26,26,8,8,8,8,8,0,8,8,8,8,8,8,2,2,4,1,1,2,1,1,2,2,2,4,0,0,0,1,1,2,1,1,2,0,0,0,2,2,4,0,0,0,0,0,0,1,1,2,1,1,2,0,0,0,0,0,0,0,0,0,0,0,0,2273133,1381788,28636,210191,717874,24,276,8,1003
18,2019,14,1,3.3,14,2,37,3,2,2,1,2,1,2,2,2004,2005,2,1,1,2,2,1,2,2,2,1,1,1,,2,2,1,2,1,2,2,2,,1,2,2,2,2,1,3,2,1,2,2,2,2,2,2,2,1,2,2,2,2,2,1,2,2,2,2,2,2,1,2,5,5,5,5,5,5,5,5,5,5,5,5,25,26,23,24,20,22,26,27,23,22,22,23,6,6,6,6,6,6,6,6,6,6,6,6,2,3,5,1,1,2,1,2,3,2,3,5,0,0,0,1,1,2,1,2,3,0,0,0,2,3,5,0,0,0,0,1,1,1,1,2,1,1,2,0,0,0,0,0,0,0,0,0,0,0,0,3066036,1202656,23211,208763,623016,22,283,6,1003
18,2020,14,1,3.3,14,2,38,3,1,1,3,1,1,1,2,2004,2005,2,2,1,1,1,1,2,2,1,2,2,2,,2,2,2,2,2,2,2,2,2,2,2,1,2,2,1,3,2,2,2,2,2,2,2,2,2,2,2,2,2,1,2,2,2,2,2,2,2,1,1,1,5,0,0,5,5,5,5,0,5,5,5,0,21,0,0,23,23,22,22,0,29,25,26,0,9,0,0,9,9,9,9,0,9,9,9,0,2,3,5,1,1,2,1,2,3,2,3,5,0,0,0,1,1,2,1,2,3,0,0,0,2,3,5,0,0,0,0,1,1,1,1,2,1,1,2,0,0,0,0,0,0,0,0,0,0,0,0,2122973,1162059,28071,59764,433830,27,191,9,1003
18,2021,14,1,3.3,14,2,39,3,1,2,1,2,2,1,2,2004,2004,2,2,1,1,1,2,1,2,1,2,2,2,3,2,2,2,2,1,2,2,2,,1,2,2,2,1,2,1,2,2,2,2,1,2,2,2,2,2,2,2,2,2,2,2,2,2,2,2,1,2,2,1,6,6,6,6,6,6,6,6,6,6,6,0,23,25,27,24,25,26,23,21,26,25,25,0,7,7,7,7,7,7,7,7,7,7,7,0,2,4,6,1,1,2,1,3,4,2,4,6,0,0,0,1,1,2,1,3,4,0,0,0,2,4,6,0,0,0,0,1,1,1,1,2,1,1,2,0,1,1,0,0,0,0,0,0,0,0,0,2341719,1449322,28241,257594,936959,22,270,7,1003
18,2022,14,1,3.3,14,2,40,3,1,2,2,2,2,1,2,2004,2005,2,2,1,1,2,2,2,1,2,2,1,1,5,1,2,2,1,2,2,1,1,,2,1,2,1,2,1,5,2,2,2,2,2,2,2,2,1,2,1,2,1,2,2,2,2,2,2,2,1,1,1,1,8,8,8,8,8,8,8,8,8,8,8,8,27,25,22,25,24,23,24,23,26,19,23,24,8,8,8,8,8,8,8,8,8,8,8,8,3,5,8,1,2,3,2,3,5,3,5,8,0,0,0,1,1,2,2,4,6,0,0,0,3,5,8,0,0,0,1,1,2,1,1,2,1,2,3,0,1,1,0,0,0,0,0,0,0,0,0,3104651,2110662,37509,250034,863848,23,285,8,1003
32,2018,32,1,3.4,32,2,55,3,1,2,3,2,2,1,2,2007,2008,2,1,1,1,2,2,1,2,2,2,2,2,4,2,1,2,2,2,1,1,2,,1,2,2,2,1,2,2,2,2,1,2,2,2,2,2,2,2,2,2,2,2,1,1,2,2,2,2,2,2,1,1,0,2,0,2,2,2,2,0,2,2,2,2,0,26,0,24,22,24,25,0,23,28,27,23,0,10,0,10,10,10,10,0,10,10,10,10,1,1,2,0,0,0,1,1,2,1,1,2,0,0,0,0,0,0,1,1,2,0,0,0,1,1,2,0,0,0,0,0,0,0,0,0,1,1,2,0,0,0,0,0,0,0,0,0,0,0,0,0,2841204,30154,331579,1220937,25,222,10,1004
32,2019,32,1,3.4,32,2,56,3,2,2,1,2,1,1,1,2007,2007,2,2,1,1,1,2,2,2,2,1,2,1,,2,2,2,2,2,2,2,2,,2,2,2,2,2,1,1,2,1,2,2,2,2,1,2,2,2,1,2,2,2,2,2,2,1,2,2,2,2,1,1,0,2,2,2,2,2,2,2,2,2,2,2,0,23,28,28,24,25,25,25,25,25,25,21,0,8,8,8,8,8,8,8,8,8,8,8,1,1,2,0,0,0,1,1,2,1,1,2,0,0,0,0,0,0,1,1,2,0,0,0,1,1,2,0,0,0,0,0,0,0,0,0,1,1,2,0,0,0,0,0,0,0,0,0,0,0,0,0,2370403,53492,408426,944893,25,274,8,1004
32,2020,32,1,3.4,32,2,57,3,2,2,1,2,2,2,2,2007,2007,2,1,1,2,2,2,2,2,2,2,1,2,4,2,1,2,2,2,2,2,2,1,2,2,2,2,2,2,3,2,2,2,2,2,2,2,2,2,2,2,2,2,2,2,2,2,1,2,2,2,2,2,2,2,2,2,2,2,2,2,2,0,2,2,2,24,25,24,24,22,26,24,26,0,25,26,22,7,7,7,7,7,7,7,7,0,7,7,7,1,1,2,0,0,0,1,1,2,1,1,2,0,0,0,0,0,0,1,1,2,0,0,0,1,1,2,0,0,0,0,0,0,0,0,0,1,1,2,0,0,0,0,0,0,0,0,0,0,0,0,0,2575351,0,329656,1202548,26,268,7,1004
32,2021,32,1,3.4,32,2,58,3,2,2,3,2,2,1,1,2007,2007,2,2,1,2,2,1,2,2,1,1,1,2,,2,1,2,2,2,2,2,2,,2,1,1,2,2,2,3,2,1,1,2,2,2,2,2,2,2,2,2,1,2,2,2,2,2,1,2,1,2,1,2,2,2,2,2,2,2,2,2,0,2,2,2,22,27,23,27,26,21,25,25,0,25,26,25,8,8,8,8,8,8,8,8,0,8,8,8,1,1,2,0,0,0,1,1,2,1,1,2,0,0,0,0,0,0,1,1,2,0,0,0,1,1,2,0,0,0,0,0,0,0,0,0,1,1,2,0,0,0,0,0,0,0,0,0,0,0,0,0,2679756,73116,328329,757451,29,272,8,1004
32,2022,32,1,3.4,32,2,59,3,2,2,5,2,1,1,2,2007,2007,2,2,1,1,2,2,1,1,2,2,2,2,1,1,2,2,2,2,2,2,2,2,2,2,2,1,2,2,3,2,2,2,2,2,2,2,1,2,2,2,2,1,2,2,2,2,2,2,2,1,2,1,2,2,2,0,2,2,0,2,2,2,2,2,0,22,24,0,21,24,0,22,27,23,25,23,0,9,9,0,9,9,0,9,9,9,9,9,0,1,1,2,0,0,0,1,1,2,1,1,2,0,0,0,0,0,0,1,1,2,0,0,0,1,1,2,0,0,0,0,0,0,0,0,0,1,1,2,0,0,0,0,0,0,0,0,0,0,0,0,0,2712175,0,448131,1605427,25,211,9,1004
31,2018,22,2,3.5,22,1,50,8,2,2,1,2,2,2,2,2004,2005,2,1,1,1,1,2,1,2,2,2,2,2,,2,2,1,2,2,2,1,2,,2,2,2,1,2,1,4,2,2,1,2,2,2,2,2,2,2,2,1,2,2,1,1,2,2,2,2,2,2,1,2,13,13,0,13,13,13,13,13,0,13,13,13,23,24,0,25,24,22,23,22,0,23,24,28,7,7,0,7,7,7,7,7,0,7,7,7,6,7,13,5,6,11,1,1,2,6,7,13,0,0,0,2,2,4,4,5,9,0,0,0,6,7,13,0,1,1,1,1,2,2,2,4,2,2,4,1,1,2,0,0,0,0,0,0,0,0,0,18706951,4722105,0,775458,2328235,21,238,7,1005
31,2019,22,2,3.5,22,1,51,8,2,2,2,2,1,2,2,2004,2005,2,2,2,2,1,2,1,2,2,2,2,2,4,2,2,2,2,2,2,1,1,,2,2,2,2,1,2,5,1,1,2,2,1,2,2,1,2,2,2,2,2,2,2,2,2,2,2,2,2,1,2,2,16,16,16,16,16,16,16,16,16,16,16,16,23,25,19,25,25,25,28,24,21,25,25,24,8,8,8,8,8,8,8,8,8,8,8,8,7,9,16,6,7,13,1,2,3,7,9,16,0,0,0,2,2,4,5,7,12,0,0,0,7,9,16,1,1,2,1,2,3,2,2,4,2,3,5,1,1,2,0,0,0,0,0,0,0,0,0,23349720,5389865,223216,725312,2104216,25,289,8,1005
31,2020,22,2,3.5,22,1,52,8,2,1,2,2,1,1,2,2004,2004,2,2,1,2,1,2,2,1,2,2,1,2,,2,2,2,2,2,2,2,2,2,2,1,1,2,1,1,2,2,1,2,2,2,2,2,2,2,2,2,2,2,2,2,2,2,2,1,2,1,1,2,2,14,14,14,14,14,14,14,14,14,14,14,14,25,26,24,25,25,26,24,23,21,26,23,26,6,6,6,6,6,6,6,6,6,6,6,6,7,7,14,6,6,12,1,1,2,7,7,14,0,0,0,2,2,4,5,5,10,0,0,0,7,7,14,1,1,2,1,1,2,2,2,4,2,2,4,1,1,2,0,0,0,0,0,0,0,0,0,18545901,4318235,138919,384572,2568439,23,294,6,1005
31,2021,22,2,3.5,22,1,53,8,2,2,3,1,2,2,1,2004,2005,2,2,1,2,2,2,1,1,1,2,1,2,,2,2,2,2,2,2,2,1,,1,1,2,1,2,1,2,2,1,2,2,2,2,2,2,2,2,2,2,2,2,1,2,2,2,2,2,1,2,1,2,19,0,19,19,19,19,19,19,0,19,19,19,22,0,26,24,25,24,26,27,0,26,26,23,8,0,8,8,8,8,8,8,0,8,8,8,9,10,19,7,8,15,2,2,4,9,10,19,0,0,0,2,3,5,7,7,14,0,0,0,9,10,19,1,1,2,2,2,4,2,2,4,3,3,6,1,1,2,0,1,1,0,0,0,0,0,0,33027926,5683729,0,692963,3472121,28,249,8,1005
31,2022,22,2,3.5,22,1,54,8,1,2,3,2,2,2,1,2004,2004,2,1,1,1,2,2,2,2,2,1,2,2,,2,2,2,2,2,2,2,2,,1,2,2,2,2,2,1,2,2,2,1,2,2,2,1,2,2,2,2,2,2,2,2,2,2,2,2,1,1,1,1,19,19,19,19,0,19,19,19,19,19,19,0,23,23,26,25,0,28,24,25,26,23,22,0,6,6,6,6,0,6,6,6,6,6,6,0,9,10,19,7,8,15,2,2,4,9,10,19,0,0,0,2,3,5,7,7,14,0,0,0,9,10,19,1,1,2,2,2,4,2,2,4,3,3,6,1,1,2,0,1,1,0,0,0,0,0,0,27768442,7096569,0,1002389,3439151,30,245,6,1005
32,2019,32,1,3.6,32,1,37,5,2,2,4,2,1,1,1,2014,2014,1,2,2,2,1,1,2,2,1,2,1,2,3,2,2,2,2,2,2,2,2,,2,2,1,2,2,2,4,2,2,2,1,2,2,2,2,2,2,2,1,2,2,2,1,2,2,2,2,2,2,2,1,2,2,2,2,2,0,2,2,2,2,2,2,22,26,22,26,24,0,22,27,24,27,24,25,8,8,8,8,8,0,8,8,8,8,8,8,2,0,2,1,0,1,1,0,1,2,0,2,0,0,0,1,0,1,1,0,1,0,0,0,2,0,2,0,0,0,0,0,0,1,0,1,1,0,1,0,0,0,0,0,0,0,0,0,0,0,0,1276811,1195918,39763,203006,499950,26,269,8,1006
32,2020,32,1,3.6,32,1,38,5,2,2,3,1,2,1,1,2014,2014,1,2,2,2,1,1,1,2,1,2,1,2,,2,1,2,2,2,2,2,2,,1,2,1,2,1,1,5,2,2,2,2,2,2,1,2,2,2,2,2,2,2,2,1,1,2,2,2,1,2,2,2,2,2,2,0,2,2,2,2,2,2,2,2,27,27,28,0,26,23,24,23,25,23,23,26,6,6,6,0,6,6,6,6,6,6,6,6,2,0,2,1,0,1,1,0,1,2,0,2,0,0,0,1,0,1,1,0,1,0,0,0,2,0,2,0,0,0,0,0,0,1,0,1,1,0,1,0,0,0,0,0,0,0,0,0,0,0,0,1068532,970474,31181,55025,339900,22,275,6,1006
32,2021,32,1,3.6,32,1,39,5,2,2,5,2,1,2,2,2014,2015,2,2,1,2,1,1,2,2,2,1,2,1,1,1,1,2,2,2,2,2,2,,1,2,2,2,2,2,1,2,2,1,2,2,2,2,2,2,2,2,1,2,2,2,2,2,2,2,2,2,2,1,2,2,0,2,2,2,0,2,0,2,2,2,0,23,0,21,23,24,0,23,0,27,23,22,0,8,0,8,8,8,0,8,0,8,8,8,0,2,0,2,1,0,1,1,0,1,2,0,2,0,0,0,1,0,1,1,0,1,0,0,0,2,0,2,0,0,0,0,0,0,1,0,1,1,0,1,0,0,0,0,0,0,0,0,0,0,0,0,1345373,1240586,0,122794,664685,30,186,8,1006
32,2022,32,1,3.6,32,1,40,5,1,2,4,2,2,2,1,2014,2015,2,1,1,1,1,2,1,2,2,1,1,2,1,1,2,2,2,2,2,2,2,3,1,2,2,2,2,2,1,2,2,2,2,2,1,2,2,2,2,2,2,2,2,1,2,1,2,2,2,2,2,1,1,3,3,3,3,3,3,3,0,0,3,3,3,25,27,25,21,25,23,22,0,0,26,25,22,7,7,7,7,7,7,7,0,0,7,7,7,2,1,3,1,1,2,1,0,1,2,1,3,0,0,0,1,0,1,1,1,2,0,0,0,2,1,3,0,0,0,0,0,0,1,0,1,1,1,2,0,0,0,0,0,0,0,0,0,0,0,0,2981632,1130521,0,144195,551437,26,241,7,1006
51,2020,14,2,3.7,14,2,42,3,2,2,3,2,1,2,2,2019,2019,2,2,2,2,2,2,1,2,2,2,2,2,,2,2,1,2,2,2,2,2,,1,1,2,2,1,1,1,2,2,2,2,1,2,2,2,2,2,2,2,2,2,2,2,2,2,1,2,2,2,1,1,0,16,16,16,16,16,0,16,16,0,16,16,0,28,24,23,22,24,0,23,24,0,21,26,0,7,7,7,7,7,0,7,7,0,7,7,9,7,16,8,7,15,1,0,1,9,7,16,0,0,0,2,2,4,7,5,12,0,0,0,9,7,16,1,1,2,2,1,3,2,2,4,3,2,5,1,1,2,0,0,0,0,0,0,0,0,0,31008271,6913506,91462,903775,2501742,25,215,7,1007
51,2021,14,2,3.7,14,2,43,3,2,2,4,2,1,2,2,2019,2020,1,1,2,1,1,2,2,2,2,2,2,2,2,2,1,2,2,2,2,2,1,2,2,2,1,1,1,2,3,2,1,1,2,2,2,2,2,2,2,2,1,2,2,2,2,2,2,2,2,1,2,2,2,15,15,15,0,15,15,15,15,15,0,15,0,24,25,23,0,23,25,25,27,22,0,23,0,10,10,10,0,10,10,10,10,10,0,10,0,8,7,15,7,7,14,1,0,1,8,7,15,0,0,0,2,2,4,6,5,11,0,0,0,8,7,15,1,1,2,2,1,3,2,2,4,2,2,4,1,1,2,0,0,0,0,0,0,0,0,0,26089098,6633478,69716,442510,2398446,21,217,10,1007
51,2022,14,2,3.7,14,2,44,3,2,2,2,2,1,2,2,2019,2019,2,2,2,2,2,2,2,1,2,2,1,2,,2,2,2,2,2,2,2,2,,2,2,2,1,1,2,4,2,2,2,2,2,2,2,2,2,2,2,2,2,2,1,1,2,2,2,2,1,2,2,2,15,15,15,15,0,15,15,15,15,0,15,15,21,24,27,24,0,24,26,23,20,0,21,23,9,9,9,9,0,9,9,9,9,0,9,9,8,7,15,7,7,14,1,0,1,8,7,15,0,0,0,2,2,4,6,5,11,0,0,0,8,7,15,1,1,2,2,1,3,2,2,4,2,2,4,1,1,2,0,0,0,0,0,0,0,0,0,30795557,7753161,0,1229975,3803140,24,233,9,1007
35,2018,28,2,3.8,28,2,35,6,1,1,2,2,2,2,1,2010,2011,2,2,1,2,1,2,2,1,2,2,2,1,2,2,2,2,2,2,2,2,1,,2,1,2,2,2,2,2,2,2,2,2,2,2,2,2,1,2,1,2,2,2,2,2,2,2,2,2,1,1,1,2,11,11,11,11,11,0,11,11,11,11,11,0,22,25,28,26,28,0,24,25,25,22,23,0,8,8,8,8,8,0,8,8,8,8,8,0,8,3,11,6,2,8,2,1,3,8,3,11,0,0,0,2,1,3,6,2,8,0,0,0,8,3,11,1,0,1,2,1,3,2,1,3,2,1,3,1,0,1,0,0,0,0,0,0,0,0,0,12823194,12293044,265247,2013559,4571938,25,248,8,1008
35,2019,28,2,3.8,28,2,36,6,2,2,5,2,2,2,2,2010,2010,1,1,1,1,2,2,1,2,2,2,2,1,4,2,2,2,2,2,2,2,2,,2,2,1,1,2,2,5,2,2,1,2,2,1,2,2,2,2,2,2,1,2,2,2,2,2,2,2,1,2,2,1,0,12,12,0,12,12,12,12,12,12,0,12,0,24,28,0,29,24,24,19,25,21,0,26,0,8,8,0,8,8,8,8,8,8,0,8,9,3,12,7,2,9,2,1,3,9,3,12,0,0,0,2,1,3,7,2,9,0,0,0,9,3,12,1,0,1,2,1,3,2,1,3,3,1,4,1,0,1,0,0,0,0,0,0,0,0,0,11136430,14600613,0,1757066,7872484,23,220,8,1008
35,2020,28,2,3.8,28,2,37,6,2,2,1,1,2,1,1,2010,2011,1,2,1,1,2,1,2,2,1,2,2,2,,2,2,1,2,2,1,1,1,,2,2,2,2,2,2,3,2,2,2,1,2,2,2,2,2,2,2,2,2,2,1,2,2,2,2,2,2,1,1,2,13,13,13,13,13,13,13,13,13,13,0,13,24,26,26,26,27,22,27,22,20,27,0,27,6,6,6,6,6,6,6,6,6,6,0,6,10,3,13,8,2,10,2,1,3,10,3,13,0,0,0,3,1,4,7,2,9,0,0,0,10,3,13,1,0,1,2,1,3,2,1,3,3,1,4,1,0,1,1,0,1,0,0,0,0,0,0,15364397,12583001,266890,2333550,4751636,25,274,6,1008
35,2021,28,2,3.8,28,2,38,6,1,1,5,2,2,1,2,2010,2010,2,2,1,2,2,2,2,2,2,2,2,1,3,2,2,1,2,2,1,1,2,,2,2,2,1,1,2,1,2,2,2,2,2,2,2,2,2,2,1,2,2,2,2,2,2,2,2,2,2,2,1,2,14,14,0,14,14,14,0,14,14,14,14,0,24,26,0,22,23,28,0,28,23,24,22,0,9,9,0,9,9,9,0,9,9,9,9,0,11,3,14,9,2,11,2,1,3,11,3,14,0,0,0,3,1,4,8,2,10,0,0,0,11,3,14,1,0,1,2,1,3,3,1,4,3,1,4,1,0,1,1,0,1,0,0,0,0,0,0,27816080,14443260,236297,2392040,7847541,23,220,9,1008
35,2022,28,2,3.8,28,2,39,6,2,2,1,2,1,1,1,2010,2011,2,2,2,2,2,1,2,2,2,1,1,2,,2,1,2,2,2,2,2,2,,2,2,2,1,1,1,2,2,2,2,2,2,1,2,2,2,2,2,2,2,2,2,2,2,1,2,2,2,2,1,1,13,13,0,13,13,13,13,13,13,0,13,13,25,25,0,24,24,24,25,24,28,0,21,28,10,10,0,10,10,10,10,10,10,0,10,10,10,3,13,8,2,10,2,1,3,10,3,13,0,0,0,3,1,4,7,2,9,0,0,0,10,3,13,1,0,1,2,1,3,2,1,3,3,1,4,1,0,1,1,0,1,0,0,0,0,0,0,27751763,16430554,285779,2245806,8521335,24,248,10,1008
73,2018,14,1,3.9,14,1,27,2,1,1,5,2,1,1,2,2005,2005,2,1,2,1,1,1,2,2,2,1,1,2,1,2,2,2,2,1,1,2,2,,1,1,2,2,2,2,4,2,2,2,2,2,2,2,2,2,2,2,2,2,1,2,2,2,2,2,2,2,2,2,1,0,0,3,3,3,0,3,3,3,3,3,3,0,0,22,22,25,0,23,26,25,27,27,26,0,0,8,8,8,0,8,8,8,8,8,8,1,2,3,1,1,2,0,1,1,1,2,3,0,0,0,0,1,1,1,1,2,0,0,0,1,2,3,0,0,0,0,0,0,0,1,1,1,1,2,0,0,0,0,0,0,0,0,0,0,0,0,3346045,957873,0,76620,453840,24,223,8,1009
11,2018,31,2,4.0,31,2,53,5,2,2,2,1,2,1,1,2010,2011,1,2,1,1,1,2,2,2,1,2,2,2,,2,2,2,2,2,2,2,2,,2,2,2,1,2,2,3,2,2,2,2,2,2,2,2,2,2,2,2,2,2,2,2,2,1,2,2,2,2,2,2,13,13,13,13,13,13,13,13,13,0,0,0,24,24,27,22,22,22,24,23,26,0,0,0,9,9,9,9,9,9,9,9,9,0,0,0,8,5,13,8,5,13,0,0,0,8,5,13,0,0,0,2,1,3,6,4,10,0,0,0,8,5,13,1,0,1,2,1,3,2,1,3,2,2,4,1,1,2,0,0,0,0,0,0,0,0,0,17867948,4418968,0,394020,1621610,28,214,9,1010
11,2019,31,2,4.0,31,2,54,5,2,1,5,2,1,2,2,2010,2011,2,1,2,2,1,1,1,2,1,1,2,1,,2,2,2,2,2,2,2,2,,2,2,2,1,2,2,3,1,2,2,2,2,2,2,2,2,2,2,2,2,2,2,2,2,1,1,2,1,1,2,2,0,12,12,12,0,0,12,12,12,12,12,12,0,24,22,23,0,0,28,24,22,24,24,25,0,9,9,9,0,0,9,9,9,9,9,9,8,4,12,8,4,12,0,0,0,8,4,12,0,0,0,2,1,3,6,3,9,0,0,0,8,4,12,1,0,1,2,1,3,2,1,3,2,1,3,1,1,2,0,0,0,0,0,0,0,0,0,27148719,3892961,91748,458823,2426807,29,216,9,1010
51,2018,24,1,4.1,24,1,27,6,1,1,1,2,2,1,1,2010,2010,2,2,1,2,1,1,2,1,1,2,2,2,,2,1,2,2,1,2,2,2,,2,1,2,2,1,2,5,2,2,2,2,2,2,2,2,1,2,2,2,2,2,2,2,2,2,2,2,1,1,1,2,4,0,0,4,4,4,4,4,4,4,4,0,24,0,0,23,24,23,23,22,26,22,27,0,9,0,0,9,9,9,9,9,9,9,9,0,4,0,4,2,0,2,2,0,2,4,0,4,0,0,0,1,0,1,3,0,3,0,0,0,4,0,4,0,0,0,1,0,1,1,0,1,1,0,1,1,0,1,0,0,0,0,0,0,0,0,0,2870790,1015859,0,178118,319459,29,214,9,1011
51,2019,24,1,4.1,24,1,28,6,2,2,4,2,2,2,1,2010,2010,2,2,1,1,2,2,2,1,2,2,2,2,5,2,2,2,2,2,2,2,2,3,2,1,2,1,1,2,1,1,2,2,2,1,2,2,2,2,2,2,2,2,2,2,2,1,2,2,2,1,1,2,2,4,4,4,4,4,4,4,4,4,4,4,4,25,25,25,23,25,25,26,19,24,26,23,25,10,10,10,10,10,10,10,10,10,10,10,10,4,0,4,2,0,2,2,0,2,4,0,4,0,0,0,1,0,1,3,0,3,0,0,0,4,0,4,0,0,0,1,0,1,1,0,1,1,0,1,1,0,1,0,0,0,0,0,0,0,0,0,3212388,1175239,0,233981,605297,21,291,10,1011
51,2020,24,1,4.1,24,1,29,6,2,2,3,2,1,1,1,2010,2011,2,2,1,2,2,2,2,2,2,2,1,2,2,2,1,2,2,2,2,2,2,,1,1,1,2,2,1,4,2,2,2,2,2,2,1,2,2,2,2,2,2,2,2,2,2,2,2,2,1,1,2,2,4,4,4,0,4,4,4,4,4,4,4,4,22,28,24,0,26,22,28,27,24,27,22,22,8,8,8,0,8,8,8,8,8,8,8,8,4,0,4,2,0,2,2,0,2,4,0,4,0,0,0,1,0,1,3,0,3,0,0,0,4,0,4,0,0,0,1,0,1,1,0,1,1,0,1,1,0,1,0,0,0,0,0,0,0,0,0,1905043,974783,0,135220,453859,21,272,8,1011
51,2021,24,1,4.1,24,1,30,6,2,2,5,2,2,1,1,2010,2011,2,2,1,2,1,2,2,1,2,2,1,2,,2,2,2,2,2,2,2,2,,2,2,1,2,2,2,5,2,2,2,2,2,2,1,2,2,1,1,2,1,2,2,2,2,2,2,2,1,2,2,2,4,4,4,0,4,4,0,4,4,4,4,4,27,25,23,0,27,21,0,25,25,24,26,27,8,8,8,0,8,8,0,8,8,8,8,8,4,0,4,2,0,2,2,0,2,4,0,4,0,0,0,1,0,1,3,0,3,0,0,0,4,0,4,0,0,0,1,0,1,1,0,1,1,0,1,1,0,1,0,0,0,0,0,0,0,0,0,2853518,974799,17129,123902,480347,24,250,8,1011
51,2022,24,1,4.1,24,1,31,6,2,2,1,1,1,1,1,2010,2011,2,1,2,2,2,2,1,2,2,2,2,1,,2,2,2,2,2,2,2,2,,2,2,1,1,1,1,3,2,2,2,1,2,2,2,2,2,2,2,2,2,2,2,2,2,2,2,2,2,2,1,2,4,4,4,4,4,4,4,0,4,4,4,4,23,25,26,25,25,24,24,0,22,26,24,25,8,8,8,8,8,8,8,0,8,8,8,8,4,0,4,2,0,2,2,0,2,4,0,4,0,0,0,1,0,1,3,0,3,0,0,0,4,0,4,0,0,0,1,0,1,1,0,1,1,0,1,1,0,1,0,0,0,0,0,0,0,0,0,2144939,1051504,15486,45261,494431,22,269,8,1011
14,2020,15,1,4.2,15,2,41,8,2,2,3,2,2,1,2,2008,2008,2,1,1,2,2,1,2,1,1,2,2,2,,2,2,2,2,2,2,2,2,,1,2,1,2,2,1,5,2,2,2,2,2,2,2,2,1,2,2,2,1,2,2,2,2,2,1,2,1,2,1,1,2,0,2,2,2,2,2,2,2,2,2,0,25,0,27,26,25,22,25,23,24,23,23,0,8,0,8,8,8,8,8,8,8,8,8,0,1,1,2,1,1,2,0,0,0,1,1,2,0,0,0,0,0,0,1,1,2,0,0,0,1,1,2,0,0,0,0,0,0,0,0,0,1,1,2,0,0,0,0,0,0,0,0,0,0,0,0,2943991,1412547,27560,45223,642413,22,243,8,1012
14,2021,15,1,4.2,15,2,42,8,2,2,4,2,1,2,1,2008,2008,2,2,1,2,2,2,2,1,2,2,1,2,,2,1,1,2,2,2,2,2,,2,1,2,2,1,1,5,2,2,2,2,2,1,1,2,1,2,2,2,2,2,2,2,2,2,2,2,2,1,2,2,0,2,2,2,2,2,2,2,2,2,2,2,0,21,22,20,27,22,22,23,25,25,26,25,0,8,8,8,8,8,8,8,8,8,8,8,1,1,2,1,1,2,0,0,0,1,1,2,0,0,0,0,0,0,1,1,2,0,0,0,1,1,2,0,0,0,0,0,0,0,0,0,1,1,2,0,0,0,0,0,0,0,0,0,0,0,0,3105937,1404102,0,226843,502514,23,258,8,1012
14,2022,15,1,4.2,15,2,43,8,1,1,2,1,2,1,2,2008,2008,2,2,1,1,1,1,2,2,1,1,2,2,5,2,1,2,2,2,2,2,2,2,1,2,2,2,2,2,2,2,1,2,2,2,2,2,2,2,2,2,2,2,2,2,2,2,2,2,2,1,2,2,1,2,0,0,2,2,2,2,0,2,0,0,2,24,0,0,24,24,22,25,0,26,0,0,21,9,0,0,9,9,9,9,0,9,0,0,9,1,1,2,1,1,2,0,0,0,1,1,2,0,0,0,0,0,0,1,1,2,0,0,0,1,1,2,0,0,0,0,0,0,0,0,0,1,1,2,0,0,0,0,0,0,0,0,0,0,0,0,2420285,1746959,26588,205179,776234,24,166,9,1012
32,2018,15,1,4.3,15,1,49,6,2,2,1,2,1,1,1,2016,2016,1,2,1,2,2,1,2,1,2,2,1,2,,2,2,2,2,1,2,2,2,3,2,2,1,2,2,2,3,2,2,2,2,2,2,2,1,2,2,2,2,2,2,2,2,2,2,1,2,2,1,2,2,3,3,3,3,3,3,3,3,0,3,3,3,25,28,27,25,23,26,26,25,0,28,20,25,8,8,8,8,8,8,8,8,0,8,8,8,2,1,3,1,0,1,1,1,2,2,1,3,0,0,0,1,0,1,1,1,2,0,0,0,2,1,3,0,0,0,0,0,0,1,0,1,1,1,2,0,0,0,0,0,0,0,0,0,0,0,0,1553443,1200846,39337,185983,383682,26,278,8,1013
32,2019,15,1,4.3,15,1,50,6,2,2,4,2,2,1,2,2016,2017,1,2,2,2,2,2,2,2,2,1,2,2,,1,2,2,1,2,2,1,2,,2,2,2,1,2,1,4,2,2,2,2,2,2,2,2,2,2,2,2,2,2,2,2,2,2,2,2,1,2,1,1,3,0,3,3,3,3,3,3,3,3,3,3,25,0,23,25,25,26,26,24,26,26,25,21,10,0,10,10,10,10,10,10,10,10,10,10,2,1,3,1,0,1,1,1,2,2,1,3,0,0,0,1,0,1,1,1,2,0,0,0,2,1,3,0,0,0,0,0,0,1,0,1,1,1,2,0,0,0,0,0,0,0,0,0,0,0,0,1243702,1235603,19589,151693,549399,27,272,10,1013
32,2020,15,1,4.3,15,1,51,6,2,2,5,1,2,1,1,2016,2016,1,1,2,2,2,2,2,2,1,2,2,2,,1,2,1,2,1,1,2,2,,1,2,2,2,2,1,2,2,2,2,2,2,2,2,2,2,2,2,2,2,2,2,2,2,2,2,2,2,1,1,2,4,0,4,4,4,4,4,4,4,4,4,4,22,0,24,24,28,27,22,28,23,24,22,26,6,0,6,6,6,6,6,6,6,6,6,6,2,2,4,1,1,2,1,1,2,2,2,4,0,0,0,1,1,2,1,1,2,0,0,0,2,2,4,0,0,0,0,0,0,1,1,2,1,1,2,0,0,0,0,0,0,0,0,0,0,0,0,2780643,1661917,10074,245968,554595,25,270,6,1013
32,2021,15,1,4.3,15,1,52,6,2,1,4,2,2,1,1,2016,2016,1,2,2,2,1,2,2,2,2,2,2,1,,2,1,2,2,1,2,1,2,3,1,1,1,1,1,1,1,2,2,2,2,2,2,2,2,1,2,2,1,2,2,2,2,2,1,2,2,1,1,1,1,4,4,4,4,4,4,4,4,4,4,4,4,24,24,23,23,23,24,25,24,25,26,25,23,6,6,6,6,6,6,6,6,6,6,6,6,2,2,4,1,1,2,1,1,2,2,2,4,0,0,0,1,1,2,1,1,2,0,0,0,2,2,4,0,0,0,0,0,0,1,1,2,1,1,2,0,0,0,0,0,0,0,0,0,0,0,0,3050242,1493695,12243,127603,524375,27,289,6,1013
32,2022,15,1,4.3,15,1,53,6,1,2,4,1,2,2,2,2016,2017,2,2,2,1,2,1,2,1,1,2,2,2,1,2,2,2,2,2,2,2,2,3,2,2,1,2,1,2,2,2,2,2,2,2,2,2,2,2,2,2,2,2,2,2,2,2,2,2,2,1,2,1,1,4,4,4,4,4,4,4,4,0,0,4,4,25,27,26,24,28,21,23,25,0,0,23,25,7,7,7,7,7,7,7,7,0,0,7,7,2,2,4,1,1,2,1,1,2,2,2,4,0,0,0,1,1,2,1,1,2,0,0,0,2,2,4,0,0,0,0,0,0,1,1,2,1,1,2,0,0,0,0,0,0,0,0,0,0,0,0,2390646,1593620,0,220965,768762,24,247,7,1013
36,2022,13,1,4.4,13,1,31,7,1,2,4,2,1,1,2,2019,2019,2,1,2,1,1,1,2,1,2,2,2,2,1,2,2,2,2,2,2,2,2,3,2,2,2,2,2,2,1,2,1,2,2,2,2,2,1,2,2,2,1,2,2,2,1,2,1,2,2,1,2,1,2,2,2,2,2,2,0,0,2,2,2,2,2,25,26,24,25,22,0,0,24,23,25,25,25,9,9,9,9,9,0,0,9,9,9,9,9,1,1,2,0,0,0,1,1,2,1,1,2,0,0,0,0,0,0,1,1,2,0,0,0,1,1,2,0,0,0,0,0,0,0,0,0,1,1,2,0,0,0,0,0,0,0,0,0,0,0,0,0,966924,11155,150526,563878,28,244,9,1014
12,2021,27,2,4.5,27,2,44,8,1,1,3,2,1,1,2,2016,2016,2,2,1,2,2,2,2,2,2,2,2,1,4,1,2,2,1,2,2,2,2,,1,2,1,2,1,2,1,2,2,2,2,2,2,2,2,2,2,2,1,2,2,2,2,2,2,2,2,2,1,1,2,12,0,12,12,12,12,12,12,12,12,12,12,27,0,25,26,24,27,24,21,24,26,25,29,6,0,6,6,6,6,6,6,6,6,6,6,8,4,12,7,4,11,1,0,1,8,4,12,0,0,0,2,1,3,6,3,9,0,0,0,8,4,12,1,0,1,2,1,3,2,1,3,2,1,3,1,1,2,0,0,0,0,0,0,0,0,0,17535176,7274934,0,839514,3666860,25,278,6,1015
12,2022,27,2,4.5,27,2,45,8,2,2,3,1,2,1,1,2016,2017,2,2,2,2,2,1,2,2,1,2,1,1,,2,2,2,2,2,2,2,2,,2,2,2,1,2,2,4,2,1,1,1,1,2,2,2,2,2,2,2,2,2,1,2,2,2,2,2,1,1,1,2,15,15,15,15,15,15,15,15,15,15,15,15,26,27,25,26,29,25,25,24,26,27,24,25,8,8,8,8,8,8,8,8,8,8,8,8,10,5,15,9,4,13,1,1,2,10,5,15,0,0,0,3,1,4,7,4,11,0,0,0,10,5,15,1,0,1,2,1,3,2,1,3,3,2,5,1,1,2,1,0,1,0,0,0,0,0,0,29579326,5837587,143548,485105,3496649,23,309,8,1015
21,2021,13,2,4.6,13,2,55,6,2,2,5,2,1,2,1,2019,2019,2,1,2,2,1,1,2,1,1,1,1,2,3,2,2,2,2,2,2,2,2,,2,2,2,2,1,2,2,2,2,1,2,2,2,1,1,2,2,2,2,2,1,2,2,2,1,2,2,2,1,2,2,10,10,0,10,0,10,10,10,10,10,10,10,27,23,0,21,0,21,21,23,23,27,24,23,8,8,0,8,0,8,8,8,8,8,8,8,5,5,10,5,5,10,0,0,0,5,5,10,0,0,0,1,1,2,4,4,8,0,0,0,5,5,10,0,0,0,1,1,2,1,1,2,2,2,4,1,1,2,0,0,0,0,0,0,0,0,0,19001021,2984606,0,453558,1466660,27,233,8,1016
21,2022,13,2,4.6,13,2,56,6,2,1,1,1,2,1,1,2019,2020,2,2,2,2,2,1,2,1,1,2,2,2,,2,1,1,2,2,1,2,2,,2,1,2,2,1,1,4,2,2,2,2,2,2,2,2,1,2,2,2,2,2,2,2,2,1,2,2,2,1,1,1,9,9,9,9,9,9,9,9,9,0,9,0,25,26,25,26,24,23,25,24,23,0,22,0,5,5,5,5,5,5,5,5,5,0,5,0,5,4,9,5,4,9,0,0,0,5,4,9,0,0,0,1,1,2,4,3,7,0,0,0,5,4,9,0,0,0,1,1,2,1,1,2,2,1,3,1,1,2,0,0,0,0,0,0,0,0,0,12971470,2966951,76569,447892,1225433,23,243,5,1016
64,2018,22,1,4.7,22,1,30,3,2,1,1,2,2,1,1,2004,2005,2,1,2,1,2,2,2,1,2,2,1,2,,2,2,1,2,1,2,2,2,,2,1,2,2,1,1,1,2,2,2,2,2,2,2,2,2,2,2,2,2,2,2,2,2,2,2,2,2,2,2,1,3,3,3,3,3,3,3,3,3,3,3,3,28,22,21,27,23,24,25,26,25,27,23,28,7,7,7,7,7,7,7,7,7,7,7,7,2,1,3,1,1,2,1,0,1,2,1,3,0,0,0,1,0,1,1,1,2,0,0,0,2,1,3,0,0,0,0,0,0,1,0,1,1,1,2,0,0,0,0,0,0,0,0,0,0,0,0,2942892,1746920,0,122470,947313,27,299,7,1017
64,2019,22,1,4.7,22,1,31,3,2,2,5,2,1,1,2,2004,2004,2,2,2,2,1,1,2,1,1,2,2,1,3,2,2,2,2,2,2,2,2,,1,1,1,2,2,2,4,2,2,2,2,1,1,2,2,2,2,2,1,2,1,2,1,2,2,2,2,2,2,2,2,3,3,3,3,3,3,3,3,3,0,3,0,23,22,23,24,24,26,23,26,23,0,26,0,5,5,5,5,5,5,5,5,5,0,5,0,2,1,3,1,1,2,1,0,1,2,1,3,0,0,0,1,0,1,1,1,2,0,0,0,2,1,3,0,0,0,0,0,0,1,0,1,1,1,2,0,0,0,0,0,0,0,0,0,0,0,0,3251464,2128776,41614,228198,1078867,28,240,5,1017
64,2020,22,1,4.7,22,1,32,3,1,1,5,2,1,2,1,2004,2004,2,2,1,2,2,1,2,2,2,2,1,1,3,2,2,2,2,2,2,1,2,3,2,2,2,1,2,2,4,2,2,2,2,1,2,2,2,2,2,2,2,2,1,2,2,2,2,2,2,1,1,2,1,3,3,3,3,3,3,3,3,3,3,3,3,23,22,26,24,26,27,23,25,22,27,23,23,8,8,8,8,8,8,8,8,8,8,8,8,2,1,3,1,1,2,1,0,1,2,1,3,0,0,0,1,0,1,1,1,2,0,0,0,2,1,3,0,0,0,0,0,0,1,0,1,1,1,2,0,0,0,0,0,0,0,0,0,0,0,0,2904444,2180712,29319,204130,1119482,26,291,8,1017
64,2021,22,1,4.7,22,1,33,3,1,2,2,2,1,2,1,2004,2005,2,2,2,1,2,2,2,2,2,1,2,1,,2,2,2,2,2,2,1,2,2,2,1,1,2,2,2,5,1,2,2,2,2,2,2,1,2,2,1,2,2,2,1,2,1,2,2,2,1,2,1,2,4,4,4,4,4,4,0,4,4,4,4,4,27,25,24,26,23,20,0,24,26,20,23,26,6,6,6,6,6,6,0,6,6,6,6,6,2,2,4,1,1,2,1,1,2,2,2,4,0,0,0,1,1,2,1,1,2,0,0,0,2,2,4,0,0,0,0,0,0,1,1,2,1,1,2,0,0,0,0,0,0,0,0,0,0,0,0,2038772,2067795,0,303222,748433,22,264,6,1017
64,2022,22,1,4.7,22,1,34,3,2,1,4,2,2,1,1,2004,2005,2,1,2,2,2,1,2,2,2,1,1,1,,2,2,2,2,1,1,2,2,2,1,2,1,2,2,2,3,2,2,2,2,2,2,2,2,1,2,2,2,2,2,2,1,2,2,2,2,2,1,1,1,3,3,3,0,0,0,3,3,3,0,3,0,25,30,26,0,0,0,25,25,28,0,27,0,7,7,7,0,0,0,7,7,7,0,7,0,2,1,3,1,1,2,1,0,1,2,1,3,0,0,0,1,0,1,1,1,2,0,0,0,2,1,3,0,0,0,0,0,0,1,0,1,1,1,2,0,0,0,0,0,0,0,0,0,0,0,0,2293757,2333397,91141,258438,1011843,26,186,7,1017
32,2019,13,2,4.8,13,2,48,4,2,1,3,1,2,1,2,2014,2014,2,1,2,2,1,1,2,2,2,1,2,2,,2,2,2,2,2,2,2,1,2,1,2,2,2,1,2,5,1,2,2,1,2,2,2,2,2,2,2,2,1,2,2,2,2,2,2,2,1,2,2,2,16,16,16,16,16,16,0,0,16,16,0,16,24,25,22,23,26,19,0,0,26,28,0,21,10,10,10,10,10,10,0,0,10,10,0,10,6,10,16,6,10,16,0,0,0,6,10,16,0,0,0,2,3,5,4,7,11,0,0,0,6,10,16,0,1,1,1,2,3,2,2,4,2,3,5,1,1,2,0,1,1,0,0,0,0,0,0,26264923,4055913,0,414902,1456726,23,214,10,1018
32,2020,13,2,4.8,13,2,49,4,2,2,3,1,1,2,1,2014,2015,2,2,2,2,2,1,1,2,2,1,2,2,,2,2,1,2,2,2,2,2,2,2,2,1,1,1,2,3,1,2,2,2,2,2,2,2,2,2,2,2,1,2,2,1,2,2,2,2,2,1,1,2,15,15,15,15,15,15,15,15,15,15,15,15,26,24,22,21,21,26,25,24,29,23,25,24,5,5,5,5,5,5,5,5,5,5,5,5,5,10,15,5,10,15,0,0,0,5,10,15,0,0,0,1,3,4,4,7,11,0,0,0,5,10,15,0,1,1,1,2,3,1,2,3,2,3,5,1,1,2,0,1,1,0,0,0,0,0,0,31186292,2838342,39104,415081,1512934,24,290,5,1018
32,2021,13,2,4.8,13,2,50,4,2,2,1,1,2,1,1,2014,2014,1,1,2,2,1,2,2,2,1,2,2,1,,2,2,2,2,2,2,2,1,,1,2,2,2,2,1,4,1,2,2,2,2,2,2,2,2,2,2,2,2,2,2,2,1,2,2,2,2,1,2,1,12,12,12,12,0,12,12,12,12,12,12,12,25,27,25,30,0,29,23,25,26,24,25,23,9,9,9,9,0,9,9,9,9,9,9,9,4,8,12,4,8,12,0,0,0,4,8,12,0,0,0,1,2,3,3,6,9,0,0,0,4,8,12,0,1,1,1,2,3,1,2,3,1,2,3,1,1,2,0,0,0,0,0,0,0,0,0,18768187,4172575,82774,343729,1792633,23,282,9,1018
32,2022,13,2,4.8,13,2,51,4,2,1,3,2,1,2,2,2014,2014,2,1,2,1,2,1,2,2,1,2,2,2,2,2,2,2,2,1,2,1,2,,1,2,2,2,2,1,5,2,2,2,2,2,2,2,2,2,2,1,2,2,2,2,2,2,2,2,2,1,2,2,1,15,15,15,15,15,0,15,15,0,15,15,15,24,27,22,26,23,0,25,23,0,28,22,23,7,7,7,7,7,0,7,7,0,7,7,7,5,10,15,5,10,15,0,0,0,5,10,15,0,0,0,1,3,4,4,7,11,0,0,0,5,10,15,0,1,1,1,2,3,1,2,3,2,3,5,1,1,2,0,1,1,0,0,0,0,0,0,31259001,3789714,88199,527778,1698624,29,243,7,1018
33,2018,31,2,4.9,31,1,37,7,2,2,4,2,2,2,1,2016,2017,1,1,2,1,2,1,2,2,1,2,1,2,,2,2,1,2,2,2,1,2,,2,2,2,2,2,2,2,2,2,2,2,2,2,2,2,2,2,1,1,2,2,2,2,1,2,2,2,1,2,1,1,7,7,7,7,7,7,7,7,7,7,7,7,24,25,24,22,21,25,25,27,21,24,24,21,5,5,5,5,5,5,5,5,5,5,5,5,5,2,7,5,2,7,0,0,0,5,2,7,0,0,0,1,1,2,4,1,5,0,0,0,5,2,7,0,0,0,1,0,1,1,1,2,2,1,3,1,0,1,0,0,0,0,0,0,0,0,0,13302541,10488754,0,1438134,4447080,22,283,5,1019
33,2019,31,2,4.9,31,1,38,7,2,2,1,1,2,2,2,2016,2017,2,1,2,2,2,2,2,2,2,2,2,2,,2,2,2,2,2,2,2,2,,1,1,1,2,1,1,1,2,2,2,2,2,2,2,2,2,2,2,2,2,2,2,2,2,2,1,1,1,2,1,2,0,6,0,6,6,6,6,6,6,6,6,6,0,24,0,23,24,26,22,27,23,23,28,21,0,5,0,5,5,5,5,5,5,5,5,5,4,2,6,4,2,6,0,0,0,4,2,6,0,0,0,1,1,2,3,1,4,0,0,0,4,2,6,0,0,0,1,0,1,1,1,2,1,1,2,1,0,1,0,0,0,0,0,0,0,0,0,9502943,8236557,192261,1176805,3282156,27,241,5,1019
33,2020,31,2,4.9,31,1,39,7,1,2,2,1,1,2,2,2016,2016,2,1,1,2,1,2,2,1,2,2,2,1,,2,2,1,2,2,2,1,2,,1,2,2,2,2,2,4,2,2,2,1,2,2,2,2,2,2,2,2,1,2,2,2,2,2,2,2,1,1,2,1,6,0,6,6,6,6,6,6,6,0,6,6,24,0,21,26,25,26,23,25,24,0,27,24,8,0,8,8,8,8,8,8,8,0,8,8,4,2,6,4,2,6,0,0,0,4,2,6,0,0,0,1,1,2,3,1,4,0,0,0,4,2,6,0,0,0,1,0,1,1,1,2,1,1,2,1,0,1,0,0,0,0,0,0,0,0,0,15018135,7322133,0,644511,3774692,21,245,8,1019
33,2021,31,2,4.9,31,1,40,7,2,2,2,2,1,2,2,2016,2017,2,2,2,2,1,2,2,2,2,1,2,1,,1,2,1,2,2,2,2,2,1,2,2,2,2,2,2,4,2,2,2,2,2,2,2,2,2,2,2,2,2,2,2,2,2,2,2,2,1,1,2,2,6,0,0,6,6,6,6,6,6,6,0,0,26,0,0,23,25,23,23,25,22,23,0,0,10,0,0,10,10,10,10,10,10,10,0,0,4,2,6,4,2,6,0,0,0,4,2,6,0,0,0,1,1,2,3,1,4,0,0,0,4,2,6,0,0,0,1,0,1,1,1,2,1,1,2,1,0,1,0,0,0,0,0,0,0,0,0,14372080,7922027,0,1113460,3436939,27,190,10,1019
33,2022,31,2,4.9,31,1,41,7,2,1,4,2,1,1,2,2016,2017,2,2,1,1,1,1,2,1,2,1,2,1,,2,2,2,2,1,2,2,2,3,2,2,1,1,2,1,4,2,2,2,2,2,2,2,1,2,2,1,2,2,2,2,2,2,2,2,2,1,1,2,1,5,5,5,5,5,5,5,0,5,5,5,5,25,24,24,21,27,20,24,0,23,25,26,25,8,8,8,8,8,8,8,0,8,8,8,8,4,1,5,4,1,5,0,0,0,4,1,5,0,0,0,1,0,1,3,1,4,0,0,0,4,1,5,0,0,0,1,0,1,1,0,1,1,1,2,1,0,1,0,0,0,0,0,0,0,0,0,6976459,8442754,401792,399795,4988145,25,264,8,1019
32,2018,10,1,5.0,10,1,34,4,2,1,5,1,1,1,2,2015,2015,2,1,2,1,2,1,1,2,2,2,1,2,,2,2,2,2,2,2,2,1,,2,1,1,1,2,2,2,2,1,2,2,2,2,2,2,1,2,2,2,2,2,2,2,2,2,2,2,2,2,2,2,1,1,1,1,1,1,1,1,1,1,1,1,24,23,25,25,27,24,24,22,21,25,20,26,5,5,5,5,5,5,5,5,5,5,5,5,1,0,1,1,0,1,0,0,0,1,0,1,0,0,0,0,0,0,1,0,1,0,0,0,1,0,1,0,0,0,0,0,0,0,0,0,1,0,1,0,0,0,0,0,0,0,0,0,0,0,0,1295974,544527,0,65576,181106,23,286,5,1020
32,2019,10,1,5.0,10,1,35,4,2,2,2,2,1,2,2,2015,2015,2,1,2,2,2,2,2,1,2,1,2,1,,2,1,2,2,2,2,2,2,,2,2,2,1,2,1,2,2,2,2,2,1,2,2,2,2,2,2,2,2,2,2,2,2,2,2,2,2,2,1,2,1,1,1,1,1,1,1,1,1,1,1,0,24,23,23,24,23,22,22,24,26,26,21,0,7,7,7,7,7,7,7,7,7,7,7,0,1,0,1,1,0,1,0,0,0,1,0,1,0,0,0,0,0,0,1,0,1,0,0,0,1,0,1,0,0,0,0,0,0,0,0,0,1,0,1,0,0,0,0,0,0,0,0,0,0,0,0,1182720,662447,16711,56988,313934,27,258,7,1020
32,2020,10,1,5.0,10,1,36,4,2,2,5,2,2,1,1,2015,2015,2,1,1,1,1,2,2,2,2,2,1,2,,2,2,2,2,2,2,2,2,1,2,1,1,1,2,2,2,2,1,2,2,2,1,2,2,2,2,2,1,2,2,2,2,2,2,2,2,1,1,1,1,1,1,1,1,1,1,1,1,1,1,1,1,25,25,28,25,24,27,27,30,24,28,27,26,8,8,8,8,8,8,8,8,8,8,8,8,1,0,1,1,0,1,0,0,0,1,0,1,0,0,0,0,0,0,1,0,1,0,0,0,1,0,1,0,0,0,0,0,0,0,0,0,1,0,1,0,0,0,0,0,0,0,0,0,0,0,0,1337060,454609,11041,60116,225940,27,316,8,1020
72,2022,30,1,5.1,30,1,49,8,2,2,4,2,2,1,2,2018,2018,2,2,2,1,2,1,2,2,2,2,2,2,5,2,1,2,2,2,2,2,2,,2,1,2,1,2,1,3,2,2,2,2,2,2,2,2,2,2,2,2,1,2,2,2,1,2,2,2,2,2,2,2,3,3,3,3,3,0,3,3,3,3,0,3,22,26,24,28,25,0,24,23,24,26,0,25,8,8,8,8,8,0,8,8,8,8,0,8,2,1,3,2,1,3,0,0,0,2,1,3,0,0,0,1,0,1,1,1,2,0,0,0,2,1,3,0,0,0,0,0,0,1,0,1,1,1,2,0,0,0,0,0,0,0,0,0,0,0,0,4165758,837587,27555,57354,290648,28,247,8,1021
35,2018,15,1,5.2,15,1,28,3,2,1,4,1,2,2,2,2008,2009,2,1,1,2,2,1,2,2,1,2,2,2,,2,2,2,2,2,1,2,2,,2,1,1,2,1,2,4,2,2,2,1,2,2,2,2,2,2,2,1,2,2,2,2,1,2,2,2,2,2,2,1,1,1,1,1,1,1,1,1,1,1,1,0,25,23,25,25,25,26,30,22,21,26,25,0,8,8,8,8,8,8,8,8,8,8,8,0,0,1,1,0,1,1,0,0,0,0,1,1,0,0,0,0,0,0,0,1,1,0,0,0,0,1,1,0,0,0,0,0,0,0,0,0,0,1,1,0,0,0,0,0,0,0,0,0,0,0,0,1310259,816744,11673,91957,402362,27,273,8,1022
35,2019,15,1,5.2,15,1,29,3,1,2,3,2,1,1,2,2008,2009,2,2,2,2,1,2,2,1,2,1,2,2,,1,2,2,2,1,1,2,2,,2,2,2,2,2,1,4,2,2,2,2,2,2,1,2,2,2,2,2,2,2,2,2,2,2,2,2,2,2,2,2,1,0,1,1,1,1,1,1,1,1,1,1,24,0,24,24,24,22,26,23,24,20,24,24,8,0,8,8,8,8,8,8,8,8,8,8,0,1,1,0,1,1,0,0,0,0,1,1,0,0,0,0,0,0,0,1,1,0,0,0,0,1,1,0,0,0,0,0,0,0,0,0,0,1,1,0,0,0,0,0,0,0,0,0,0,0,0,1524265,792684,10602,70225,349857,26,259,8,1022
35,2020,15,1,5.2,15,1,30,3,2,2,2,2,1,1,2,2008,2008,1,1,2,1,2,2,1,2,2,1,1,2,,2,1,2,2,2,2,2,1,,2,2,2,2,2,2,3,2,1,2,2,2,2,2,1,2,2,2,1,2,2,2,2,2,2,2,1,1,1,1,2,1,1,1,1,1,0,1,1,1,1,1,1,24,23,23,26,24,0,26,21,21,26,25,23,10,10,10,10,10,0,10,10,10,10,10,10,0,1,1,0,1,1,0,0,0,0,1,1,0,0,0,0,0,0,0,1,1,0,0,0,0,1,1,0,0,0,0,0,0,0,0,0,0,1,1,0,0,0,0,0,0,0,0,0,0,0,0,865879,713953,0,76848,261470,26,262,10,1022
35,2021,15,1,5.2,15,1,31,3,2,2,4,1,1,1,1,2008,2009,1,2,1,1,2,2,1,2,2,2,1,1,,2,2,2,1,2,2,2,1,,1,1,1,2,2,2,4,2,2,2,1,2,2,2,2,2,2,2,2,2,2,1,2,2,2,2,2,1,1,2,2,1,1,1,1,1,1,1,1,1,1,1,1,22,25,22,27,25,27,26,26,25,23,23,24,7,7,7,7,7,7,7,7,7,7,7,7,0,1,1,0,1,1,0,0,0,0,1,1,0,0,0,0,0,0,0,1,1,0,0,0,0,1,1,0,0,0,0,0,0,0,0,0,0,1,1,0,0,0,0,0,0,0,0,0,0,0,0,1213947,837455,0,101628,378527,25,295,7,1022
35,2022,15,1,5.2,15,1,32,3,2,1,3,2,1,1,1,2008,2008,2,2,2,1,2,1,2,1,2,1,2,2,,2,2,1,2,1,2,2,2,3,2,1,1,2,2,1,2,2,2,2,2,2,2,2,2,2,2,2,1,2,2,2,2,1,2,2,2,1,2,2,1,2,2,2,2,2,2,2,2,0,2,2,2,21,25,25,25,25,26,19,23,0,20,23,22,10,10,10,10,10,10,10,10,0,10,10,10,1,1,2,1,1,2,0,0,0,1,1,2,0,0,0,0,0,0,1,1,2,0,0,0,1,1,2,0,0,0,0,0,0,0,0,0,1,1,2,0,0,0,0,0,0,0,0,0,0,0,0,2761982,858941,0,100233,328659,26,254,10,1022
35,2018,11,1,5.3,11,1,25,6,2,1,2,2,1,2,1,2015,2015,2,2,1,2,1,1,2,2,1,1,2,2,,2,2,2,2,2,2,2,2,,2,1,2,2,2,2,4,2,2,2,2,2,2,2,2,2,2,2,2,2,2,2,2,2,2,2,2,1,2,1,2,1,1,1,1,1,1,1,1,1,1,1,1,26,27,25,28,26,24,24,29,26,24,24,26,8,8,8,8,8,8,8,8,8,8,8,8,1,0,1,1,0,1,0,0,0,1,0,1,0,0,0,0,0,0,1,0,1,0,0,0,1,0,1,0,0,0,0,0,0,0,0,0,1,0,1,0,0,0,0,0,0,0,0,0,0,0,0,1351022,1451620,0,203360,583793,24,309,8,1023
35,2019,11,1,5.3,11,1,26,6,2,2,5,2,2,2,2,2015,2016,1,2,1,1,2,2,1,2,2,2,2,1,3,2,1,1,2,2,1,2,1,,1,1,2,2,2,2,4,2,2,2,2,2,2,2,2,2,2,2,2,2,2,2,2,2,2,2,2,2,1,2,2,1,0,1,1,1,1,1,1,1,0,1,0,28,0,27,23,27,26,27,25,28,0,24,0,7,0,7,7,7,7,7,7,7,0,7,0,1,0,1,1,0,1,0,0,0,1,0,1,0,0,0,0,0,0,1,0,1,0,0,0,1,0,1,0,0,0,0,0,0,0,0,0,1,0,1,0,0,0,0,0,0,0,0,0,0,0,0,1438062,2071931,2214,244745,912830,25,235,7,1023
35,2020,11,1,5.3,11,1,27,6,1,2,5,1,1,2,2,2015,2015,2,2,2,1,2,2,2,2,2,2,2,2,,2,1,2,2,2,2,2,2,,1,1,2,2,1,2,4,2,2,2,2,2,2,2,2,2,1,2,2,2,2,1,2,2,1,2,1,2,2,1,2,1,1,0,1,1,1,1,1,1,1,1,1,26,20,0,26,27,21,27,25,23,25,26,28,9,9,0,9,9,9,9,9,9,9,9,9,1,0,1,1,0,1,0,0,0,1,0,1,0,0,0,0,0,0,1,0,1,0,0,0,1,0,1,0,0,0,0,0,0,0,0,0,1,0,1,0,0,0,0,0,0,0,0,0,0,0,0,1136743,1457969,0,149493,693105,23,274,9,1023
35,2021,11,1,5.3,11,1,28,6,1,2,1,2,2,2,1,2015,2016,2,2,2,1,1,2,1,2,2,1,2,2,3,2,2,2,2,1,2,2,2,,1,2,2,1,1,1,4,2,2,2,2,1,2,2,1,2,2,2,2,2,2,2,2,1,2,2,2,2,1,2,2,1,1,1,1,1,1,1,1,1,1,1,1,24,27,25,24,22,27,25,23,28,24,22,23,7,7,7,7,7,7,7,7,7,7,7,7,1,0,1,1,0,1,0,0,0,1,0,1,0,0,0,0,0,0,1,0,1,0,0,0,1,0,1,0,0,0,0,0,0,0,0,0,1,0,1,0,0,0,0,0,0,0,0,0,0,0,0,1443055,1802566,95981,328185,723793,24,294,7,1023
35,2022,11,1,5.3,11,1,29,6,2,2,4,2,2,1,1,2015,2015,2,2,1,2,1,1,2,2,2,2,1,2,3,2,1,2,2,1,2,1,2,,1,2,2,2,2,2,3,2,1,2,2,2,2,1,2,2,2,2,1,2,2,2,1,2,2,2,2,2,1,1,2,1,1,1,1,0,1,1,0,1,1,1,1,25,26,24,21,0,26,27,0,23,26,19,30,7,7,7,7,0,7,7,0,7,7,7,7,1,0,1,1,0,1,0,0,0,1,0,1,0,0,0,0,0,0,1,0,1,0,0,0,1,0,1,0,0,0,0,0,0,0,0,0,1,0,1,0,0,0,0,0,0,0,0,0,0,0,0,1343489,1534559,0,264634,762708,26,247,7,1023
12,2020,27,2,5.4,27,2,56,7,2,2,2,2,2,1,2,2018,2019,2,2,2,2,2,1,2,2,2,2,2,2,4,2,2,1,2,2,1,2,2,3,1,2,2,2,2,2,2,2,2,2,2,2,2,2,1,2,1,2,2,2,1,1,2,2,2,1,2,2,2,2,1,17,17,17,0,17,17,17,17,17,17,0,0,22,26,26,0,22,22,25,19,24,23,0,0,10,10,10,0,10,10,10,10,10,10,0,0,12,5,17,10,4,14,2,1,3,12,5,17,0,0,0,3,1,4,9,4,13,0,0,0,12,5,17,1,0,1,2,1,3,3,1,4,3,2,5,1,1,2,1,0,1,1,0,1,0,0,0,24443148,6555709,0,893567,2287513,22,209,10,1024
12,2021,27,2,5.4,27,2,57,7,2,1,2,2,2,2,1,2018,2019,2,1,2,2,1,2,2,2,2,2,2,1,,2,2,1,2,1,1,2,2,,2,2,1,2,2,2,1,2,2,2,2,2,2,2,2,2,2,2,2,2,2,2,2,2,2,2,2,1,1,2,2,18,0,18,18,18,18,18,18,18,18,0,18,25,0,25,26,22,26,23,25,25,23,0,23,9,0,9,9,9,9,9,9,9,9,0,9,12,6,18,10,5,15,2,1,3,12,6,18,0,0,0,3,2,5,9,4,13,0,0,0,12,6,18,1,0,1,2,1,3,3,2,5,3,2,5,1,1,2,1,0,1,1,0,1,0,0,0,22687741,8770413,199689,1195653,3339460,25,243,9,1024
12,2022,27,2,5.4,27,2,58,7,1,1,5,1,2,2,2,2018,2018,2,2,1,1,2,2,2,2,2,2,2,1,3,2,2,2,2,1,2,1,2,,1,1,2,2,1,2,1,2,2,1,1,2,2,2,2,2,1,2,2,2,2,2,2,2,2,2,2,1,1,1,2,17,17,17,17,17,17,17,17,17,17,17,17,23,26,26,23,25,26,26,26,23,25,26,26,6,6,6,6,6,6,6,6,6,6,6,6,12,5,17,10,4,14,2,1,3,12,5,17,0,0,0,3,1,4,9,4,13,0,0,0,12,5,17,1,0,1,2,1,3,3,1,4,3,2,5,1,1,2,1,0,1,1,0,1,0,0,0,27050525,9041427,180009,823732,4138692,28,301,6,1024
33,2022,13,2,5.5,13,2,34,4,2,2,3,1,1,2,1,2020,2021,2,1,2,2,2,2,1,1,2,1,1,2,,2,2,2,2,2,1,1,2,1,2,1,2,2,2,1,5,2,2,2,2,2,2,2,2,2,1,2,2,2,2,2,2,2,2,2,2,1,2,2,1,10,10,10,10,0,10,10,10,10,10,10,10,24,25,25,26,0,26,24,26,23,22,30,23,6,6,6,6,0,6,6,6,6,6,6,6,5,5,10,4,4,8,1,1,2,5,5,10,0,0,0,1,1,2,4,4,8,0,0,0,5,5,10,0,0,0,1,1,2,1,1,2,2,2,4,1,1,2,0,0,0,0,0,0,0,0,0,13316987,13544804,0,1007758,7013249,25,274,6,1025
32,2018,13,1,5.6,13,1,26,7,1,2,4,1,2,1,2,2007,2007,2,1,2,2,2,1,2,2,2,1,2,2,,2,2,2,2,1,1,2,1,3,1,2,2,2,2,2,4,2,2,2,1,2,2,2,2,2,2,2,1,2,2,2,1,2,2,1,2,1,2,2,1,1,1,1,1,0,1,1,1,1,1,0,1,24,24,25,20,0,24,21,21,23,21,0,27,8,8,8,8,0,8,8,8,8,8,0,8,1,0,1,1,0,1,0,0,0,1,0,1,0,0,0,0,0,0,1,0,1,0,0,0,1,0,1,0,0,0,0,0,0,0,0,0,1,0,1,0,0,0,0,0,0,0,0,0,0,0,0,1277108,2158628,0,457249,1098114,24,230,8,1026
32,2019,13,1,5.6,13,1,27,7,1,1,3,2,1,1,1,2007,2007,2,2,2,2,2,2,1,2,2,1,2,2,3,2,2,1,2,2,1,2,2,,1,2,2,2,1,1,5,2,2,2,2,2,2,2,2,2,2,2,2,2,2,1,2,2,2,2,2,2,1,2,2,1,1,1,1,1,1,1,1,1,1,1,1,26,24,25,24,26,24,22,25,26,24,23,25,8,8,8,8,8,8,8,8,8,8,8,8,1,0,1,1,0,1,0,0,0,1,0,1,0,0,0,0,0,0,1,0,1,0,0,0,1,0,1,0,0,0,0,0,0,0,0,0,1,0,1,0,0,0,0,0,0,0,0,0,0,0,0,1372792,1817895,0,292600,671746,23,294,8,1026
32,2020,13,1,5.6,13,1,28,7,1,2,2,1,1,1,2,2007,2007,1,2,1,1,1,1,1,2,2,2,2,2,3,1,2,2,2,2,2,2,2,,1,2,1,1,2,2,4,2,2,1,1,2,2,2,2,2,2,1,2,2,2,2,2,2,1,2,2,1,2,2,2,1,1,1,1,1,1,0,1,1,1,1,1,29,27,24,23,23,23,0,26,24,24,22,26,7,7,7,7,7,7,0,7,7,7,7,7,1,0,1,1,0,1,0,0,0,1,0,1,0,0,0,0,0,0,1,0,1,0,0,0,1,0,1,0,0,0,0,0,0,0,0,0,1,0,1,0,0,0,0,0,0,0,0,0,0,0,0,1478503,2102018,0,268872,719604,23,271,7,1026
32,2021,13,1,5.6,13,1,29,7,1,2,2,1,2,1,2,2007,2008,1,2,2,2,1,2,1,1,2,1,2,1,,2,2,2,2,2,1,2,2,,2,2,2,2,1,1,2,2,2,2,2,2,1,2,2,2,2,2,2,2,1,2,2,2,2,2,2,2,2,2,2,1,0,0,1,1,1,1,1,1,1,1,1,25,0,0,28,25,21,22,21,23,25,23,26,10,0,0,10,10,10,10,10,10,10,10,10,1,0,1,1,0,1,0,0,0,1,0,1,0,0,0,0,0,0,1,0,1,0,0,0,1,0,1,0,0,0,0,0,0,0,0,0,1,0,1,0,0,0,0,0,0,0,0,0,0,0,0,1185722,1609019,29465,156544,950559,25,239,10,1026
32,2022,13,1,5.6,13,1,30,7,2,2,1,1,2,1,2,2007,2007,2,1,2,2,2,1,2,2,2,2,1,2,,2,2,1,2,1,2,2,2,1,1,2,1,2,2,2,2,1,2,2,2,2,2,2,2,2,2,1,2,2,2,2,1,2,1,2,2,2,2,2,1,0,1,1,1,1,1,1,1,1,1,1,1,0,22,24,25,22,24,25,26,21,27,24,23,0,8,8,8,8,8,8,8,8,8,8,8,1,0,1,1,0,1,0,0,0,1,0,1,0,0,0,0,0,0,1,0,1,0,0,0,1,0,1,0,0,0,0,0,0,0,0,0,1,0,1,0,0,0,0,0,0,0,0,0,0,0,0,1014940,2021314,44889,248536,628516,23,263,8,1026
32,2018,19,2,5.7,19,1,35,3,1,1,5,2,2,2,1,2015,2015,2,2,2,1,1,2,2,1,1,2,2,2,,2,2,2,2,2,2,2,1,2,1,2,1,1,1,2,1,2,2,2,2,2,2,2,2,2,2,2,2,1,2,2,1,2,2,2,2,1,2,1,1,11,11,11,0,11,11,11,11,0,11,11,11,22,24,22,0,21,24,25,25,0,26,26,26,8,8,8,0,8,8,8,8,0,8,8,8,8,3,11,6,2,8,2,1,3,8,3,11,0,0,0,2,1,3,6,2,8,0,0,0,8,3,11,1,0,1,2,1,3,2,1,3,2,1,3,1,0,1,0,0,0,0,0,0,0,0,0,22095233,2537413,0,341355,1323494,22,241,8,1027
32,2019,19,2,5.7,19,1,36,3,1,2,1,2,1,2,2,2015,2015,1,2,2,1,1,1,2,2,2,2,2,2,,2,2,1,2,2,1,2,2,1,2,2,2,2,2,1,1,2,1,2,2,2,2,2,1,2,2,1,2,1,2,2,2,2,1,1,2,2,1,2,2,17,17,0,17,17,17,17,17,17,0,17,17,22,21,0,26,25,25,26,21,25,0,23,25,6,6,0,6,6,6,6,6,6,0,6,6,12,5,17,9,4,13,3,1,4,12,5,17,0,0,0,3,1,4,9,4,13,0,0,0,12,5,17,1,0,1,2,1,3,3,1,4,3,2,5,1,1,2,1,0,1,1,0,1,0,0,0,21043466,3121503,39138,353242,1757780,27,239,6,1027
32,2020,19,2,5.7,19,1,37,3,2,1,4,1,2,1,2,2015,2015,2,2,1,2,1,2,2,2,2,2,1,2,3,2,2,2,2,2,2,2,1,,2,2,2,2,1,1,4,2,2,2,1,2,2,2,2,2,2,2,2,2,2,2,2,2,1,2,2,2,2,2,2,17,17,17,0,17,0,0,17,17,17,0,0,29,25,28,0,21,0,0,26,25,23,0,0,5,5,5,0,5,0,0,5,5,5,0,0,12,5,17,9,4,13,3,1,4,12,5,17,0,0,0,3,1,4,9,4,13,0,0,0,12,5,17,1,0,1,2,1,3,3,1,4,3,2,5,1,1,2,1,0,1,1,0,1,0,0,0,19347998,2624272,51790,332149,864539,26,177,5,1027
32,2021,19,2,5.7,19,1,38,3,1,2,2,1,2,1,2,2015,2016,2,2,2,1,2,1,2,1,2,1,2,2,,2,2,2,2,2,2,2,2,3,2,1,2,2,2,2,1,2,2,2,2,1,2,2,1,2,1,2,2,2,2,2,2,2,2,2,2,2,2,1,1,17,17,17,0,17,0,17,17,17,17,17,0,24,26,21,0,21,0,21,28,24,23,26,0,8,8,8,0,8,0,8,8,8,8,8,0,12,5,17,9,4,13,3,1,4,12,5,17,0,0,0,3,1,4,9,4,13,0,0,0,12,5,17,1,0,1,2,1,3,3,1,4,3,2,5,1,1,2,1,0,1,1,0,1,0,0,0,21135085,2965720,80891,379163,1667602,26,214,8,1027
32,2022,19,2,5.7,19,1,39,3,2,1,5,1,2,1,2,2015,2015,2,1,1,1,2,2,2,2,2,2,2,1,3,1,2,2,2,2,2,2,2,,1,2,1,1,2,1,2,2,2,2,2,1,2,2,2,2,2,2,2,2,1,2,1,2,2,2,2,2,1,2,2,18,18,18,18,18,18,18,18,18,18,18,18,25,25,27,24,26,26,25,24,23,21,30,25,7,7,7,7,7,7,7,7,7,7,7,7,12,6,18,9,5,14,3,1,4,12,6,18,0,0,0,3,2,5,9,4,13,0,0,0,12,6,18,1,0,1,2,1,3,3,2,5,3,2,5,1,1,2,1,0,1,1,0,1,0,0,0,26018558,3008922,0,286470,1166711,25,301,7,1027
91,2021,11,2,5.8,11,1,45,6,1,2,4,2,2,1,2,2020,2021,2,2,2,2,2,2,2,2,2,1,1,2,,2,2,2,2,2,1,2,2,,1,1,1,2,1,2,3,2,2,2,2,2,1,2,2,2,1,2,1,2,1,1,2,2,2,2,2,1,2,1,2,13,13,13,13,13,13,13,13,13,13,13,13,24,24,27,24,24,28,21,23,25,26,23,24,5,5,5,5,5,5,5,5,5,5,5,5,8,5,13,6,4,10,2,1,3,8,5,13,0,0,0,2,1,3,6,4,10,0,0,0,8,5,13,1,0,1,2,1,3,2,1,3,2,2,4,1,1,2,0,0,0,0,0,0,0,0,0,19626883,1251973,10955,135204,548410,22,293,5,1028
35,2018,21,1,5.9,21,2,52,2,2,2,4,1,2,1,2,2011,2011,2,2,2,2,2,2,2,2,1,1,2,2,,2,1,2,2,2,2,2,2,,2,2,1,1,2,2,3,2,2,2,2,2,2,2,1,2,2,2,2,1,2,2,2,2,2,2,2,2,2,2,2,1,1,1,1,1,1,1,1,1,1,1,1,25,24,23,22,25,25,27,28,24,24,26,20,8,8,8,8,8,8,8,8,8,8,8,8,1,0,1,1,0,1,0,0,0,1,0,1,0,0,0,0,0,0,1,0,1,0,0,0,1,0,1,0,0,0,0,0,0,0,0,0,1,0,1,0,0,0,0,0,0,0,0,0,0,0,0,1567728,1347795,16709,192569,878863,23,293,8,1029
35,2019,21,1,5.9,21,2,53,2,2,2,2,2,1,2,1,2011,2012,1,2,1,1,1,2,2,2,2,2,1,2,,1,2,2,2,2,2,2,2,,2,2,2,2,2,2,1,2,2,2,2,2,2,2,2,2,2,2,2,2,2,2,2,2,2,2,2,1,2,1,2,0,1,1,1,1,0,1,0,1,1,1,1,0,21,23,25,26,0,22,0,24,24,25,24,0,6,6,6,6,0,6,0,6,6,6,6,1,0,1,1,0,1,0,0,0,1,0,1,0,0,0,0,0,0,1,0,1,0,0,0,1,0,1,0,0,0,0,0,0,0,0,0,1,0,1,0,0,0,0,0,0,0,0,0,0,0,0,1258986,1461931,19213,251377,703273,22,214,6,1029
35,2020,21,1,5.9,21,2,54,2,2,2,5,2,1,1,1,2011,2011,1,2,2,2,1,1,2,2,2,2,2,2,,2,2,2,2,1,1,1,2,,1,2,2,1,1,2,2,1,2,2,2,1,2,2,2,2,2,2,1,2,2,1,2,2,2,2,2,1,1,2,2,1,1,1,1,0,1,1,1,1,1,0,1,28,24,25,23,0,22,25,25,26,23,0,23,10,10,10,10,0,10,10,10,10,10,0,10,1,0,1,1,0,1,0,0,0,1,0,1,0,0,0,0,0,0,1,0,1,0,0,0,1,0,1,0,0,0,0,0,0,0,0,0,1,0,1,0,0,0,0,0,0,0,0,0,0,0,0,1597489,1614076,0,205024,756269,26,244,10,1029
31,2020,33,1,6.0,33,1,51,4,2,2,2,1,2,1,2,2010,2011,2,2,2,2,2,1,1,2,1,1,2,2,3,2,1,2,2,2,2,2,2,2,2,1,2,2,2,2,2,2,2,1,2,2,2,2,2,2,2,2,2,2,1,2,2,2,2,2,2,1,2,1,2,3,3,3,3,0,3,3,3,3,3,3,3,26,23,24,25,0,27,26,25,23,24,25,25,8,8,8,8,0,8,8,8,8,8,8,8,2,1,3,1,0,1,1,1,2,2,1,3,0,0,0,1,0,1,1,1,2,0,0,0,2,1,3,0,0,0,0,0,0,1,0,1,1,1,2,0,0,0,0,0,0,0,0,0,0,0,0,1491978,3277439,61182,465200,1474052,25,273,8,1030
31,2021,33,1,6.0,33,1,52,4,2,1,3,1,2,2,2,2010,2011,1,2,2,1,2,2,2,2,2,2,2,2,3,2,2,2,2,2,2,2,2,,2,2,1,2,2,2,4,2,2,2,2,2,2,2,2,2,2,2,2,2,2,1,2,2,2,2,2,1,1,1,2,3,3,3,0,3,3,0,3,3,3,3,0,22,24,26,0,22,23,0,23,25,24,26,0,9,9,9,0,9,9,0,9,9,9,9,0,2,1,3,1,0,1,1,1,2,2,1,3,0,0,0,1,0,1,1,1,2,0,0,0,2,1,3,0,0,0,0,0,0,1,0,1,1,1,2,0,0,0,0,0,0,0,0,0,0,0,0,1324257,2753180,0,305349,1597667,24,215,9,1030
31,2022,33,1,6.0,33,1,53,4,2,2,5,2,1,2,2,2010,2010,1,1,2,1,2,2,2,2,2,1,1,2,,2,1,1,2,2,2,2,2,,2,1,2,2,1,2,3,2,2,2,2,1,2,2,2,2,2,2,2,2,2,2,2,2,2,1,2,1,1,1,2,3,3,3,3,3,3,3,3,3,0,3,3,24,24,23,26,25,25,21,23,27,0,25,25,7,7,7,7,7,7,7,7,7,0,7,7,2,1,3,1,0,1,1,1,2,2,1,3,0,0,0,1,0,1,1,1,2,0,0,0,2,1,3,0,0,0,0,0,0,1,0,1,1,1,2,0,0,0,0,0,0,0,0,0,0,0,0,1329747,2774353,103592,205802,1205003,25,268,7,1030
31,2019,16,1,6.1,16,1,45,6,2,1,2,2,1,2,1,2008,2009,2,1,2,1,2,2,2,2,1,1,1,1,,2,2,2,2,2,2,2,2,,2,2,1,1,1,1,2,2,2,2,1,2,1,2,2,2,2,1,2,2,2,1,2,2,2,1,2,2,2,2,2,3,3,3,3,3,3,3,3,0,3,3,3,25,28,25,26,25,28,23,22,0,21,23,22,9,9,9,9,9,9,9,9,0,9,9,9,1,2,3,0,1,1,1,1,2,1,2,3,0,0,0,0,1,1,1,1,2,0,0,0,1,2,3,0,0,0,0,0,0,0,1,1,1,1,2,0,0,0,0,0,0,0,0,0,0,0,0,993664,4983980,0,149519,2004727,23,268,9,1031
31,2020,16,1,6.1,16,1,46,6,2,2,1,2,1,2,1,2008,2009,2,1,2,2,1,2,2,2,1,2,2,1,,2,2,2,2,2,2,2,2,3,1,1,2,2,2,1,3,2,2,2,2,1,2,2,2,2,1,2,2,1,2,2,2,2,2,2,2,1,1,1,2,3,3,3,3,3,3,3,3,3,3,3,3,21,25,24,24,25,26,25,26,24,25,24,24,8,8,8,8,8,8,8,8,8,8,8,8,1,2,3,0,1,1,1,1,2,1,2,3,0,0,0,0,1,1,1,1,2,0,0,0,1,2,3,0,0,0,0,0,0,0,1,1,1,1,2,0,0,0,0,0,0,0,0,0,0,0,0,989770,4089903,131407,301945,1172847,24,293,8,1031
31,2021,16,1,6.1,16,1,47,6,1,1,1,1,1,2,2,2008,2009,2,2,2,2,1,1,2,1,2,2,2,1,5,2,2,2,1,2,2,2,2,,1,2,2,2,1,2,5,1,2,2,2,2,2,2,2,2,2,2,2,2,2,2,2,2,2,2,2,1,1,2,2,0,4,0,0,4,4,4,4,4,4,4,4,0,26,0,0,21,27,27,27,28,23,26,26,0,8,0,0,8,8,8,8,8,8,8,8,2,2,4,1,1,2,1,1,2,2,2,4,0,0,0,1,1,2,1,1,2,0,0,0,2,2,4,0,0,0,0,0,0,1,1,2,1,1,2,0,0,0,0,0,0,0,0,0,0,0,0,2608482,5314010,37927,688697,3010828,25,231,8,1031
32,2018,29,2,6.2,29,2,27,7,2,2,3,2,1,1,2,2015,2015,2,1,2,1,2,1,2,2,2,1,2,2,5,2,2,2,2,2,2,1,2,3,2,1,2,2,2,1,5,2,2,2,2,2,2,2,2,2,2,2,2,2,2,2,2,2,2,2,1,2,1,1,1,19,19,19,19,19,19,19,19,19,19,19,0,25,23,23,25,26,24,23,24,29,21,21,0,8,8,8,8,8,8,8,8,8,8,8,0,13,6,19,11,5,16,2,1,3,13,6,19,0,0,0,3,2,5,9,4,13,1,0,1,13,6,19,1,0,1,2,1,3,3,2,5,3,2,5,2,1,3,1,0,1,1,0,1,0,0,0,24766168,2461271,38170,494170,1226343,27,264,8,1032
32,2019,29,2,6.2,29,2,28,7,1,2,2,1,2,1,2,2015,2016,2,2,1,2,1,2,1,2,2,2,1,2,,2,2,2,2,2,2,2,1,1,2,1,1,1,1,2,4,2,2,1,2,2,2,2,2,2,2,2,2,2,2,1,2,1,1,2,2,1,2,1,1,18,18,0,18,18,18,18,0,18,18,18,0,19,27,0,22,23,22,18,0,25,25,23,0,9,9,0,9,9,9,9,0,9,9,9,0,12,6,18,10,5,15,2,1,3,12,6,18,0,0,0,3,2,5,9,4,13,0,0,0,12,6,18,1,0,1,2,1,3,3,2,5,3,2,5,1,1,2,1,0,1,1,0,1,0,0,0,22654593,3213950,0,311333,1464447,26,204,9,1032
31,2018,12,1,6.3,12,1,34,6,2,2,5,1,2,1,1,2014,2014,2,1,1,2,2,1,2,2,2,1,2,1,4,2,2,2,2,2,2,2,2,3,1,1,2,1,2,2,3,2,2,2,2,1,2,2,2,2,2,2,1,2,2,2,2,1,1,2,2,1,2,2,1,0,2,2,2,2,2,2,2,2,2,2,0,0,24,24,24,28,25,26,24,25,28,24,0,0,8,8,8,8,8,8,8,8,8,8,0,2,0,2,1,0,1,1,0,1,2,0,2,0,0,0,1,0,1,1,0,1,0,0,0,2,0,2,0,0,0,0,0,0,1,0,1,1,0,1,0,0,0,0,0,0,0,0,0,0,0,0,936700,1297387,40623,135985,742380,26,252,8,1033
31,2019,12,1,6.3,12,1,35,6,2,2,5,1,2,1,2,2014,2014,2,1,2,2,1,2,2,1,1,2,1,2,,1,2,2,2,2,1,2,2,,2,1,2,1,2,2,1,2,2,2,2,2,2,2,2,2,1,2,2,2,2,2,2,2,2,2,2,1,2,2,2,0,2,2,2,2,2,2,2,2,2,2,2,0,24,24,21,22,22,21,25,27,24,22,25,0,8,8,8,8,8,8,8,8,8,8,8,2,0,2,1,0,1,1,0,1,2,0,2,0,0,0,1,0,1,1,0,1,0,0,0,2,0,2,0,0,0,0,0,0,1,0,1,1,0,1,0,0,0,0,0,0,0,0,0,0,0,0,985814,1548225,0,145036,692855,24,257,8,1033
31,2020,12,1,6.3,12,1,36,6,1,2,5,1,1,1,2,2014,2015,2,1,1,2,2,1,2,2,2,2,2,1,,2,1,2,2,2,2,2,2,,2,2,2,2,1,2,1,2,2,1,2,2,2,2,2,1,2,2,1,2,1,2,2,2,2,2,2,2,1,1,2,2,2,2,2,2,2,0,2,2,2,2,2,20,23,26,25,24,23,0,26,25,21,24,23,6,6,6,6,6,6,0,6,6,6,6,6,2,0,2,1,0,1,1,0,1,2,0,2,0,0,0,1,0,1,1,0,1,0,0,0,2,0,2,0,0,0,0,0,0,1,0,1,1,0,1,0,0,0,0,0,0,0,0,0,0,0,0,1193729,1453356,15610,159910,589778,27,260,6,1033
31,2021,12,1,6.3,12,1,37,6,1,2,4,2,1,1,1,2014,2015,2,2,1,1,2,2,2,2,2,1,2,2,,1,2,2,2,1,2,2,2,,1,1,2,1,2,2,1,2,2,2,1,2,2,2,2,2,2,2,2,1,2,2,2,1,2,1,2,1,1,2,2,3,3,3,3,3,3,3,3,3,3,3,3,23,26,24,24,20,26,24,24,24,25,24,22,9,9,9,9,9,9,9,9,9,9,9,9,3,0,3,2,0,2,1,0,1,3,0,3,0,0,0,1,0,1,2,0,2,0,0,0,3,0,3,0,0,0,1,0,1,1,0,1,1,0,1,0,0,0,0,0,0,0,0,0,0,0,0,2132893,2015499,46931,172145,964612,28,286,9,1033
91,2021,31,2,6.4,31,1,38,3,1,2,5,1,2,2,1,2009,2009,2,2,1,1,1,2,1,2,1,2,2,2,,1,2,2,2,2,2,2,1,,2,2,2,2,2,2,3,2,2,2,2,2,2,2,2,2,2,2,1,2,1,2,2,2,2,2,2,1,1,1,1,17,17,17,17,17,0,17,17,0,0,17,17,25,24,26,21,26,0,27,24,0,0,25,23,5,5,5,5,5,0,5,5,0,0,5,5,9,8,17,8,7,15,1,1,2,9,8,17,0,0,0,2,2,4,7,6,13,0,0,0,9,8,17,1,1,2,2,2,4,2,2,4,3,2,5,1,1,2,0,0,0,0,0,0,0,0,0,33829229,5880080,142909,620243,3015355,26,221,5,1034
91,2022,31,2,6.4,31,1,39,3,1,2,1,1,2,1,2,2009,2010,1,1,2,1,2,1,1,2,1,2,1,1,,2,2,1,2,2,1,2,2,2,1,2,2,1,1,2,5,2,2,2,2,2,2,2,2,2,2,2,1,2,2,1,2,1,2,2,2,2,2,1,1,15,15,15,15,15,15,0,15,15,0,15,15,25,22,29,25,23,27,0,26,25,0,24,24,9,9,9,9,9,9,0,9,9,0,9,9,8,7,15,7,6,13,1,1,2,8,7,15,0,0,0,2,2,4,6,5,11,0,0,0,8,7,15,1,1,2,2,1,3,2,2,4,2,2,4,1,1,2,0,0,0,0,0,0,0,0,0,24243800,7835843,100047,924565,3518959,25,250,9,1034
32,2018,13,2,6.5,13,2,52,2,2,2,4,2,1,1,2,2010,2011,2,2,2,2,1,2,2,2,1,1,2,2,4,2,2,1,2,1,2,2,2,,2,2,1,2,1,2,4,2,2,2,2,2,2,2,2,2,2,2,2,2,1,2,2,2,2,2,2,2,2,1,2,18,18,18,18,18,18,18,18,18,18,18,18,28,25,27,24,24,22,25,24,23,25,26,27,9,9,9,9,9,9,9,9,9,9,9,9,7,11,18,7,11,18,0,0,0,7,11,18,0,0,0,2,3,5,5,8,13,0,0,0,7,11,18,1,1,2,1,2,3,2,3,5,2,3,5,1,1,2,0,1,1,0,0,0,0,0,0,33019296,6160137,0,251104,2555252,29,300,9,1035
32,2019,13,2,6.5,13,2,53,2,1,1,4,1,1,1,2,2010,2010,2,2,1,2,2,1,2,1,1,2,1,2,,2,2,2,2,1,2,2,1,,1,2,2,1,2,2,5,2,2,2,2,2,2,2,2,2,2,2,1,2,2,2,2,2,2,1,2,2,2,1,1,19,19,19,19,19,19,19,19,19,19,19,0,25,24,20,24,24,26,27,28,21,25,24,0,10,10,10,10,10,10,10,10,10,10,10,0,8,11,19,8,11,19,0,0,0,8,11,19,0,0,0,2,3,5,6,8,14,0,0,0,8,11,19,1,1,2,2,2,4,2,3,5,2,3,5,1,1,2,0,1,1,0,0,0,0,0,0,33473522,7636831,0,1109684,3229278,25,268,10,1035
32,2020,13,2,6.5,13,2,54,2,2,1,4,1,2,1,1,2010,2011,2,2,2,1,2,2,2,1,2,1,1,1,,2,2,2,2,2,1,2,2,,1,2,2,2,2,2,1,2,2,2,2,2,2,2,2,1,2,2,2,1,2,2,2,2,2,2,2,2,2,2,2,15,15,0,15,15,15,15,15,15,15,0,15,26,24,0,26,24,26,25,25,24,25,0,25,6,6,0,6,6,6,6,6,6,6,0,6,6,9,15,6,9,15,0,0,0,6,9,15,0,0,0,2,2,4,4,7,11,0,0,0,6,9,15,0,1,1,1,2,3,2,2,4,2,3,5,1,1,2,0,0,0,0,0,0,0,0,0,27590614,4092061,0,290782,1497005,21,250,6,1035
32,2021,32,1,6.6,32,1,44,2,2,2,4,2,2,2,2,2017,2018,2,2,1,1,2,2,2,1,2,1,1,1,,2,1,2,2,2,2,1,2,,2,1,1,2,2,1,4,2,2,2,2,2,2,1,2,2,2,2,2,2,2,2,2,2,1,2,2,2,1,1,2,3,3,3,3,3,3,3,3,3,3,3,0,21,24,26,21,24,25,24,23,25,27,25,0,8,8,8,8,8,8,8,8,8,8,8,0,2,1,3,1,1,2,1,0,1,2,1,3,0,0,0,1,0,1,1,1,2,0,0,0,2,1,3,0,0,0,0,0,0,1,0,1,1,1,2,0,0,0,0,0,0,0,0,0,0,0,0,2526290,1864513,0,182505,905756,25,265,8,1036
32,2022,32,1,6.6,32,1,45,2,2,2,1,2,2,2,1,2017,2018,2,1,2,2,2,2,1,2,2,2,2,2,,2,2,1,2,2,2,2,2,,2,2,1,2,2,1,1,2,2,2,2,2,2,2,2,2,2,2,2,2,2,1,1,2,2,2,2,1,1,1,2,4,4,4,4,4,4,4,4,4,4,4,4,24,27,26,24,26,24,28,27,24,24,21,25,8,8,8,8,8,8,8,8,8,8,8,8,3,1,4,2,1,3,1,0,1,3,1,4,0,0,0,1,0,1,2,1,3,0,0,0,3,1,4,0,0,0,1,0,1,1,0,1,1,1,2,0,0,0,0,0,0,0,0,0,0,0,0,3780250,2220982,0,362266,1031289,26,300,8,1036
52,2022,31,2,6.7,31,2,34,7,1,2,2,1,2,1,1,2009,2010,1,2,2,2,1,2,2,2,2,1,1,1,,2,2,2,2,2,2,2,2,,2,2,2,2,2,1,3,1,1,1,2,2,2,2,2,2,2,2,2,2,2,1,2,2,2,2,2,2,1,2,1,13,13,13,13,13,13,13,13,13,13,13,13,23,24,20,24,28,24,21,22,23,26,23,27,11,11,11,11,11,11,11,11,11,11,11,11,5,8,13,5,7,12,0,1,1,5,8,13,0,0,0,1,2,3,4,6,10,0,0,0,5,8,13,0,1,1,1,2,3,1,2,3,2,2,4,1,1,2,0,0,0,0,0,0,0,0,0,28023899,9909078,0,1400065,5757094,29,285,11,1037
94,2018,11,1,6.8,11,2,28,7,1,2,3,1,2,1,1,2005,2006,1,2,1,1,1,1,2,1,2,2,2,1,,2,2,2,2,2,2,2,2,,2,2,2,2,1,2,3,2,2,2,2,1,2,2,2,2,2,2,2,2,2,2,2,2,2,2,2,1,2,2,2,4,4,4,4,4,4,0,4,0,0,4,4,25,23,26,24,24,25,0,24,0,0,27,23,9,9,9,9,9,9,0,9,0,0,9,9,2,2,4,1,1,2,1,1,2,2,2,4,0,0,0,1,1,2,1,1,2,0,0,0,2,2,4,0,0,0,0,0,0,1,1,2,1,1,2,0,0,0,0,0,0,0,0,0,0,0,0,2873806,906483,0,228166,487991,24,221,9,1038
94,2019,11,1,6.8,11,2,29,7,2,2,2,1,1,1,2,2005,2006,2,2,2,2,1,2,2,1,1,2,1,2,,2,1,2,2,2,2,2,2,,2,2,2,2,2,2,2,2,2,2,2,2,2,2,2,1,1,2,2,2,2,2,2,2,1,2,2,1,1,1,2,5,5,5,5,5,5,5,5,5,5,5,5,28,24,27,23,24,24,25,24,25,23,24,27,9,9,9,9,9,9,9,9,9,9,9,9,2,3,5,1,1,2,1,2,3,2,3,5,0,0,0,1,1,2,1,2,3,0,0,0,2,3,5,0,0,0,0,1,1,1,1,2,1,1,2,0,0,0,0,0,0,0,0,0,0,0,0,2520016,778211,3706,139869,370636,23,298,9,1038
94,2020,11,1,6.8,11,2,30,7,2,2,1,1,2,2,2,2005,2006,2,1,1,1,2,1,2,2,1,1,2,2,1,2,2,2,2,2,2,2,2,,2,2,2,1,2,2,2,2,2,2,2,2,2,2,2,2,2,2,2,2,2,2,2,2,1,2,2,1,2,2,1,5,5,5,5,5,5,5,5,5,5,5,5,25,19,25,25,25,25,22,27,22,26,26,26,6,6,6,6,6,6,6,6,6,6,6,6,2,3,5,1,1,2,1,2,3,2,3,5,0,0,0,1,1,2,1,2,3,0,0,0,2,3,5,0,0,0,0,1,1,1,1,2,1,1,2,0,0,0,0,0,0,0,0,0,0,0,0,3282817,960176,0,55610,328380,25,293,6,1038
94,2021,11,1,6.8,11,2,31,7,1,2,4,1,2,1,2,2005,2005,1,1,2,2,2,1,2,2,1,2,1,1,,2,2,2,2,2,2,2,1,,1,1,1,2,2,2,3,2,1,2,2,2,2,2,2,2,2,2,2,2,2,2,2,2,1,2,2,1,2,2,1,4,0,4,4,4,4,0,4,0,4,4,4,27,0,26,28,24,24,0,25,0,22,22,26,9,0,9,9,9,9,0,9,0,9,9,9,2,2,4,1,1,2,1,1,2,2,2,4,0,0,0,1,1,2,1,1,2,0,0,0,2,2,4,0,0,0,0,0,0,1,1,2,1,1,2,0,0,0,0,0,0,0,0,0,0,0,0,2714376,890913,0,87886,372967,23,224,9,1038
18,2018,23,2,6.9,23,1,38,8,2,2,1,2,1,2,2,2015,2015,1,1,2,2,1,1,2,1,2,2,2,2,,2,2,1,2,2,2,1,2,2,2,2,2,1,1,1,1,2,2,2,2,2,2,2,2,2,2,1,2,2,2,2,2,2,2,1,2,1,2,1,2,15,15,0,15,15,15,15,0,15,0,15,0,26,25,0,25,25,22,23,0,26,0,25,0,7,7,0,7,7,7,7,0,7,0,7,0,9,6,15,7,5,12,2,1,3,9,6,15,0,0,0,2,2,4,7,4,11,0,0,0,9,6,15,1,0,1,2,1,3,2,2,4,3,2,5,1,1,2,0,0,0,0,0,0,0,0,0,22041621,6747517,0,793989,2763507,22,197,7,1039
18,2019,23,2,6.9,23,1,39,8,1,1,5,2,1,2,2,2015,2016,2,1,1,1,2,2,2,2,2,2,2,2,,2,1,2,2,2,1,2,2,,1,2,2,2,2,2,5,2,2,2,2,1,2,2,2,1,2,2,2,2,2,2,2,2,2,1,2,1,2,1,1,16,16,16,16,16,16,16,16,16,16,16,0,22,24,23,26,26,23,24,21,23,24,25,0,7,7,7,7,7,7,7,7,7,7,7,0,9,7,16,7,5,12,2,2,4,9,7,16,0,0,0,2,2,4,7,5,12,0,0,0,9,7,16,1,1,2,2,1,3,2,2,4,3,2,5,1,1,2,0,0,0,0,0,0,0,0,0,16659150,7071366,185194,1020564,2773630,27,261,7,1039
18,2020,23,2,6.9,23,1,40,8,1,2,3,2,1,1,2,2015,2015,2,2,2,2,2,1,2,2,1,2,2,2,1,1,2,2,2,2,2,2,2,3,2,2,1,2,1,2,5,2,2,2,2,2,2,2,2,2,1,2,2,2,2,2,2,2,2,2,1,2,1,1,2,15,15,15,15,15,15,15,0,15,15,15,15,22,25,23,27,23,25,23,0,24,24,26,26,9,9,9,9,9,9,9,0,9,9,9,9,9,6,15,7,5,12,2,1,3,9,6,15,0,0,0,2,2,4,7,4,11,0,0,0,9,6,15,1,0,1,2,1,3,2,2,4,3,2,5,1,1,2,0,0,0,0,0,0,0,0,0,19390948,6593559,0,493428,3304428,22,268,9,1039
18,2021,23,2,6.9,23,1,41,8,2,1,3,1,1,1,1,2015,2015,2,1,2,2,2,1,1,2,2,1,2,2,,2,2,2,2,2,2,2,2,2,2,1,1,2,2,1,4,2,2,2,2,2,2,2,1,2,2,2,2,2,2,2,1,1,2,2,2,1,2,2,1,13,0,13,13,13,13,13,13,0,13,13,13,23,0,23,26,24,26,24,23,0,25,28,23,6,0,6,6,6,6,6,6,0,6,6,6,7,6,13,5,5,10,2,1,3,7,6,13,0,0,0,2,2,4,5,4,9,0,0,0,7,6,13,1,0,1,1,1,2,2,2,4,2,2,4,1,1,2,0,0,0,0,0,0,0,0,0,20135333,5985410,0,749595,2484190,23,245,6,1039
18,2022,23,2,6.9,23,1,42,8,2,2,2,2,1,2,1,2015,2015,2,2,1,1,2,2,2,1,2,2,1,1,,2,2,2,2,2,2,1,2,,2,2,2,2,1,1,2,2,2,2,2,2,2,1,2,2,2,2,2,2,2,1,2,2,2,2,2,2,2,1,1,14,0,0,14,14,14,14,14,14,0,14,14,25,0,0,24,27,26,24,24,25,0,27,25,7,0,0,7,7,7,7,7,7,0,7,7,8,6,14,6,5,11,2,1,3,8,6,14,0,0,0,2,2,4,6,4,10,0,0,0,8,6,14,1,0,1,2,1,3,2,2,4,2,2,4,1,1,2,0,0,0,0,0,0,0,0,0,21982979,7724212,0,805403,2829638,25,227,7,1039
14,2021,25,1,7.0,25,1,47,3,1,2,5,2,1,1,1,2011,2011,1,2,1,2,2,2,2,1,2,1,1,2,,2,2,1,2,2,2,1,2,,1,1,1,2,2,1,3,2,2,2,2,2,2,2,2,2,2,2,1,2,2,2,2,2,2,1,2,1,1,1,1,1,0,1,1,1,1,1,1,1,0,1,1,25,0,22,24,22,24,22,25,27,0,19,25,7,0,7,7,7,7,7,7,7,0,7,7,1,0,1,1,0,1,0,0,0,1,0,1,0,0,0,0,0,0,1,0,1,0,0,0,1,0,1,0,0,0,0,0,0,0,0,0,1,0,1,0,0,0,0,0,0,0,0,0,0,0,0,1380132,2046072,25773,108833,1018129,27,235,7,1040
14,2022,25,1,7.0,25,1,48,3,2,2,3,1,1,1,1,2011,2012,2,2,1,2,2,2,2,2,1,2,1,2,5,2,1,2,2,2,2,2,2,,2,2,2,2,2,2,5,2,1,1,2,2,2,2,2,2,2,2,2,1,2,2,2,1,2,2,1,2,1,1,2,1,1,1,1,0,1,1,1,1,1,1,0,23,26,24,22,0,21,22,24,24,22,25,0,8,8,8,8,0,8,8,8,8,8,8,0,1,0,1,1,0,1,0,0,0,1,0,1,0,0,0,0,0,0,1,0,1,0,0,0,1,0,1,0,0,0,0,0,0,0,0,0,1,0,1,0,0,0,0,0,0,0,0,0,0,0,0,1326320,1866586,53182,170177,754795,23,233,8,1040
33,2018,25,2,7.1,25,1,48,5,1,1,3,1,1,1,1,2005,2005,2,2,1,2,2,1,2,2,2,2,2,2,,2,2,2,2,2,2,2,1,,2,1,1,2,1,1,4,2,2,2,2,1,1,2,2,2,2,2,2,2,2,2,2,2,2,1,2,2,1,2,1,14,14,14,14,14,14,0,14,14,0,14,14,27,27,24,26,23,28,0,23,26,0,24,23,9,9,9,9,9,9,0,9,9,0,9,9,8,6,14,7,5,12,1,1,2,8,6,14,0,0,0,2,2,4,6,4,10,0,0,0,8,6,14,1,0,1,2,1,3,2,2,4,2,2,4,1,1,2,0,0,0,0,0,0,0,0,0,22026039,5517486,0,878576,2690267,22,251,9,1041
33,2019,25,2,7.1,25,1,49,5,2,2,3,1,1,2,1,2005,2005,2,1,2,1,2,1,2,2,2,1,2,2,5,2,2,2,2,2,2,2,2,,2,2,2,2,2,2,5,2,1,2,2,2,2,2,2,2,2,2,2,1,2,2,2,2,2,2,2,1,1,1,2,15,0,15,15,0,0,15,0,15,15,15,15,24,0,24,23,0,0,22,0,26,27,25,27,9,0,9,9,0,0,9,0,9,9,9,9,8,7,15,7,6,13,1,1,2,8,7,15,0,0,0,2,2,4,6,5,11,0,0,0,8,7,15,1,1,2,2,1,3,2,2,4,2,2,4,1,1,2,0,0,0,0,0,0,0,0,0,30440318,5656282,0,587324,2887873,23,198,9,1041
33,2020,25,2,7.1,25,1,50,5,2,2,3,2,2,2,2,2005,2005,1,2,1,2,2,2,1,1,1,2,2,2,3,2,2,1,2,1,2,2,2,,2,2,1,1,1,2,1,2,2,2,2,2,2,2,2,2,2,2,2,2,2,2,2,2,2,2,2,2,1,2,2,0,15,15,15,15,15,15,15,15,15,15,15,0,25,22,24,23,26,25,23,29,21,22,25,0,9,9,9,9,9,9,9,9,9,9,9,8,7,15,7,6,13,1,1,2,8,7,15,0,0,0,2,2,4,6,5,11,0,0,0,8,7,15,1,1,2,2,1,3,2,2,4,2,2,4,1,1,2,0,0,0,0,0,0,0,0,0,30471140,5020112,44808,734298,2491386,25,265,9,1041
33,2021,25,2,7.1,25,1,51,5,2,1,1,2,1,2,1,2005,2006,2,2,2,2,2,1,1,1,1,1,2,2,3,2,1,2,2,1,2,2,2,,1,2,2,2,1,2,5,2,2,1,2,2,2,2,2,2,2,2,2,2,2,2,2,2,2,2,2,2,2,2,2,18,18,18,0,18,18,18,0,18,0,18,18,28,25,26,0,24,25,29,0,21,0,24,28,6,6,6,0,6,6,6,0,6,0,6,6,10,8,18,9,7,16,1,1,2,10,8,18,0,0,0,3,2,5,7,6,13,0,0,0,10,8,18,1,1,2,2,2,4,2,2,4,3,2,5,1,1,2,1,0,1,0,0,0,0,0,0,27324298,5641407,0,670465,2603283,25,230,6,1041
33,2022,25,2,7.1,25,1,52,5,1,2,4,2,2,1,1,2005,2006,2,2,1,1,2,1,2,2,1,1,2,2,1,2,2,2,2,2,2,2,2,,1,2,1,2,2,1,1,2,2,1,2,2,2,2,2,1,2,2,2,1,1,2,2,1,2,1,2,1,1,1,1,19,19,19,19,19,19,19,19,19,19,19,19,28,24,24,23,27,25,23,28,21,25,25,23,6,6,6,6,6,6,6,6,6,6,6,6,10,9,19,9,8,17,1,1,2,10,9,19,0,0,0,3,2,5,7,7,14,0,0,0,10,9,19,1,1,2,2,2,4,2,2,4,3,3,6,1,1,2,1,0,1,0,0,0,0,0,0,32198872,7286760,0,440583,3711176,27,296,6,1041
35,2019,33,1,7.2,33,1,57,7,2,1,2,2,1,2,1,2007,2007,2,1,2,2,2,2,2,2,2,1,1,1,4,1,1,1,2,1,2,2,2,,2,2,1,1,2,2,4,2,2,2,2,2,2,2,2,2,2,2,2,2,1,2,1,2,2,2,2,2,1,1,2,1,1,0,1,1,0,1,1,1,1,0,1,27,27,0,22,25,0,25,26,25,21,0,24,9,9,0,9,9,0,9,9,9,9,0,9,1,0,1,0,0,0,1,0,1,1,0,1,0,0,0,0,0,0,1,0,1,0,0,0,1,0,1,0,0,0,0,0,0,0,0,0,1,0,1,0,0,0,0,0,0,0,0,0,0,0,0,0,2657680,110158,432959,1523818,24,222,9,1042
35,2020,33,1,7.2,33,1,58,7,2,2,4,1,1,2,1,2007,2008,1,2,2,2,2,2,1,1,2,1,2,2,,2,2,2,2,2,1,2,2,,1,1,2,2,2,1,2,2,2,2,2,2,2,2,2,2,2,2,2,2,2,2,2,1,2,2,1,2,1,2,1,1,1,1,1,0,1,0,0,1,1,1,1,21,24,29,20,0,27,0,0,29,26,25,25,6,6,6,6,0,6,0,0,6,6,6,6,1,0,1,0,0,0,1,0,1,1,0,1,0,0,0,0,0,0,1,0,1,0,0,0,1,0,1,0,0,0,0,0,0,0,0,0,1,0,1,0,0,0,0,0,0,0,0,0,0,0,0,0,2680465,0,307229,1305628,26,226,6,1042
35,2021,33,1,7.2,33,1,59,7,2,1,4,2,2,2,2,2007,2008,2,1,2,2,2,1,2,2,2,2,2,1,,2,2,1,2,2,1,2,2,,2,2,2,1,1,1,4,1,2,2,1,2,2,2,1,2,2,2,2,1,2,2,2,2,2,2,1,2,2,2,1,1,1,1,1,1,1,1,1,1,1,1,1,24,23,22,25,25,26,23,25,24,22,25,25,9,9,9,9,9,9,9,9,9,9,9,9,1,0,1,0,0,0,1,0,1,1,0,1,0,0,0,0,0,0,1,0,1,0,0,0,1,0,1,0,0,0,0,0,0,0,0,0,1,0,1,0,0,0,0,0,0,0,0,0,0,0,0,0,3197121,79834,322061,1591764,24,289,9,1042
35,2022,33,1,7.2,33,1,60,7,2,2,2,2,1,1,2,2007,2008,2,2,2,2,2,2,2,1,2,2,1,2,,1,2,2,2,2,2,2,2,,1,2,2,2,2,1,4,2,2,2,1,1,1,2,2,2,2,2,2,2,2,1,2,2,2,2,2,2,2,2,1,1,1,1,1,1,1,1,1,1,1,1,1,23,25,23,22,22,23,23,25,23,25,22,23,6,6,6,6,6,6,6,6,6,6,6,6,1,0,1,0,0,0,1,0,1,1,0,1,0,0,0,0,0,0,1,0,1,0,0,0,1,0,1,0,0,0,0,0,0,0,0,0,1,0,1,0,0,0,0,0,0,0,0,0,0,0,0,0,3211002,0,491198,1346416,25,279,6,1042
31,2021,16,1,7.3,16,2,49,4,1,2,3,1,2,1,1,2014,2015,2,2,2,2,2,2,1,1,1,1,2,2,5,1,1,2,1,1,2,2,1,,2,1,1,1,2,2,2,2,2,2,2,2,2,2,2,2,2,2,2,2,2,2,2,2,2,2,2,2,2,1,2,4,4,4,4,4,4,4,4,4,4,4,4,24,24,24,23,23,22,23,27,29,27,22,25,9,9,9,9,9,9,9,9,9,9,9,9,2,2,4,1,1,2,1,1,2,2,2,4,0,0,0,1,1,2,1,1,2,0,0,0,2,2,4,0,0,0,0,0,0,1,1,2,1,1,2,0,0,0,0,0,0,0,0,0,0,0,0,1921772,2475909,0,418057,1364406,25,293,9,1043
31,2022,16,1,7.3,16,2,50,4,2,2,3,1,1,1,1,2014,2015,2,1,2,1,2,2,2,2,2,2,2,2,,2,2,1,2,2,2,2,2,2,1,2,2,2,1,2,3,2,2,2,2,2,2,2,2,1,2,2,2,2,2,1,2,2,2,2,2,2,2,2,2,4,4,4,4,4,4,4,4,4,0,4,4,27,25,23,18,24,26,30,26,22,0,30,25,8,8,8,8,8,8,8,8,8,0,8,8,2,2,4,1,1,2,1,1,2,2,2,4,0,0,0,1,1,2,1,1,2,0,0,0,2,2,4,0,0,0,0,0,0,1,1,2,1,1,2,0,0,0,0,0,0,0,0,0,0,0,0,2506279,2600001,55398,126731,1141033,26,276,8,1043
64,2018,13,1,7.4,13,2,30,2,2,2,1,1,2,2,2,2015,2015,1,1,1,2,1,1,1,2,2,2,2,2,,2,1,2,2,2,2,2,2,2,1,2,2,2,1,2,3,2,2,2,2,2,2,2,2,2,2,2,1,1,2,2,2,2,1,1,2,2,2,1,1,3,3,3,3,3,3,3,3,3,3,3,3,26,20,24,25,24,25,27,21,24,25,23,27,7,7,7,7,7,7,7,7,7,7,7,7,1,2,3,1,1,2,0,1,1,1,2,3,0,0,0,0,1,1,1,1,2,0,0,0,1,2,3,0,0,0,0,0,0,0,1,1,1,1,2,0,0,0,0,0,0,0,0,0,0,0,0,2915639,1962055,0,367419,1146622,19,291,7,1044
64,2019,13,1,7.4,13,2,31,2,1,2,1,2,1,1,1,2015,2015,2,2,2,1,2,1,2,2,2,2,2,1,,2,2,2,2,2,2,2,2,,2,2,2,1,1,2,4,2,2,1,2,2,2,2,2,2,2,2,2,2,2,2,2,2,2,2,2,2,1,2,2,3,3,3,3,3,0,3,3,0,3,3,0,27,25,25,26,25,0,21,23,0,24,23,0,8,8,8,8,8,0,8,8,0,8,8,0,1,2,3,1,1,2,0,1,1,1,2,3,0,0,0,0,1,1,1,1,2,0,0,0,1,2,3,0,0,0,0,0,0,0,1,1,1,1,2,0,0,0,0,0,0,0,0,0,0,0,0,2880658,2580246,46600,406679,1266185,25,219,8,1044
64,2020,13,1,7.4,13,2,32,2,1,2,4,1,1,1,1,2015,2015,2,2,2,1,1,2,2,2,2,2,2,2,,2,2,2,2,2,2,2,2,,1,1,2,2,2,2,5,2,1,2,2,1,2,2,2,1,2,2,2,2,2,2,2,2,2,2,2,2,1,1,2,0,0,4,0,4,4,0,4,0,4,4,4,0,0,25,0,25,28,0,25,0,22,20,25,0,0,8,0,8,8,0,8,0,8,8,8,1,3,4,1,2,3,0,1,1,1,3,4,0,0,0,0,1,1,1,2,3,0,0,0,1,3,4,0,0,0,0,1,1,0,1,1,1,1,2,0,0,0,0,0,0,0,0,0,0,0,0,3752026,2467918,0,341629,1140551,23,170,8,1044
64,2021,13,1,7.4,13,2,33,2,2,2,1,2,1,1,2,2015,2016,2,2,1,1,2,2,2,2,2,2,2,1,,2,2,2,2,1,2,1,2,,2,2,1,2,1,1,4,2,2,1,2,2,2,1,2,2,2,2,2,2,2,2,2,1,2,2,2,1,1,1,2,4,4,0,4,4,4,4,4,4,4,4,4,23,23,0,26,25,25,25,26,24,26,24,23,10,10,0,10,10,10,10,10,10,10,10,10,1,3,4,1,2,3,0,1,1,1,3,4,0,0,0,0,1,1,1,2,3,0,0,0,1,3,4,0,0,0,0,1,1,0,1,1,1,1,2,0,0,0,0,0,0,0,0,0,0,0,0,3436778,3365808,0,392568,1744403,26,270,10,1044
64,2022,13,1,7.4,13,2,34,2,1,2,4,2,2,1,1,2015,2016,2,2,1,2,2,1,1,2,1,2,2,1,1,2,2,2,2,2,2,2,2,,2,2,1,2,2,1,4,2,2,2,2,2,2,2,2,2,2,2,2,2,2,2,2,2,2,2,2,2,2,1,1,4,4,4,4,0,4,4,4,4,4,4,4,26,24,26,22,0,24,24,24,24,25,23,23,7,7,7,7,0,7,7,7,7,7,7,7,1,3,4,1,2,3,0,1,1,1,3,4,0,0,0,0,1,1,1,2,3,0,0,0,1,3,4,0,0,0,0,1,1,0,1,1,1,1,2,0,0,0,0,0,0,0,0,0,0,0,0,4660252,3540406,56410,457770,1578801,25,265,7,1044
36,2022,13,2,7.5,13,2,52,8,1,1,4,2,1,1,1,2022,2023,2,1,1,1,2,1,1,2,2,2,2,1,3,2,2,2,2,2,2,2,2,2,2,2,2,2,2,2,4,1,2,2,1,2,2,2,2,2,2,2,2,2,2,1,2,1,2,2,2,2,2,2,2,5,0,5,5,5,5,5,5,5,0,5,5,24,0,28,26,26,24,25,26,25,0,26,26,7,0,7,7,7,7,7,7,7,0,7,7,2,3,5,2,3,5,0,0,0,2,3,5,0,0,0,1,1,2,1,2,3,0,0,0,2,3,5,0,0,0,0,1,1,1,1,2,1,1,2,0,0,0,0,0,0,0,0,0,0,0,0,10308880,18116139,0,4067919,10562055,27,256,7,1045
32,2020,18,2,7.6,18,1,51,3,2,2,1,1,2,1,2,2017,2018,2,2,1,1,2,2,1,2,2,1,2,1,,2,2,1,2,2,2,2,2,,2,2,1,2,2,2,3,2,2,2,1,2,2,2,2,1,1,1,2,2,2,2,1,2,2,2,2,2,2,1,2,12,12,12,12,12,12,12,12,12,12,12,12,27,22,25,22,28,26,23,24,23,29,21,27,7,7,7,7,7,7,7,7,7,7,7,7,9,3,12,9,3,12,0,0,0,9,3,12,0,0,0,2,1,3,7,2,9,0,0,0,9,3,12,1,0,1,2,1,3,2,1,3,3,1,4,1,0,1,0,0,0,0,0,0,0,0,0,19023125,2956601,16552,446765,1582490,27,297,7,1046
13,2022,10,1,7.7,10,1,25,5,1,2,2,1,1,2,1,2022,2023,2,1,1,1,2,1,2,2,2,2,2,2,,2,2,2,2,2,2,2,1,2,1,1,2,1,2,2,3,1,2,2,2,2,1,2,2,2,2,2,2,2,2,2,1,2,1,2,2,2,1,2,2,0,4,4,0,4,4,4,4,4,4,0,4,0,24,22,0,23,26,24,27,27,24,0,24,0,6,6,0,6,6,6,6,6,6,0,6,3,1,4,2,1,3,1,0,1,3,1,4,0,0,0,1,0,1,2,1,3,0,0,0,3,1,4,0,0,0,1,0,1,1,0,1,1,1,2,0,0,0,0,0,0,0,0,0,0,0,0,3918520,2021722,0,300263,759681,22,221,6,1047
35,2018,26,1,7.8,26,1,38,4,1,2,2,1,2,1,2,2017,2017,2,2,1,1,2,2,1,2,2,2,2,1,,2,2,1,2,2,2,1,2,,1,1,2,2,2,1,5,2,2,2,2,2,2,2,1,2,2,2,1,2,2,2,2,2,2,1,2,2,2,2,1,2,2,2,2,2,2,2,2,2,2,2,2,27,27,24,24,25,27,25,26,21,23,24,24,7,7,7,7,7,7,7,7,7,7,7,7,2,0,2,1,0,1,1,0,1,2,0,2,0,0,0,1,0,1,1,0,1,0,0,0,2,0,2,0,0,0,0,0,0,1,0,1,1,0,1,0,0,0,0,0,0,0,0,0,0,0,0,1114056,1367429,0,200434,611773,22,297,7,1048
35,2019,26,1,7.8,26,1,39,4,1,1,4,1,1,2,1,2017,2018,2,1,2,2,1,2,2,1,2,2,2,2,5,2,2,2,2,1,2,2,2,1,2,1,2,1,1,2,2,2,2,2,2,2,2,2,2,2,2,2,2,2,2,2,2,2,2,2,1,1,2,1,2,0,0,2,2,2,2,2,2,2,2,2,2,0,0,26,26,25,23,21,26,26,25,24,24,0,0,8,8,8,8,8,8,8,8,8,8,2,0,2,1,0,1,1,0,1,2,0,2,0,0,0,1,0,1,1,0,1,0,0,0,2,0,2,0,0,0,0,0,0,1,0,1,1,0,1,0,0,0,0,0,0,0,0,0,0,0,0,1430710,1299937,20642,147690,823933,27,246,8,1048
35,2020,26,1,7.8,26,1,40,4,2,2,4,2,1,2,2,2017,2017,2,2,1,1,1,1,2,1,1,2,2,1,,2,2,1,2,2,1,2,2,,1,1,1,2,2,2,5,2,2,2,2,2,2,2,2,2,2,2,1,2,1,2,2,2,2,2,2,1,2,2,2,2,2,2,2,2,2,0,2,2,2,2,2,27,24,28,26,23,25,0,25,22,27,26,27,9,9,9,9,9,9,0,9,9,9,9,9,2,0,2,1,0,1,1,0,1,2,0,2,0,0,0,1,0,1,1,0,1,0,0,0,2,0,2,0,0,0,0,0,0,1,0,1,1,0,1,0,0,0,0,0,0,0,0,0,0,0,0,1325156,1373841,0,185593,573324,25,280,9,1048
35,2021,26,1,7.8,26,1,41,4,1,1,5,1,1,2,2,2017,2018,2,2,1,2,2,2,2,2,2,2,2,2,,2,2,1,2,1,2,2,2,1,1,2,2,1,2,2,5,2,2,2,2,2,2,2,2,2,2,2,1,2,2,2,2,2,2,2,2,1,1,1,2,0,2,2,2,2,2,0,2,2,2,2,2,0,28,25,22,23,21,0,25,28,22,24,26,0,8,8,8,8,8,0,8,8,8,8,8,2,0,2,1,0,1,1,0,1,2,0,2,0,0,0,1,0,1,1,0,1,0,0,0,2,0,2,0,0,0,0,0,0,1,0,1,1,0,1,0,0,0,0,0,0,0,0,0,0,0,0,1272525,1710087,44050,142574,770257,25,244,8,1048
21,2020,25,1,7.9,25,2,33,4,2,2,2,1,1,1,2,2009,2009,2,2,1,2,1,2,1,2,2,2,1,2,,2,2,2,2,2,2,1,2,,2,1,2,2,2,1,4,2,2,2,2,2,2,2,2,2,2,1,2,2,1,2,2,2,2,2,2,2,1,2,1,2,2,2,2,0,2,2,2,2,2,2,2,24,23,26,22,0,24,27,24,22,23,25,23,11,11,11,11,0,11,11,11,11,11,11,11,1,1,2,1,1,2,0,0,0,1,1,2,0,0,0,0,0,0,1,1,2,0,0,0,1,1,2,0,0,0,0,0,0,0,0,0,1,1,2,0,0,0,0,0,0,0,0,0,0,0,0,2857597,2623677,23855,145176,1126526,24,263,11,1049
21,2021,25,1,7.9,25,2,34,4,2,2,4,1,1,2,1,2009,2009,2,2,2,2,2,2,2,2,1,2,2,1,5,2,2,2,2,2,2,2,2,2,1,2,2,1,2,2,4,2,2,2,2,1,2,2,2,2,2,2,2,1,2,2,2,2,2,2,2,1,2,1,1,2,2,0,2,0,2,2,0,0,2,0,2,24,18,0,23,0,23,24,0,0,23,0,23,7,7,0,7,0,7,7,0,0,7,0,7,1,1,2,1,1,2,0,0,0,1,1,2,0,0,0,0,0,0,1,1,2,0,0,0,1,1,2,0,0,0,0,0,0,0,0,0,1,1,2,0,0,0,0,0,0,0,0,0,0,0,0,2734972,2669704,74887,275198,1287361,25,158,7,1049
21,2022,25,1,7.9,25,2,35,4,1,2,3,2,1,2,1,2009,2009,2,2,1,2,1,2,2,2,2,1,2,2,2,2,2,2,2,2,2,2,2,,2,2,2,1,1,2,5,2,2,2,2,2,2,2,2,2,2,2,2,2,2,2,2,2,1,2,2,2,2,1,2,2,2,0,2,2,0,2,2,2,2,2,2,24,26,0,26,26,0,26,25,27,24,28,27,5,5,0,5,5,0,5,5,5,5,5,5,1,1,2,1,1,2,0,0,0,1,1,2,0,0,0,0,0,0,1,1,2,0,0,0,1,1,2,0,0,0,0,0,0,0,0,0,1,1,2,0,0,0,0,0,0,0,0,0,0,0,0,2488857,2831542,37430,314503,1100447,22,259,5,1049
52,2022,11,2,1.0,11,1,46,6,1,2,2,1,1,2,2,2014,2014,2,1,1,1,1,1,2,2,2,2,2,1,,2,1,2,2,2,2,2,2,2,2,1,2,2,1,1,4,2,2,2,1,1,2,2,2,2,2,2,1,2,2,2,1,1,1,2,2,1,1,1,2,9,9,9,9,0,9,9,9,9,9,9,9,25,20,26,20,0,23,25,26,23,24,23,27,7,7,7,7,0,7,7,7,7,7,7,7,6,3,9,5,2,7,1,1,2,6,3,9,0,0,0,2,1,3,4,2,6,0,0,0,6,3,9,0,0,0,1,1,2,2,1,3,2,1,3,1,0,1,0,0,0,0,0,0,0,0,0,15576370,5732506,24980,171975,1879396,26,262,7,1050
32,2019,23,2,1.1,23,2,27,5,1,2,3,1,1,2,2,2012,2012,2,1,2,1,2,2,2,1,2,2,2,1,,2,2,2,2,1,2,2,2,,1,2,2,2,2,2,3,1,2,2,2,2,2,2,2,1,2,2,2,2,2,2,1,2,2,2,2,2,1,2,1,19,19,19,19,19,19,19,19,19,19,19,0,27,26,30,24,24,25,27,24,24,27,24,0,7,7,7,7,7,7,7,7,7,7,7,0,10,9,19,10,9,19,0,0,0,10,9,19,0,0,0,3,2,5,7,7,14,0,0,0,10,9,19,1,1,2,2,2,4,2,2,4,3,3,6,1,1,2,1,0,1,0,0,0,0,0,0,35291762,2903890,75708,176851,1348385,23,282,7,1051
32,2020,23,2,1.1,23,2,28,5,1,2,4,1,2,1,2,2012,2012,2,1,1,2,1,1,2,2,1,2,1,2,,1,2,1,2,2,2,2,2,,1,1,1,2,1,1,1,2,2,2,2,1,1,2,2,1,2,2,2,2,1,1,2,1,1,1,2,2,1,2,2,15,15,0,15,15,15,15,15,0,0,15,15,23,24,0,25,25,24,26,25,0,0,27,26,5,5,0,5,5,5,5,5,0,0,5,5,8,7,15,8,7,15,0,0,0,8,7,15,0,0,0,2,2,4,6,5,11,0,0,0,8,7,15,1,1,2,2,1,3,2,2,4,2,2,4,1,1,2,0,0,0,0,0,0,0,0,0,24084810,2928487,0,319433,1208922,26,225,5,1051
32,2021,23,2,1.1,23,2,29,5,2,2,5,2,2,2,2,2012,2012,2,2,2,1,2,2,1,1,2,2,1,1,,2,1,2,2,1,2,1,2,,2,2,2,2,1,1,1,2,2,1,2,2,2,2,2,2,2,2,2,2,2,2,2,2,2,2,2,2,2,2,2,16,16,16,16,16,16,0,0,16,0,16,0,27,23,23,25,26,25,0,0,26,0,21,0,7,7,7,7,7,7,0,0,7,0,7,0,8,8,16,8,8,16,0,0,0,8,8,16,0,0,0,2,2,4,6,6,12,0,0,0,8,8,16,1,1,2,2,2,4,2,2,4,2,2,4,1,1,2,0,0,0,0,0,0,0,0,0,32122875,2973572,59677,238201,1343645,23,196,7,1051
32,2022,23,2,1.1,23,2,30,5,1,1,3,2,2,1,1,2012,2012,1,1,2,2,1,2,2,1,2,2,1,2,,2,2,2,2,2,2,1,2,,2,2,2,1,1,2,2,2,2,2,2,1,2,2,2,2,2,2,2,2,2,2,1,2,2,2,2,2,1,1,1,15,15,15,15,15,15,15,15,0,0,15,0,25,26,25,23,24,25,25,27,0,0,24,0,8,8,8,8,8,8,8,8,0,0,8,0,8,7,15,8,7,15,0,0,0,8,7,15,0,0,0,2,2,4,6,5,11,0,0,0,8,7,15,1,1,2,2,1,3,2,2,4,2,2,4,1,1,2,0,0,0,0,0,0,0,0,0,24185925,3012480,0,447211,1138996,27,224,8,1051
35,2019,25,1,1.2,25,2,25,3,1,2,3,2,2,2,1,2015,2015,1,2,2,2,2,1,2,2,2,2,2,2,,1,2,2,2,2,2,1,2,,2,2,2,2,1,2,2,2,2,2,2,2,2,2,2,2,2,2,1,2,2,2,2,2,2,1,1,2,1,2,2,2,2,0,2,2,0,2,2,0,2,2,2,20,28,0,27,27,0,25,23,0,22,25,24,6,6,0,6,6,0,6,6,0,6,6,6,2,0,2,1,0,1,1,0,1,2,0,2,0,0,0,1,0,1,1,0,1,0,0,0,2,0,2,0,0,0,0,0,0,1,0,1,1,0,1,0,0,0,0,0,0,0,0,0,0,0,0,1466815,1050675,0,99968,403838,26,221,6,1052
35,2020,25,1,1.2,25,2,26,3,1,2,1,1,1,2,2,2015,2015,2,1,2,2,2,2,2,2,2,2,2,2,3,2,2,2,2,2,2,2,2,,2,1,2,2,1,2,2,2,2,2,2,2,2,2,2,2,2,1,2,2,2,2,2,2,2,2,2,1,1,2,2,2,2,2,2,2,2,2,2,2,2,2,2,25,26,23,24,23,22,25,26,23,20,24,27,8,8,8,8,8,8,8,8,8,8,8,8,2,0,2,1,0,1,1,0,1,2,0,2,0,0,0,1,0,1,1,0,1,0,0,0,2,0,2,0,0,0,0,0,0,1,0,1,1,0,1,0,0,0,0,0,0,0,0,0,0,0,0,1288946,1172262,0,151347,549066,25,288,8,1052
35,2021,25,1,1.2,25,2,27,3,1,2,3,2,2,2,1,2015,2016,2,2,2,2,2,1,2,2,1,1,1,2,4,2,2,2,2,2,2,1,2,,1,2,2,2,2,1,4,2,2,2,1,1,2,2,2,1,1,2,2,2,2,2,2,2,2,2,2,1,1,2,2,3,3,0,0,3,3,3,3,3,3,0,3,28,26,0,0,24,19,24,23,26,23,0,25,6,6,0,0,6,6,6,6,6,6,0,6,2,1,3,1,1,2,1,0,1,2,1,3,0,0,0,1,0,1,1,1,2,0,0,0,2,1,3,0,0,0,0,0,0,1,0,1,1,1,2,0,0,0,0,0,0,0,0,0,0,0,0,2723121,1071221,19329,143275,519924,27,218,6,1052
35,2022,25,1,1.2,25,2,28,3,2,1,1,2,1,2,1,2015,2015,2,2,2,2,1,2,2,2,2,1,2,2,,2,1,2,2,2,2,2,2,,2,2,2,2,1,2,3,2,2,2,2,2,1,2,2,2,2,2,2,2,2,2,2,2,2,2,2,1,1,1,2,2,2,2,2,2,2,2,2,2,2,2,2,20,25,25,26,22,22,22,22,22,23,21,23,6,6,6,6,6,6,6,6,6,6,6,6,2,0,2,1,0,1,1,0,1,2,0,2,0,0,0,1,0,1,1,0,1,0,0,0,2,0,2,0,0,0,0,0,0,1,0,1,1,0,1,0,0,0,0,0,0,0,0,0,0,0,0,1055308,1328009,17316,152579,520870,23,273,6,1052
51,2018,22,2,1.3,22,2,32,6,2,2,5,2,2,1,1,2004,2004,1,2,1,1,1,1,2,2,2,2,2,2,4,2,2,2,2,1,2,1,2,,2,2,2,2,2,2,2,2,2,2,2,1,2,2,2,2,2,2,2,1,2,2,2,2,2,1,2,1,2,1,2,15,15,15,15,0,15,0,15,15,15,15,15,26,23,24,24,0,22,0,23,26,21,25,28,7,7,7,7,0,7,0,7,7,7,7,7,11,4,15,11,4,15,0,0,0,11,4,15,0,0,0,3,1,4,8,3,11,0,0,0,11,4,15,1,0,1,2,1,3,3,1,4,3,1,4,1,1,2,1,0,1,0,0,0,0,0,0,25181022,4370739,48761,620781,1623217,24,242,7,1053
94,2018,13,2,1.4,13,1,51,8,1,2,1,1,2,1,2,2007,2007,2,1,2,2,1,2,2,2,2,1,1,2,4,2,2,1,2,2,2,1,2,,1,1,1,2,2,2,5,2,2,2,2,1,2,2,2,2,2,2,2,2,2,2,1,2,2,1,2,2,2,2,2,17,17,17,17,17,17,17,17,17,17,17,17,24,27,26,24,24,25,23,23,28,22,26,24,6,6,6,6,6,6,6,6,6,6,6,6,10,7,17,9,6,15,1,1,2,10,7,17,0,0,0,3,2,5,7,5,12,0,0,0,10,7,17,1,1,2,2,1,3,2,2,4,3,2,5,1,1,2,1,0,1,0,0,0,0,0,0,33821339,3287053,0,357460,1462247,24,296,6,1054
94,2019,13,2,1.4,13,1,52,8,1,2,5,2,1,1,2,2007,2007,1,1,1,1,2,2,1,2,2,2,2,2,,2,2,1,2,2,2,2,1,,2,1,2,2,2,2,2,2,2,2,2,2,2,2,2,2,2,2,2,2,2,2,2,2,2,2,2,2,1,1,1,19,19,0,19,19,0,19,0,19,19,19,19,25,25,0,26,24,0,22,0,24,27,23,26,10,10,0,10,10,0,10,0,10,10,10,10,11,8,19,10,7,17,1,1,2,11,8,19,0,0,0,3,2,5,8,6,14,0,0,0,11,8,19,1,1,2,2,2,4,3,2,5,3,2,5,1,1,2,1,0,1,0,0,0,0,0,0,30553321,3736848,0,409096,1935875,25,222,10,1054
94,2020,13,2,1.4,13,1,53,8,2,2,3,1,2,2,1,2007,2007,2,1,2,1,1,2,2,1,1,2,1,1,,2,2,2,2,2,2,2,2,,1,2,1,2,2,1,2,2,1,2,2,2,1,2,2,2,2,2,2,2,2,2,2,2,2,2,2,2,1,1,1,17,17,17,17,17,17,0,17,17,17,17,17,23,26,25,25,23,22,0,25,26,25,24,29,6,6,6,6,6,6,0,6,6,6,6,6,10,7,17,9,6,15,1,1,2,10,7,17,0,0,0,3,2,5,7,5,12,0,0,0,10,7,17,1,1,2,2,1,3,2,2,4,3,2,5,1,1,2,1,0,1,0,0,0,0,0,0,23628365,4227771,143423,356744,1912341,26,273,6,1054
94,2021,13,2,1.4,13,1,54,8,1,2,2,1,2,2,1,2007,2008,2,1,2,2,2,1,2,2,2,2,2,2,1,2,2,2,2,2,2,1,2,,1,2,1,2,1,2,1,2,2,1,1,2,2,2,2,2,2,1,2,2,2,2,2,2,2,2,2,2,2,1,1,19,19,19,19,0,19,19,19,19,19,0,19,30,27,24,21,0,22,25,22,25,22,0,27,7,7,7,7,0,7,7,7,7,7,0,7,11,8,19,10,7,17,1,1,2,11,8,19,0,0,0,3,2,5,8,6,14,0,0,0,11,8,19,1,1,2,2,2,4,3,2,5,3,2,5,1,1,2,1,0,1,0,0,0,0,0,0,26344800,4595847,33900,296248,2535846,20,245,7,1054
94,2022,13,2,1.4,13,1,55,8,1,2,3,1,1,2,2,2007,2007,1,1,2,2,2,2,2,2,2,2,2,2,2,2,2,2,2,2,1,2,2,1,1,2,1,1,2,2,3,2,2,2,2,2,2,2,1,2,2,1,2,2,2,2,2,2,2,2,2,2,1,2,2,19,19,19,0,19,19,19,0,19,19,19,0,26,27,21,0,24,26,24,0,25,21,24,0,5,5,5,0,5,5,5,0,5,5,5,0,11,8,19,10,7,17,1,1,2,11,8,19,0,0,0,3,2,5,8,6,14,0,0,0,11,8,19,1,1,2,2,2,4,3,2,5,3,2,5,1,1,2,1,0,1,0,0,0,0,0,0,41187420,5295547,128350,884103,2488937,24,218,5,1054
14,2018,29,2,1.5,29,1,33,7,1,1,1,2,1,2,2,2008,2008,1,2,2,1,1,2,1,1,2,2,2,2,,2,2,2,2,1,1,1,1,,2,1,2,2,2,1,3,2,2,2,2,2,2,2,2,2,2,1,2,2,2,2,2,2,2,2,1,1,2,2,2,5,5,0,5,5,5,5,5,5,5,5,5,24,20,0,27,23,23,26,26,23,26,27,24,8,8,0,8,8,8,8,8,8,8,8,8,2,3,5,2,3,5,0,0,0,2,3,5,0,0,0,1,1,2,1,2,3,0,0,0,2,3,5,0,0,0,0,1,1,1,1,2,1,1,2,0,0,0,0,0,0,0,0,0,0,0,0,8640891,3447154,31767,329089,1477056,23,269,8,1055
14,2019,29,2,1.5,29,1,34,7,1,2,4,1,1,1,2,2008,2009,2,1,2,1,1,2,2,1,2,2,1,2,4,1,2,2,2,2,2,2,2,3,1,1,1,2,2,2,4,2,2,2,2,2,2,2,2,2,2,2,2,2,2,2,2,2,2,2,2,2,2,2,1,5,5,5,5,5,5,5,5,5,5,0,5,21,24,26,26,24,30,23,23,25,24,0,25,7,7,7,7,7,7,7,7,7,7,0,7,2,3,5,2,3,5,0,0,0,2,3,5,0,0,0,1,1,2,1,2,3,0,0,0,2,3,5,0,0,0,0,1,1,1,1,2,1,1,2,0,0,0,0,0,0,0,0,0,0,0,0,7863447,3517301,0,334995,1966066,24,271,7,1055
14,2020,29,2,1.5,29,1,35,7,1,2,2,1,2,2,1,2008,2009,2,2,2,2,2,1,1,1,1,2,2,2,4,2,2,2,2,2,2,2,1,,1,2,1,1,2,2,5,2,2,2,2,1,1,2,2,2,2,2,2,2,2,2,2,2,2,2,2,2,1,2,2,0,0,5,5,5,5,5,5,5,5,5,5,0,0,26,25,25,25,25,25,23,27,23,22,0,0,9,9,9,9,9,9,9,9,9,9,2,3,5,2,3,5,0,0,0,2,3,5,0,0,0,1,1,2,1,2,3,0,0,0,2,3,5,0,0,0,0,1,1,1,1,2,1,1,2,0,0,0,0,0,0,0,0,0,0,0,0,9452193,3716663,113887,148259,1612691,26,246,9,1055
14,2021,29,2,1.5,29,1,36,7,2,1,2,1,2,2,2,2008,2009,2,2,1,1,2,2,2,2,2,2,1,2,,2,2,2,2,2,2,2,1,2,2,2,2,2,1,1,1,2,2,2,2,2,2,2,2,2,2,2,1,2,2,2,2,2,2,2,2,2,2,2,2,5,5,5,5,5,5,0,0,5,0,5,5,22,21,26,23,26,24,0,0,26,0,23,28,8,8,8,8,8,8,0,0,8,0,8,8,2,3,5,2,3,5,0,0,0,2,3,5,0,0,0,1,1,2,1,2,3,0,0,0,2,3,5,0,0,0,0,1,1,1,1,2,1,1,2,0,0,0,0,0,0,0,0,0,0,0,0,9275379,3938453,0,345761,1456287,25,219,8,1055
14,2022,29,2,1.5,29,1,37,7,1,2,5,1,2,1,1,2008,2009,2,2,1,2,2,1,2,2,2,2,2,2,5,2,2,2,2,2,2,2,2,,1,2,2,2,1,2,1,2,2,1,2,2,2,2,2,2,2,2,2,2,2,2,2,2,2,2,2,2,1,2,2,6,6,6,0,6,0,6,6,0,6,6,6,27,26,23,0,23,0,24,22,0,23,22,26,8,8,8,0,8,0,8,8,0,8,8,8,3,3,6,3,3,6,0,0,0,3,3,6,0,0,0,1,1,2,2,2,4,0,0,0,3,3,6,0,0,0,1,1,2,1,1,2,1,1,2,0,0,0,0,0,0,0,0,0,0,0,0,9952946,5098680,0,638974,2492681,25,216,8,1055
71,2018,30,1,1.6,30,1,40,8,2,2,5,1,2,1,2,2015,2015,2,2,2,2,2,2,1,1,2,2,1,2,2,2,2,2,2,2,2,2,1,,1,2,2,2,2,2,1,2,2,2,2,2,2,2,2,2,2,2,2,1,1,2,2,1,2,2,2,1,1,2,2,3,3,0,3,3,3,0,3,3,3,0,0,24,26,0,21,26,29,0,23,25,23,0,0,8,8,0,8,8,8,0,8,8,8,0,0,2,1,3,1,1,2,1,0,1,2,1,3,0,0,0,1,0,1,1,1,2,0,0,0,2,1,3,0,0,0,0,0,0,1,0,1,1,1,2,0,0,0,0,0,0,0,0,0,0,0,0,2391444,905443,0,82810,450242,25,197,8,1056
71,2019,30,1,1.6,30,1,41,8,1,2,1,2,2,2,2,2015,2015,1,1,2,1,2,2,2,1,1,1,2,2,,2,2,2,2,2,2,2,2,,1,2,1,2,2,1,3,2,2,2,2,2,2,2,2,2,2,2,2,1,2,2,1,2,2,1,2,2,1,2,1,4,4,4,4,4,4,4,4,4,4,4,4,27,24,26,22,25,24,29,23,24,23,20,21,8,8,8,8,8,8,8,8,8,8,8,8,3,1,4,2,1,3,1,0,1,3,1,4,0,0,0,1,0,1,2,1,3,0,0,0,3,1,4,0,0,0,1,0,1,1,0,1,1,1,2,0,0,0,0,0,0,0,0,0,0,0,0,5280373,1175013,16106,166990,389564,23,288,8,1056
71,2020,30,1,1.6,30,1,42,8,1,2,3,1,1,2,2,2015,2016,2,2,1,1,1,2,1,2,2,1,1,2,5,1,2,2,2,1,2,2,1,,2,1,2,2,1,1,1,2,2,2,2,2,2,2,2,2,2,2,2,2,2,2,2,2,2,2,2,2,2,1,1,4,4,4,4,4,4,4,4,4,4,4,4,27,23,23,26,23,29,26,24,23,23,27,27,8,8,8,8,8,8,8,8,8,8,8,8,3,1,4,2,1,3,1,0,1,3,1,4,0,0,0,1,0,1,2,1,3,0,0,0,3,1,4,0,0,0,1,0,1,1,0,1,1,1,2,0,0,0,0,0,0,0,0,0,0,0,0,3573090,828935,17151,117385,323337,26,301,8,1056
71,2021,30,1,1.6,30,1,43,8,2,2,2,1,1,2,1,2015,2016,2,2,2,2,1,2,1,2,2,2,2,1,2,1,1,2,2,2,2,2,2,,2,1,1,1,2,2,5,2,2,2,2,2,2,2,2,2,2,2,2,2,2,2,2,2,2,2,2,2,2,2,2,3,3,3,3,3,3,0,3,3,3,3,3,20,24,25,21,26,23,0,25,28,22,25,27,8,8,8,8,8,8,0,8,8,8,8,8,2,1,3,1,1,2,1,0,1,2,1,3,0,0,0,1,0,1,1,1,2,0,0,0,2,1,3,0,0,0,0,0,0,1,0,1,1,1,2,0,0,0,0,0,0,0,0,0,0,0,0,2175687,912895,10791,124119,464254,25,266,8,1056
71,2022,30,1,1.6,30,1,44,8,2,2,2,2,2,1,1,2015,2016,2,1,2,2,2,1,2,2,2,2,2,2,5,2,2,1,2,2,2,2,2,,1,2,1,2,2,2,3,2,1,2,2,1,2,1,2,2,2,2,2,2,2,2,2,2,2,1,2,2,2,1,2,4,4,4,4,4,4,4,4,4,4,4,4,27,26,26,26,27,26,24,27,25,24,23,27,7,7,7,7,7,7,7,7,7,7,7,7,3,1,4,2,1,3,1,0,1,3,1,4,0,0,0,1,0,1,2,1,3,0,0,0,3,1,4,0,0,0,1,0,1,1,0,1,1,1,2,0,0,0,0,0,0,0,0,0,0,0,0,4199986,1148695,15863,120956,539232,22,308,7,1056
33,2018,31,1,1.7,31,2,31,3,1,2,5,1,1,2,2,2015,2016,2,2,1,1,2,2,2,2,2,2,1,1,,2,2,2,1,2,2,2,2,,2,2,2,2,1,1,1,2,2,2,2,2,2,2,2,2,2,2,1,2,2,2,2,1,2,2,2,2,2,1,2,3,3,3,3,3,3,3,3,3,3,3,3,23,28,26,27,24,25,21,24,25,25,26,25,9,9,9,9,9,9,9,9,9,9,9,9,2,1,3,1,1,2,1,0,1,2,1,3,0,0,0,1,0,1,1,1,2,0,0,0,2,1,3,0,0,0,0,0,0,1,0,1,1,1,2,0,0,0,0,0,0,0,0,0,0,0,0,2490223,1890638,0,248210,788854,24,299,9,1057
33,2019,31,1,1.7,31,2,32,3,1,2,1,1,1,2,1,2015,2015,2,1,2,2,1,2,2,2,1,2,2,1,,2,1,2,2,2,2,2,2,,2,2,1,2,2,1,1,2,2,1,2,2,2,2,2,2,2,2,2,2,1,2,1,2,2,1,2,1,1,1,1,4,4,4,4,4,4,4,4,4,4,4,4,23,27,24,25,25,25,25,25,25,20,27,23,7,7,7,7,7,7,7,7,7,7,7,7,3,1,4,2,1,3,1,0,1,3,1,4,0,0,0,1,0,1,2,1,3,0,0,0,3,1,4,0,0,0,1,0,1,1,0,1,1,1,2,0,0,0,0,0,0,0,0,0,0,0,0,4623011,2020598,31643,461198,867400,28,294,7,1057
33,2020,31,1,1.7,31,2,33,3,2,2,5,2,1,2,1,2015,2015,2,2,1,1,2,1,2,2,1,2,2,1,,2,1,2,2,1,2,2,2,,2,2,2,2,2,2,5,2,2,2,2,2,2,2,2,2,2,2,2,2,2,1,2,2,2,2,2,2,2,1,2,4,4,0,4,4,4,4,4,0,4,4,4,26,30,0,26,21,25,26,24,0,21,22,22,9,9,0,9,9,9,9,9,0,9,9,9,3,1,4,2,1,3,1,0,1,3,1,4,0,0,0,1,0,1,2,1,3,0,0,0,3,1,4,0,0,0,1,0,1,1,0,1,1,1,2,0,0,0,0,0,0,0,0,0,0,0,0,3541250,2015771,43179,213254,899890,20,243,9,1057
33,2021,31,1,1.7,31,2,34,3,2,2,1,1,1,1,1,2015,2016,2,1,2,2,2,2,1,1,2,2,2,2,,2,1,1,2,1,2,2,1,1,1,2,2,1,1,1,2,2,2,1,1,2,2,2,2,2,2,2,1,2,2,2,1,2,2,2,2,2,2,2,1,4,4,4,4,4,4,4,0,4,4,4,4,26,29,25,26,26,26,22,0,28,25,23,23,7,7,7,7,7,7,7,0,7,7,7,7,3,1,4,2,1,3,1,0,1,3,1,4,0,0,0,1,0,1,2,1,3,0,0,0,3,1,4,0,0,0,1,0,1,1,0,1,1,1,2,0,0,0,0,0,0,0,0,0,0,0,0,4460604,2172223,67524,269387,1118315,23,279,7,1057
33,2022,31,1,1.7,31,2,35,3,2,1,4,2,2,2,2,2015,2015,2,2,2,2,2,1,2,1,2,2,2,1,,1,2,1,2,2,2,2,2,1,2,1,2,1,2,1,5,2,1,2,2,1,1,2,2,2,1,2,2,2,2,1,2,2,2,2,2,2,1,1,1,4,4,4,4,4,4,4,4,4,4,0,4,24,22,25,28,22,28,29,24,21,21,0,29,10,10,10,10,10,10,10,10,10,10,0,10,3,1,4,2,1,3,1,0,1,3,1,4,0,0,0,1,0,1,2,1,3,0,0,0,3,1,4,0,0,0,1,0,1,1,0,1,1,1,2,0,0,0,0,0,0,0,0,0,0,0,0,3933218,2663175,0,284822,1399849,27,273,10,1057
32,2021,23,2,1.8,23,1,35,3,2,1,2,2,1,1,1,2015,2016,2,1,1,1,1,1,2,2,1,2,2,2,,2,1,2,2,2,2,2,1,,2,1,2,2,2,1,2,2,2,2,2,2,2,2,2,2,2,2,2,1,2,2,2,2,2,2,2,2,2,2,1,6,0,6,0,6,0,6,6,6,6,6,6,22,0,23,0,26,0,22,26,28,28,26,24,10,0,10,0,10,0,10,10,10,10,10,10,3,3,6,2,2,4,1,1,2,3,3,6,0,0,0,1,1,2,2,2,4,0,0,0,3,3,6,0,0,0,1,1,2,1,1,2,1,1,2,0,0,0,0,0,0,0,0,0,0,0,0,7992444,2509242,13459,483082,1387169,30,225,10,1058
32,2022,23,2,1.8,23,1,36,3,1,1,5,1,2,1,1,2015,2016,2,1,2,2,2,2,2,2,2,2,2,1,,2,1,2,2,2,1,2,2,2,2,2,2,2,2,1,4,2,2,2,2,1,1,2,2,2,2,2,1,1,2,2,2,1,2,1,2,2,2,1,2,6,6,6,6,6,6,6,6,6,6,6,6,23,26,24,28,26,25,27,24,20,23,26,24,9,9,9,9,9,9,9,9,9,9,9,9,3,3,6,2,2,4,1,1,2,3,3,6,0,0,0,1,1,2,2,2,4,0,0,0,3,3,6,0,0,0,1,1,2,1,1,2,1,1,2,0,0,0,0,0,0,0,0,0,0,0,0,5861783,2823869,10868,341122,1279022,27,296,9,1058
32,2018,11,1,1.9,11,1,37,2,2,1,2,2,2,1,1,2010,2011,1,2,1,1,1,1,2,2,2,2,1,2,2,2,2,1,2,2,2,2,2,,1,2,2,2,2,2,2,2,2,1,1,2,2,1,2,2,2,2,2,2,2,2,2,2,2,2,2,1,2,2,2,2,2,2,2,0,2,2,0,2,2,2,0,24,26,25,23,0,26,25,0,28,24,25,0,7,7,7,7,0,7,7,0,7,7,7,0,1,1,2,0,0,0,1,1,2,1,1,2,0,0,0,0,0,0,1,1,2,0,0,0,1,1,2,0,0,0,0,0,0,0,0,0,1,1,2,0,0,0,0,0,0,0,0,0,0,0,0,0,1436210,0,209020,686941,24,226,7,1059
32,2019,11,1,1.9,11,1,38,2,2,2,3,2,1,1,2,2010,2010,2,1,2,2,1,2,2,2,1,1,2,2,,2,1,2,2,2,1,2,2,,1,2,2,2,2,1,1,2,2,2,1,2,2,1,2,2,2,2,2,2,2,2,2,2,2,2,2,1,1,2,1,2,2,2,2,2,2,2,2,2,2,2,2,25,26,24,29,25,22,26,24,27,28,20,23,7,7,7,7,7,7,7,7,7,7,7,7,1,1,2,0,0,0,1,1,2,1,1,2,0,0,0,0,0,0,1,1,2,0,0,0,1,1,2,0,0,0,0,0,0,0,0,0,1,1,2,0,0,0,0,0,0,0,0,0,0,0,0,0,1496463,17685,195012,571868,28,299,7,1059
32,2020,11,1,1.9,11,1,39,2,2,2,2,1,2,2,2,2010,2010,1,1,2,1,1,2,1,2,2,2,2,1,1,2,1,2,2,2,2,2,1,3,1,2,2,2,1,2,2,2,1,2,2,2,1,2,2,1,2,2,2,1,2,2,2,2,2,2,2,2,2,1,1,2,2,2,2,2,0,2,2,2,0,2,2,27,24,23,27,22,0,26,24,25,0,23,23,6,6,6,6,6,0,6,6,6,0,6,6,1,1,2,0,0,0,1,1,2,1,1,2,0,0,0,0,0,0,1,1,2,0,0,0,1,1,2,0,0,0,0,0,0,0,0,0,1,1,2,0,0,0,0,0,0,0,0,0,0,0,0,0,1330457,25939,185909,466796,26,244,6,1059
35,2018,25,1,2.0,25,1,47,3,1,2,2,2,1,1,1,2010,2010,2,2,2,2,2,2,2,2,1,2,1,2,,2,2,1,2,2,2,2,2,,2,2,2,1,2,2,2,2,2,2,2,2,2,2,2,2,2,2,1,2,2,1,2,2,2,2,2,2,1,1,1,1,1,1,1,1,1,1,1,1,1,1,1,28,24,28,25,23,23,24,23,22,23,27,26,7,7,7,7,7,7,7,7,7,7,7,7,1,0,1,1,0,1,0,0,0,1,0,1,0,0,0,0,0,0,1,0,1,0,0,0,1,0,1,0,0,0,0,0,0,0,0,0,1,0,1,0,0,0,0,0,0,0,0,0,0,0,0,1137316,859575,12395,109639,357473,25,296,7,1060
35,2019,25,1,2.0,25,1,48,3,2,2,5,1,1,1,2,2010,2010,2,1,2,1,2,2,1,2,2,1,2,2,2,2,2,2,2,2,2,2,2,,1,2,1,1,1,1,4,2,2,2,1,2,2,2,2,2,2,2,2,2,2,2,2,2,2,2,2,2,1,2,1,1,1,1,0,1,1,1,1,1,0,1,1,24,22,24,0,23,24,23,28,23,0,26,23,8,8,8,0,8,8,8,8,8,0,8,8,1,0,1,1,0,1,0,0,0,1,0,1,0,0,0,0,0,0,1,0,1,0,0,0,1,0,1,0,0,0,0,0,0,0,0,0,1,0,1,0,0,0,0,0,0,0,0,0,0,0,0,1246666,940722,0,157886,438926,21,240,8,1060
35,2020,25,1,2.0,25,1,49,3,2,1,2,2,1,1,2,2010,2011,2,2,1,1,2,2,2,2,2,2,1,2,,2,2,1,2,1,1,2,1,3,2,2,2,2,1,2,1,2,2,2,2,2,2,2,2,1,2,2,2,2,2,2,1,2,2,2,2,2,1,2,1,1,1,1,1,1,1,1,0,1,1,0,1,23,27,26,24,25,28,27,0,26,23,0,23,6,6,6,6,6,6,6,0,6,6,0,6,1,0,1,1,0,1,0,0,0,1,0,1,0,0,0,0,0,0,1,0,1,0,0,0,1,0,1,0,0,0,0,0,0,0,0,0,1,0,1,0,0,0,0,0,0,0,0,0,0,0,0,1090858,784733,0,119614,223617,25,252,6,1060
35,2021,25,1,2.0,25,1,50,3,2,2,3,1,1,2,1,2010,2010,2,2,1,2,1,2,2,2,2,1,1,2,,2,2,2,2,2,2,2,2,1,1,2,2,2,2,2,2,1,2,1,2,2,2,1,2,1,2,2,2,2,2,2,2,2,2,2,2,1,1,1,2,1,1,1,1,1,1,1,1,1,1,1,1,23,24,27,24,26,23,25,24,25,22,25,27,7,7,7,7,7,7,7,7,7,7,7,7,1,0,1,1,0,1,0,0,0,1,0,1,0,0,0,0,0,0,1,0,1,0,0,0,1,0,1,0,0,0,0,0,0,0,0,0,1,0,1,0,0,0,0,0,0,0,0,0,0,0,0,1380788,1043992,0,153895,358765,26,295,7,1060
35,2022,25,1,2.0,25,1,51,3,1,1,5,1,1,2,1,2010,2011,2,2,2,2,2,1,1,2,2,2,2,2,5,2,2,2,2,2,2,2,1,3,1,2,2,1,1,1,3,2,1,2,2,1,2,2,2,2,2,1,2,1,2,1,1,2,2,2,2,2,1,1,2,1,1,0,0,1,1,1,0,1,1,0,0,24,27,0,0,26,28,24,0,22,24,0,0,7,7,0,0,7,7,7,0,7,7,0,0,1,0,1,1,0,1,0,0,0,1,0,1,0,0,0,0,0,0,1,0,1,0,0,0,1,0,1,0,0,0,0,0,0,0,0,0,1,0,1,0,0,0,0,0,0,0,0,0,0,0,0,1525170,1058823,0,31765,510345,23,175,7,1060
14,2018,12,1,2.1,12,1,41,3,2,2,4,2,2,1,2,2004,2005,2,2,2,2,2,1,1,2,1,2,1,1,,2,2,2,2,1,2,1,1,,2,2,2,2,2,1,1,2,2,2,2,2,2,2,2,2,2,2,1,2,2,2,2,2,2,2,2,2,1,1,1,1,1,1,1,1,1,1,1,1,1,1,1,26,24,22,24,23,21,25,24,23,24,22,30,7,7,7,7,7,7,7,7,7,7,7,7,1,0,1,0,0,0,1,0,1,1,0,1,0,0,0,0,0,0,1,0,1,0,0,0,1,0,1,0,0,0,0,0,0,0,0,0,1,0,1,0,0,0,0,0,0,0,0,0,0,0,0,0,2702463,0,277374,1700352,23,288,7,1061
14,2019,12,1,2.1,12,1,42,3,1,2,3,2,2,1,1,2004,2005,2,1,1,1,2,2,2,2,2,2,1,2,1,2,2,2,2,1,2,2,2,1,2,2,1,1,1,2,4,2,2,2,2,1,2,2,2,2,2,2,2,2,2,1,2,2,2,2,2,1,2,2,1,1,0,1,1,1,1,1,1,1,1,1,1,27,0,21,26,25,26,24,23,28,22,24,22,6,0,6,6,6,6,6,6,6,6,6,6,1,0,1,0,0,0,1,0,1,1,0,1,0,0,0,0,0,0,1,0,1,0,0,0,1,0,1,0,0,0,0,0,0,0,0,0,1,0,1,0,0,0,0,0,0,0,0,0,0,0,0,0,3599302,0,168481,1381584,24,268,6,1061
14,2020,12,1,2.1,12,1,43,3,2,2,5,1,1,1,2,2004,2005,2,2,1,2,2,2,2,2,2,1,1,2,,2,2,2,1,2,2,2,2,,2,1,2,1,2,2,5,1,2,2,2,2,2,2,2,2,2,2,2,2,2,2,1,2,2,2,2,1,2,2,2,1,1,1,0,1,1,1,1,1,0,0,1,22,29,26,0,22,23,24,23,23,0,0,24,5,5,5,0,5,5,5,5,5,0,0,5,1,0,1,0,0,0,1,0,1,1,0,1,0,0,0,0,0,0,1,0,1,0,0,0,1,0,1,0,0,0,0,0,0,0,0,0,1,0,1,0,0,0,0,0,0,0,0,0,0,0,0,0,3752212,0,449066,1759774,23,216,5,1061
14,2021,12,1,2.1,12,1,44,3,2,2,3,2,1,2,1,2004,2004,1,2,2,1,2,1,1,1,2,2,2,2,,1,1,1,2,2,2,2,2,1,2,2,2,2,2,2,4,2,2,2,2,2,2,2,2,2,2,2,2,2,2,2,1,2,2,2,2,2,2,2,1,1,1,1,0,0,1,1,0,0,1,1,1,28,27,28,0,0,25,26,0,0,25,25,24,5,5,5,0,0,5,5,0,0,5,5,5,1,0,1,0,0,0,1,0,1,1,0,1,0,0,0,0,0,0,1,0,1,0,0,0,1,0,1,0,0,0,0,0,0,0,0,0,1,0,1,0,0,0,0,0,0,0,0,0,0,0,0,0,3412980,0,387518,1705970,28,208,5,1061
14,2022,12,1,2.1,12,1,45,3,2,2,1,2,1,2,2,2004,2004,2,1,1,2,1,1,2,2,2,2,2,2,3,2,2,2,2,2,2,2,2,,1,1,2,2,2,2,3,2,2,2,2,2,2,2,2,2,2,2,2,1,2,2,2,2,2,2,1,1,1,2,2,1,1,1,0,1,0,1,1,1,1,1,1,24,23,25,0,23,0,23,24,26,25,26,21,7,7,7,0,7,0,7,7,7,7,7,7,1,0,1,0,0,0,1,0,1,1,0,1,0,0,0,0,0,0,1,0,1,0,0,0,1,0,1,0,0,0,0,0,0,0,0,0,1,0,1,0,0,0,0,0,0,0,0,0,0,0,0,0,4449609,0,581466,1182407,25,240,7,1061
32,2018,31,1,2.2,31,2,52,3,2,2,4,1,1,2,1,2013,2013,2,1,2,2,2,2,1,2,2,2,1,1,2,2,2,2,2,2,1,1,2,1,1,2,2,1,2,2,4,2,1,1,1,2,2,2,2,2,2,2,2,2,2,2,2,2,2,2,2,2,2,2,1,1,0,1,1,1,0,1,1,1,1,1,1,21,0,22,25,23,0,23,25,22,22,26,24,7,0,7,7,7,0,7,7,7,7,7,7,1,0,1,1,0,1,0,0,0,1,0,1,0,0,0,0,0,0,1,0,1,0,0,0,1,0,1,0,0,0,0,0,0,0,0,0,1,0,1,0,0,0,0,0,0,0,0,0,0,0,0,1243056,1230209,32195,103784,381253,28,233,7,1062
32,2019,31,1,2.2,31,2,53,3,2,2,3,2,2,1,2,2013,2013,2,1,2,1,2,2,2,2,2,1,1,2,3,2,1,2,2,2,2,2,1,,2,2,2,2,2,2,5,2,2,2,2,2,2,1,2,2,2,2,2,2,2,1,2,2,2,2,2,2,2,2,2,1,1,1,1,1,1,1,1,0,1,0,1,22,23,21,23,24,24,22,27,0,21,0,27,5,5,5,5,5,5,5,5,0,5,0,5,1,0,1,1,0,1,0,0,0,1,0,1,0,0,0,0,0,0,1,0,1,0,0,0,1,0,1,0,0,0,0,0,0,0,0,0,1,0,1,0,0,0,0,0,0,0,0,0,0,0,0,1383268,1656622,28806,181282,807896,19,234,5,1062
32,2020,31,1,2.2,31,2,54,3,1,1,2,2,1,1,2,2013,2014,2,2,1,2,1,2,1,2,2,2,2,2,2,2,2,2,2,1,2,2,2,,1,1,1,1,1,2,4,2,2,2,2,2,2,2,2,2,1,2,2,1,2,2,2,2,2,2,2,1,2,2,1,1,0,1,1,0,0,1,0,1,0,1,1,25,0,28,27,0,0,24,0,26,0,21,23,6,0,6,6,0,0,6,0,6,0,6,6,1,0,1,1,0,1,0,0,0,1,0,1,0,0,0,0,0,0,1,0,1,0,0,0,1,0,1,0,0,0,0,0,0,0,0,0,1,0,1,0,0,0,0,0,0,0,0,0,0,0,0,1080286,1770217,53901,231424,751220,27,174,6,1062
32,2021,31,1,2.2,31,2,55,3,2,2,4,1,2,2,2,2013,2014,2,2,2,2,1,1,2,2,2,2,1,2,,2,2,2,2,2,2,2,2,3,2,2,1,2,1,2,3,2,2,2,2,2,2,2,2,2,2,2,2,2,2,2,1,2,2,1,2,1,2,2,2,1,1,1,1,1,1,1,1,1,1,1,1,27,22,24,24,22,22,24,23,24,21,24,20,6,6,6,6,6,6,6,6,6,6,6,6,1,0,1,1,0,1,0,0,0,1,0,1,0,0,0,0,0,0,1,0,1,0,0,0,1,0,1,0,0,0,0,0,0,0,0,0,1,0,1,0,0,0,0,0,0,0,0,0,0,0,0,1204346,1319124,0,94017,648943,23,277,6,1062
32,2022,31,1,2.2,31,2,56,3,2,2,5,2,1,1,2,2013,2014,2,1,2,2,2,1,1,2,2,2,2,1,4,2,2,2,2,2,2,1,2,,1,1,1,2,1,1,1,2,2,1,1,2,2,2,2,2,2,2,1,2,2,2,2,1,1,1,2,2,2,2,2,1,1,1,0,1,0,1,1,1,1,1,1,26,25,26,0,21,0,24,24,23,25,25,23,12,12,12,0,12,0,12,12,12,12,12,12,1,0,1,1,0,1,0,0,0,1,0,1,0,0,0,0,0,0,1,0,1,0,0,0,1,0,1,0,0,0,0,0,0,0,0,0,1,0,1,0,0,0,0,0,0,0,0,0,0,0,0,1634228,1949715,86647,105033,900766,24,242,12,1062
35,2018,23,1,2.3,23,1,35,2,1,1,3,1,1,2,1,2010,2011,2,2,1,2,2,2,2,2,2,2,1,1,,2,2,1,1,2,2,2,2,,2,2,1,2,2,2,4,1,2,2,2,2,2,2,2,2,2,2,1,2,2,2,2,1,2,2,2,1,1,2,1,0,1,1,1,1,0,1,1,1,0,1,1,0,26,22,29,24,0,25,22,21,0,23,26,0,7,7,7,7,0,7,7,7,0,7,7,1,0,1,0,0,0,1,0,1,1,0,1,0,0,0,0,0,0,1,0,1,0,0,0,1,0,1,0,0,0,0,0,0,0,0,0,1,0,1,0,0,0,0,0,0,0,0,0,0,0,0,0,1242811,12959,51177,502234,23,218,7,1063
35,2019,23,1,2.3,23,1,36,2,1,2,2,1,2,1,2,2010,2010,1,1,2,1,1,2,2,2,2,2,1,2,,2,1,2,2,2,1,1,2,,2,2,1,1,2,2,2,2,2,2,2,2,2,2,2,2,2,2,2,2,2,2,2,2,2,2,2,2,1,2,1,1,1,1,1,1,1,1,1,0,1,1,1,24,25,22,25,21,27,27,23,0,26,24,26,7,7,7,7,7,7,7,7,0,7,7,7,1,0,1,0,0,0,1,0,1,1,0,1,0,0,0,0,0,0,1,0,1,0,0,0,1,0,1,0,0,0,0,0,0,0,0,0,1,0,1,0,0,0,0,0,0,0,0,0,0,0,0,0,1327622,18834,160312,498217,23,270,7,1063
35,2020,23,1,2.3,23,1,37,2,1,2,2,1,2,2,2,2010,2010,2,1,2,1,1,1,2,1,2,1,2,1,2,1,1,2,2,2,2,2,2,,2,1,2,2,2,2,3,1,2,2,1,2,2,2,2,2,2,2,2,1,2,2,2,2,1,2,2,2,1,2,2,1,1,1,1,1,1,1,1,1,1,1,1,24,23,23,23,26,27,21,25,20,25,24,26,7,7,7,7,7,7,7,7,7,7,7,7,1,0,1,0,0,0,1,0,1,1,0,1,0,0,0,0,0,0,1,0,1,0,0,0,1,0,1,0,0,0,0,0,0,0,0,0,1,0,1,0,0,0,0,0,0,0,0,0,0,0,0,0,896977,30120,79558,437315,26,287,7,1063
35,2021,23,1,2.3,23,1,38,2,2,2,1,1,2,2,2,2010,2011,2,2,1,2,1,2,1,2,1,2,2,2,,2,2,1,2,2,2,2,2,,1,2,1,2,2,1,5,2,2,2,2,2,2,2,2,1,2,2,2,2,2,2,1,2,2,2,2,2,1,1,2,1,1,1,1,1,1,1,1,1,1,1,1,27,24,25,23,24,27,27,25,25,25,22,25,10,10,10,10,10,10,10,10,10,10,10,10,1,0,1,0,0,0,1,0,1,1,0,1,0,0,0,0,0,0,1,0,1,0,0,0,1,0,1,0,0,0,0,0,0,0,0,0,1,0,1,0,0,0,0,0,0,0,0,0,0,0,0,0,961619,0,85640,456610,25,299,10,1063
35,2022,23,1,2.3,23,1,39,2,2,1,1,1,1,1,1,2010,2011,2,1,1,2,2,2,2,2,1,2,2,2,,2,2,2,2,2,2,2,2,,2,2,2,2,2,2,2,2,2,2,2,2,2,2,2,2,2,2,1,2,2,2,1,2,2,2,2,1,2,1,2,1,1,1,1,1,1,1,1,1,1,1,1,24,26,27,26,26,26,26,22,23,24,24,26,7,7,7,7,7,7,7,7,7,7,7,7,1,0,1,0,0,0,1,0,1,1,0,1,0,0,0,0,0,0,1,0,1,0,0,0,1,0,1,0,0,0,0,0,0,0,0,0,1,0,1,0,0,0,0,0,0,0,0,0,0,0,0,0,1202272,0,150717,589637,24,300,7,1063
33,2018,15,1,2.4,15,1,51,2,2,2,5,1,2,2,2,2006,2007,2,2,1,1,1,2,2,2,1,2,2,2,4,2,2,2,2,2,2,1,2,,2,1,2,2,2,1,4,2,2,2,2,1,2,2,2,1,2,2,2,2,2,2,2,2,2,2,2,1,2,1,2,2,2,2,2,2,2,2,2,2,2,2,2,24,20,29,25,27,24,20,24,24,23,23,26,7,7,7,7,7,7,7,7,7,7,7,7,1,1,2,1,1,2,0,0,0,1,1,2,0,0,0,0,0,0,1,1,2,0,0,0,1,1,2,0,0,0,0,0,0,0,0,0,1,1,2,0,0,0,0,0,0,0,0,0,0,0,0,2862035,1639415,0,227114,960943,25,289,7,1064
33,2019,15,1,2.4,15,1,52,2,2,2,2,1,1,1,2,2006,2006,2,1,2,2,2,1,2,2,2,2,2,1,,2,1,2,2,2,2,2,1,1,2,2,1,2,2,1,5,2,2,1,2,2,2,2,2,2,2,2,2,2,1,2,1,2,2,2,1,1,2,2,2,2,2,2,2,2,2,2,2,2,2,2,2,24,25,23,26,21,27,27,24,26,24,26,24,7,7,7,7,7,7,7,7,7,7,7,7,1,1,2,1,1,2,0,0,0,1,1,2,0,0,0,0,0,0,1,1,2,0,0,0,1,1,2,0,0,0,0,0,0,0,0,0,1,1,2,0,0,0,0,0,0,0,0,0,0,0,0,2936542,1818026,0,279716,958896,22,297,7,1064
33,2020,15,1,2.4,15,1,53,2,2,2,4,2,2,1,2,2006,2006,2,1,1,2,1,1,1,1,2,2,1,2,,2,2,2,2,2,2,2,2,,2,2,2,1,1,2,1,2,2,2,2,2,1,2,1,2,2,2,2,2,2,2,1,2,2,2,2,1,1,2,2,2,2,2,2,0,2,2,2,2,2,2,0,25,25,26,27,0,23,24,19,23,25,26,0,8,8,8,8,0,8,8,8,8,8,8,0,1,1,2,1,1,2,0,0,0,1,1,2,0,0,0,0,0,0,1,1,2,0,0,0,1,1,2,0,0,0,0,0,0,0,0,0,1,1,2,0,0,0,0,0,0,0,0,0,0,0,0,2613872,1564962,0,254874,705488,27,243,8,1064
33,2021,15,1,2.4,15,1,54,2,1,2,1,1,2,2,1,2006,2007,2,2,2,1,1,2,2,2,2,2,1,2,,2,2,2,2,2,2,2,2,,2,2,2,2,1,2,1,2,2,2,2,2,2,2,2,2,2,2,2,2,2,2,2,1,2,1,2,1,2,2,2,3,3,3,3,3,0,0,0,0,3,3,3,25,23,27,26,21,0,0,0,0,26,26,23,8,8,8,8,8,0,0,0,0,8,8,8,1,2,3,1,1,2,0,1,1,1,2,3,0,0,0,0,1,1,1,1,2,0,0,0,1,2,3,0,0,0,0,0,0,0,1,1,1,1,2,0,0,0,0,0,0,0,0,0,0,0,0,2474846,2218664,83240,234398,1200593,24,197,8,1064
33,2022,15,1,2.4,15,1,55,2,2,2,1,2,2,2,1,2006,2006,2,2,1,2,2,1,2,2,2,2,2,2,3,2,2,2,2,1,1,2,1,2,2,2,1,2,1,2,2,2,2,2,2,2,2,2,2,2,2,2,2,2,1,2,2,2,2,2,2,1,2,1,1,0,3,3,3,3,3,3,3,3,3,3,3,0,23,21,23,24,27,25,23,23,26,25,24,0,9,9,9,9,9,9,9,9,9,9,9,1,2,3,1,1,2,0,1,1,1,2,3,0,0,0,0,1,1,1,1,2,0,0,0,1,2,3,0,0,0,0,0,0,0,1,1,1,1,2,0,0,0,0,0,0,0,0,0,0,0,0,2486267,2210883,50120,325532,779252,23,264,9,1064
91,2018,10,1,2.5,10,2,42,6,1,2,3,1,2,1,1,2008,2009,1,1,2,2,2,1,2,2,2,2,2,1,1,2,2,2,2,1,1,2,2,,1,2,1,2,1,1,1,2,2,2,2,2,2,2,1,2,2,2,2,2,2,2,2,2,2,2,2,2,1,2,2,4,4,4,4,4,0,4,0,4,4,4,4,24,24,25,26,26,0,23,0,23,21,22,26,6,6,6,6,6,0,6,0,6,6,6,6,3,1,4,2,1,3,1,0,1,3,1,4,0,0,0,1,0,1,2,1,3,0,0,0,3,1,4,0,0,0,1,0,1,1,0,1,1,1,2,0,0,0,0,0,0,0,0,0,0,0,0,3944075,3689828,0,598349,1666456,24,240,6,1065
91,2019,10,1,2.5,10,2,43,6,2,2,3,2,1,2,2,2008,2009,1,2,2,2,1,1,2,2,2,2,2,1,2,2,2,2,2,1,1,1,2,1,2,1,1,1,1,2,1,2,2,2,2,2,1,2,2,2,2,2,2,2,2,2,2,2,1,2,2,1,1,1,1,0,4,0,4,4,0,4,4,4,4,4,4,0,25,0,28,24,0,26,25,25,25,27,30,0,8,0,8,8,0,8,8,8,8,8,8,3,1,4,2,1,3,1,0,1,3,1,4,0,0,0,1,0,1,2,1,3,0,0,0,3,1,4,0,0,0,1,0,1,1,0,1,1,1,2,0,0,0,0,0,0,0,0,0,0,0,0,2994935,4178654,51904,381789,2265471,23,235,8,1065
91,2020,10,1,2.5,10,2,44,6,1,2,4,2,1,1,1,2008,2008,1,2,1,2,1,2,2,2,2,2,1,2,,2,2,2,2,2,2,2,2,,1,2,2,2,2,1,1,2,2,2,2,2,2,2,2,2,2,1,2,1,1,2,2,2,2,1,2,2,2,2,1,5,5,5,0,5,5,5,5,0,5,0,5,21,28,21,0,25,29,22,24,0,28,0,23,6,6,6,0,6,6,6,6,0,6,0,6,4,1,5,2,1,3,2,0,2,4,1,5,0,0,0,1,0,1,3,1,4,0,0,0,4,1,5,0,0,0,1,0,1,1,0,1,1,1,2,1,0,1,0,0,0,0,0,0,0,0,0,3587876,4032754,0,503075,1618605,19,221,6,1065
91,2021,10,1,2.5,10,2,45,6,1,1,4,2,2,1,2,2008,2009,2,2,1,2,2,2,1,2,2,2,2,2,,2,1,2,2,2,2,2,2,,2,2,1,2,2,1,1,2,2,2,2,1,2,2,2,2,1,2,2,2,2,2,2,1,2,2,2,2,1,2,1,6,6,6,6,6,6,0,6,6,6,6,6,24,27,24,26,26,24,0,25,26,26,25,22,7,7,7,7,7,7,0,7,7,7,7,7,4,2,6,2,1,3,2,1,3,4,2,6,0,0,0,1,1,2,3,1,4,0,0,0,4,2,6,0,0,0,1,0,1,1,1,2,1,1,2,1,0,1,0,0,0,0,0,0,0,0,0,3256773,5962534,33045,407527,2636911,23,275,7,1065
91,2022,10,1,2.5,10,2,46,6,2,2,4,2,1,1,2,2008,2008,2,1,1,2,1,2,2,2,1,2,1,2,3,1,2,2,2,2,2,2,2,2,2,1,2,1,2,1,3,2,2,2,2,2,2,2,2,2,2,2,2,2,2,1,2,2,2,2,2,2,2,1,2,0,8,8,8,8,8,8,8,8,8,8,8,0,22,23,27,26,21,24,28,27,24,26,25,0,11,11,11,11,11,11,11,11,11,11,11,6,2,8,4,1,5,2,1,3,6,2,8,0,0,0,2,1,3,4,1,5,0,0,0,6,2,8,0,0,0,1,0,1,2,1,3,2,1,3,1,0,1,0,0,0,0,0,0,0,0,0,4878983,7420945,0,1879366,3470463,24,273,11,1065
34,2018,10,1,2.6,10,2,50,8,2,1,2,1,2,1,1,2005,2005,2,1,2,1,2,1,1,1,2,2,1,1,,2,2,2,2,2,2,2,2,,2,2,2,2,1,2,2,2,2,2,2,1,2,2,2,2,2,2,2,2,2,2,1,1,2,2,1,2,2,2,1,0,2,2,2,2,2,2,2,2,0,2,2,0,28,25,27,27,24,24,25,25,0,25,22,0,7,7,7,7,7,7,7,7,0,7,7,2,0,2,1,0,1,1,0,1,2,0,2,0,0,0,1,0,1,1,0,1,0,0,0,2,0,2,0,0,0,0,0,0,1,0,1,1,0,1,0,0,0,0,0,0,0,0,0,0,0,0,1124122,1120738,0,169138,467388,23,252,7,1066
34,2019,10,1,2.6,10,2,51,8,2,1,4,2,1,2,2,2005,2005,2,1,2,1,2,1,2,2,1,2,2,1,5,2,2,2,2,2,2,2,2,3,1,1,2,1,2,2,4,1,2,2,2,2,2,2,2,2,2,1,2,2,2,1,1,2,1,2,2,2,2,2,1,2,2,2,0,2,2,0,2,2,2,2,2,23,27,27,0,23,28,0,26,23,27,27,25,7,7,7,0,7,7,0,7,7,7,7,7,2,0,2,1,0,1,1,0,1,2,0,2,0,0,0,1,0,1,1,0,1,0,0,0,2,0,2,0,0,0,0,0,0,1,0,1,1,0,1,0,0,0,0,0,0,0,0,0,0,0,0,1304310,1404228,16179,74964,790291,30,256,7,1066
34,2020,10,1,2.6,10,2,52,8,1,2,5,1,2,1,2,2005,2006,2,2,2,1,1,2,2,2,2,2,2,2,5,2,2,2,2,2,2,2,2,,2,1,1,2,2,2,5,2,2,2,2,1,2,1,2,1,2,2,1,2,1,2,2,2,2,2,2,2,1,1,2,0,3,3,3,3,3,3,3,3,3,3,3,0,21,27,26,26,25,26,24,23,26,24,24,0,9,9,9,9,9,9,9,9,9,9,9,3,0,3,2,0,2,1,0,1,3,0,3,0,0,0,1,0,1,2,0,2,0,0,0,3,0,3,0,0,0,1,0,1,1,0,1,1,0,1,0,0,0,0,0,0,0,0,0,0,0,0,2923069,1224096,0,140056,842099,23,272,9,1066
34,2021,10,1,2.6,10,2,53,8,2,1,1,1,2,2,2,2005,2006,2,2,2,1,2,1,2,1,2,2,2,2,5,2,2,2,2,2,2,2,2,2,2,2,1,2,2,2,1,2,2,1,2,2,2,2,2,2,2,2,2,2,1,2,2,1,1,2,2,1,1,2,1,4,4,4,4,4,4,0,4,4,4,4,0,23,24,18,23,25,26,0,25,25,25,27,0,6,6,6,6,6,6,0,6,6,6,6,0,4,0,4,2,0,2,2,0,2,4,0,4,0,0,0,1,0,1,3,0,3,0,0,0,4,0,4,0,0,0,1,0,1,1,0,1,1,0,1,1,0,1,0,0,0,0,0,0,0,0,0,2373171,1908271,41120,327194,1018779,26,241,6,1066
34,2022,10,1,2.6,10,2,54,8,2,2,4,1,1,2,2,2005,2005,2,1,2,2,2,1,1,2,2,1,1,1,3,2,2,2,2,2,1,2,2,,2,1,2,2,2,1,4,2,2,2,1,1,2,2,2,2,2,2,2,2,2,2,1,1,1,2,2,1,2,2,2,4,4,4,4,4,4,4,4,0,4,4,4,22,27,24,27,25,24,23,25,0,25,21,23,6,6,6,6,6,6,6,6,0,6,6,6,4,0,4,2,0,2,2,0,2,4,0,4,0,0,0,1,0,1,3,0,3,0,0,0,4,0,4,0,0,0,1,0,1,1,0,1,1,0,1,1,0,1,0,0,0,0,0,0,0,0,0,2282393,1960379,17145,376663,969024,23,266,6,1066
34,2019,16,2,2.7,16,2,47,3,1,2,4,1,1,1,2,2008,2009,2,2,2,2,1,1,1,1,2,2,2,2,,2,2,1,2,2,2,2,2,,1,1,2,1,1,1,2,2,2,2,2,2,2,2,1,2,2,2,2,2,2,2,2,1,2,2,2,2,2,2,1,16,16,16,16,16,16,16,16,16,16,16,16,21,25,22,23,21,23,27,24,23,23,26,25,7,7,7,7,7,7,7,7,7,7,7,7,9,7,16,7,6,13,2,1,3,9,7,16,0,0,0,2,2,4,7,5,12,0,0,0,9,7,16,1,1,2,2,1,3,2,2,4,3,2,5,1,1,2,0,0,0,0,0,0,0,0,0,24620289,8710621,177141,1090432,5093690,24,283,7,1067
34,2020,16,2,2.7,16,2,48,3,1,1,3,2,2,2,2,2008,2009,1,2,2,2,2,2,2,2,2,1,2,2,,2,2,2,1,2,2,2,2,,2,1,1,2,2,2,3,2,2,2,2,2,2,2,2,2,1,2,1,2,2,2,1,2,2,2,2,1,1,2,2,17,17,17,17,17,17,17,17,0,17,17,17,21,23,21,23,24,23,22,23,0,23,25,25,10,10,10,10,10,10,10,10,0,10,10,10,9,8,17,7,7,14,2,1,3,9,8,17,0,0,0,2,2,4,7,6,13,0,0,0,9,8,17,1,1,2,2,2,4,2,2,4,3,2,5,1,1,2,0,0,0,0,0,0,0,0,0,22067365,9780062,167029,727277,4422790,20,253,10,1067
34,2021,16,2,2.7,16,2,49,3,1,1,3,2,2,1,2,2008,2008,2,2,2,2,2,2,2,1,1,2,2,2,,2,2,2,2,2,2,1,2,,2,2,2,1,2,2,3,2,2,2,2,2,2,2,2,2,2,2,2,2,1,2,2,1,2,2,2,2,1,2,1,17,0,17,17,17,17,0,0,17,17,17,17,23,0,25,23,24,26,0,0,24,25,23,26,6,0,6,6,6,6,0,0,6,6,6,6,9,8,17,7,7,14,2,1,3,9,8,17,0,0,0,2,2,4,7,6,13,0,0,0,9,8,17,1,1,2,2,2,4,2,2,4,3,2,5,1,1,2,0,0,0,0,0,0,0,0,0,27552131,12381035,0,2297421,6736996,25,219,6,1067
32,2019,23,1,2.8,23,2,44,3,2,1,4,2,1,2,1,2018,2019,2,2,1,2,2,2,2,1,2,2,2,1,2,1,2,2,2,2,2,2,2,3,2,1,2,2,2,1,1,2,2,1,2,2,2,2,2,2,1,2,2,2,2,2,2,2,2,2,2,1,2,2,2,3,0,3,3,3,0,3,3,3,3,3,3,24,0,24,25,26,0,24,26,23,24,25,22,10,0,10,10,10,0,10,10,10,10,10,10,2,1,3,1,1,2,1,0,1,2,1,3,0,0,0,1,0,1,1,1,2,0,0,0,2,1,3,0,0,0,0,0,0,1,0,1,1,1,2,0,0,0,0,0,0,0,0,0,0,0,0,2212836,761640,0,79784,228460,28,243,10,1068
32,2020,23,1,2.8,23,2,45,3,1,1,1,1,1,2,1,2018,2019,2,1,2,1,2,2,2,2,2,2,2,1,3,2,1,2,2,2,2,2,1,,1,2,2,1,1,2,4,2,2,2,2,2,2,2,2,2,2,1,2,2,2,2,2,2,2,2,2,2,1,1,2,3,3,3,3,3,3,3,3,3,3,3,3,26,24,27,23,23,27,25,23,21,27,19,27,12,12,12,12,12,12,12,12,12,12,12,12,2,1,3,1,1,2,1,0,1,2,1,3,0,0,0,1,0,1,1,1,2,0,0,0,2,1,3,0,0,0,0,0,0,1,0,1,1,1,2,0,0,0,0,0,0,0,0,0,0,0,0,2231023,761274,20870,107146,271445,26,292,12,1068
32,2021,23,1,2.8,23,2,46,3,1,2,4,1,1,1,2,2018,2018,2,1,2,1,2,2,1,1,2,1,2,1,,2,1,2,2,2,2,2,1,2,2,2,1,2,2,2,2,2,2,2,2,1,2,2,2,2,2,2,2,1,2,2,2,2,2,2,2,2,1,1,1,3,3,3,3,3,3,3,3,3,3,3,3,26,23,24,23,24,24,23,27,25,26,25,25,9,9,9,9,9,9,9,9,9,9,9,9,2,1,3,1,1,2,1,0,1,2,1,3,0,0,0,1,0,1,1,1,2,0,0,0,2,1,3,0,0,0,0,0,0,1,0,1,1,1,2,0,0,0,0,0,0,0,0,0,0,0,0,2871729,678801,8909,101776,302214,26,295,9,1068
31,2018,10,2,2.9,10,2,28,6,1,2,1,1,2,1,1,2015,2016,2,2,2,1,2,2,2,2,1,2,2,2,2,2,2,2,2,2,2,1,2,,1,2,2,2,2,1,3,1,2,2,2,1,2,2,2,2,2,2,2,2,2,2,2,2,2,2,2,2,1,1,1,0,0,0,14,14,14,0,14,14,14,14,14,0,0,0,24,24,20,0,24,24,27,22,26,0,0,0,5,5,5,0,5,5,5,5,5,8,6,14,7,5,12,1,1,2,8,6,14,0,0,0,2,2,4,6,4,10,0,0,0,8,6,14,1,0,1,2,1,3,2,2,4,2,2,4,1,1,2,0,0,0,0,0,0,0,0,0,24255169,4202378,0,702764,2541809,20,191,5,1069
31,2019,10,2,2.9,10,2,29,6,2,2,5,1,1,1,2,2015,2015,2,1,2,1,2,2,2,1,2,2,1,2,1,2,1,2,2,2,1,2,2,,1,2,2,2,1,2,3,2,2,2,2,2,2,2,2,2,1,2,2,2,2,2,2,2,2,2,2,1,1,2,2,16,16,0,16,16,16,16,16,16,16,16,16,23,24,0,24,24,26,18,23,24,26,24,27,9,9,0,9,9,9,9,9,9,9,9,9,9,7,16,8,6,14,1,1,2,9,7,16,0,0,0,2,2,4,7,5,12,0,0,0,9,7,16,1,1,2,2,1,3,2,2,4,3,2,5,1,1,2,0,0,0,0,0,0,0,0,0,18475917,4221681,156577,499500,2187137,23,263,9,1069
31,2020,10,2,2.9,10,2,30,6,1,2,5,1,2,1,1,2015,2015,2,2,2,2,1,2,1,2,2,2,2,1,,2,2,2,2,2,1,2,2,,1,2,1,2,2,2,3,2,2,2,2,2,1,2,2,2,2,2,2,2,2,2,2,2,2,2,2,2,2,2,2,10,10,0,10,10,10,10,10,10,10,0,0,24,25,0,26,21,24,26,21,20,24,0,0,5,5,0,5,5,5,5,5,5,5,0,0,6,4,10,5,3,8,1,1,2,6,4,10,0,0,0,2,1,3,4,3,7,0,0,0,6,4,10,0,0,0,1,1,2,2,1,3,2,1,3,1,1,2,0,0,0,0,0,0,0,0,0,12508015,2568558,46827,221564,1277889,24,211,5,1069
31,2021,10,2,2.9,10,2,31,6,1,1,1,2,2,2,2,2015,2015,2,2,2,1,2,2,2,2,2,1,1,2,3,2,2,2,2,2,1,2,1,,2,2,2,1,1,2,3,2,2,2,2,2,2,2,2,2,2,2,2,2,2,2,2,2,1,2,2,1,1,2,1,12,12,0,12,0,12,0,12,12,12,12,12,23,25,0,20,0,25,0,21,20,26,26,24,7,7,0,7,0,7,0,7,7,7,7,7,7,5,12,6,4,10,1,1,2,7,5,12,0,0,0,2,1,3,5,4,9,0,0,0,7,5,12,1,0,1,1,1,2,2,1,3,2,2,4,1,1,2,0,0,0,0,0,0,0,0,0,18488884,2510823,25168,318852,880938,26,210,7,1069
31,2022,10,2,2.9,10,2,32,6,2,2,2,2,1,1,2,2015,2016,2,2,2,2,2,2,2,2,1,1,2,1,,2,2,2,2,2,2,2,2,,2,1,2,2,2,2,2,2,2,1,2,2,2,2,2,2,2,2,2,2,2,2,2,2,2,2,2,1,2,2,2,13,13,13,13,13,0,13,13,13,13,0,13,24,23,23,27,24,0,28,26,22,27,0,26,7,7,7,7,7,0,7,7,7,7,0,7,8,5,13,7,4,11,1,1,2,8,5,13,0,0,0,2,1,3,6,4,10,0,0,0,8,5,13,1,0,1,2,1,3,2,1,3,2,2,4,1,1,2,0,0,0,0,0,0,0,0,0,18161969,1908147,40500,371736,1140659,25,250,7,1069
62,2019,18,2,3.0,18,2,41,6,2,2,4,2,2,2,2,2005,2006,2,2,2,1,2,2,1,1,2,2,2,2,2,2,1,2,2,1,1,2,1,2,1,2,2,2,2,1,1,2,1,2,2,2,2,2,2,2,2,2,1,2,2,2,2,2,2,2,2,2,2,2,1,16,16,16,0,16,16,0,16,16,0,16,0,21,26,28,0,22,27,0,29,23,0,24,0,9,9,9,0,9,9,0,9,9,0,9,0,10,6,16,10,6,16,0,0,0,10,6,16,0,0,0,3,2,5,7,4,11,0,0,0,10,6,16,1,0,1,2,1,3,2,2,4,3,2,5,1,1,2,1,0,1,0,0,0,0,0,0,23884621,4292321,0,409719,2903479,26,200,9,1070
62,2020,18,2,3.0,18,2,42,6,2,2,2,1,2,1,2,2005,2006,2,2,2,2,2,1,2,2,2,2,1,1,4,2,2,2,2,2,2,2,1,2,1,2,1,1,1,2,2,2,2,2,1,2,2,1,2,1,2,2,1,2,2,2,2,1,2,2,2,1,2,1,1,16,16,16,16,16,0,0,16,16,16,16,16,25,28,22,23,22,0,0,25,27,25,25,24,8,8,8,8,8,0,0,8,8,8,8,8,10,6,16,10,6,16,0,0,0,10,6,16,0,0,0,3,2,5,7,4,11,0,0,0,10,6,16,1,0,1,2,1,3,2,2,4,3,2,5,1,1,2,1,0,1,0,0,0,0,0,0,26812942,4904401,0,452406,1903055,23,246,8,1070
62,2021,18,2,3.0,18,2,43,6,2,2,3,1,2,1,1,2005,2005,2,1,2,1,1,1,2,1,2,1,1,1,,2,2,2,2,2,2,2,2,,2,2,1,2,2,1,3,2,2,2,2,2,2,2,2,2,2,2,2,2,2,2,2,2,2,1,2,2,2,2,2,19,19,19,19,19,19,19,19,19,19,19,19,24,24,24,24,26,28,26,24,25,27,25,23,8,8,8,8,8,8,8,8,8,8,8,8,12,7,19,12,7,19,0,0,0,12,7,19,0,0,0,3,2,5,9,5,14,0,0,0,12,7,19,1,1,2,2,1,3,3,2,5,3,2,5,1,1,2,1,0,1,1,0,1,0,0,0,38159534,6050233,0,551035,3324953,25,300,8,1070
62,2022,18,2,3.0,18,2,44,6,1,1,2,2,2,1,2,2005,2005,2,2,1,1,1,1,2,2,2,1,2,2,,2,2,1,2,2,1,2,2,,2,2,2,1,1,1,2,2,2,2,2,2,2,2,2,2,2,2,2,2,2,2,2,2,2,2,2,1,1,2,2,19,19,19,0,19,0,19,19,19,19,19,19,23,21,26,0,19,0,22,19,22,26,24,27,9,9,9,0,9,0,9,9,9,9,9,9,12,7,19,12,7,19,0,0,0,12,7,19,0,0,0,3,2,5,9,5,14,0,0,0,12,7,19,1,1,2,2,1,3,3,2,5,3,2,5,1,1,2,1,0,1,1,0,1,0,0,0,34770063,8388335,0,848765,4895472,28,229,9,1070
61,2022,25,2,3.1,25,1,51,8,1,1,1,1,1,2,1,2014,2015,2,1,2,2,2,1,1,2,2,2,2,2,1,2,2,2,2,1,2,2,2,1,1,1,2,1,1,2,5,1,2,2,2,2,2,2,2,2,2,2,2,2,2,1,2,2,2,2,1,1,2,1,1,0,5,0,5,0,5,5,5,5,5,5,5,0,24,0,23,0,24,23,26,22,25,29,22,0,8,0,8,0,8,8,8,8,8,8,8,4,1,5,3,1,4,1,0,1,4,1,5,0,0,0,1,0,1,3,1,4,0,0,0,4,1,5,0,0,0,1,0,1,1,0,1,1,1,2,1,0,1,0,0,0,0,0,0,0,0,0,6577217,2385075,0,326559,948481,24,218,8,1071
15,2022,20,1,3.2,20,1,55,4,2,2,4,2,2,1,2,2017,2017,2,2,2,2,1,2,1,2,2,2,2,2,,2,1,2,2,1,2,2,2,,2,2,2,1,2,2,2,2,2,2,2,2,2,2,2,2,2,2,2,2,1,2,1,2,2,2,2,1,2,2,1,3,3,0,3,3,3,3,3,3,3,3,3,26,25,0,22,25,24,24,26,24,24,26,20,5,5,0,5,5,5,5,5,5,5,5,5,2,1,3,1,1,2,1,0,1,2,1,3,0,0,0,1,0,1,1,1,2,0,0,0,2,1,3,0,0,0,0,0,0,1,0,1,1,1,2,0,0,0,0,0,0,0,0,0,0,0,0,2502560,3084597,0,466451,1345799,22,266,5,1072
33,2018,22,1,3.3,22,1,34,3,1,2,4,1,1,1,2,2010,2010,2,2,2,1,1,2,2,1,2,2,1,1,5,2,2,2,2,2,2,2,2,3,2,1,2,2,1,1,3,2,2,2,2,2,2,2,1,2,2,2,2,2,1,2,2,2,2,2,1,2,2,1,1,4,4,4,4,4,4,4,4,4,4,4,0,24,27,26,24,26,21,24,24,27,20,26,0,12,12,12,12,12,12,12,12,12,12,12,0,3,1,4,2,1,3,1,0,1,3,1,4,0,0,0,1,0,1,2,1,3,0,0,0,3,1,4,0,0,0,1,0,1,1,0,1,1,1,2,0,0,0,0,0,0,0,0,0,0,0,0,3720238,1596448,33649,220168,838912,24,269,12,1073
33,2019,22,1,3.3,22,1,35,3,2,2,2,1,1,2,2,2010,2010,2,1,2,2,1,1,1,1,2,2,1,1,,2,1,2,2,2,2,2,1,,1,1,2,1,2,2,5,2,2,2,2,2,2,2,2,1,2,2,1,2,2,2,2,2,2,2,2,2,2,1,1,4,4,4,4,4,4,4,4,0,4,4,4,24,23,26,20,24,25,24,26,0,24,26,26,9,9,9,9,9,9,9,9,0,9,9,9,3,1,4,2,1,3,1,0,1,3,1,4,0,0,0,1,0,1,2,1,3,0,0,0,3,1,4,0,0,0,1,0,1,1,0,1,1,1,2,0,0,0,0,0,0,0,0,0,0,0,0,4530408,1688987,0,140600,848587,21,268,9,1073
33,2020,22,1,3.3,22,1,36,3,2,2,3,1,2,2,2,2010,2011,2,1,2,1,1,2,2,1,2,2,1,2,,2,2,1,2,2,2,2,2,,2,1,1,2,2,2,1,2,2,1,2,2,2,2,2,2,2,2,2,2,2,2,2,2,2,2,2,1,1,2,1,4,4,4,4,4,4,4,4,4,4,4,0,23,25,26,22,25,23,24,26,23,21,23,0,6,6,6,6,6,6,6,6,6,6,6,0,3,1,4,2,1,3,1,0,1,3,1,4,0,0,0,1,0,1,2,1,3,0,0,0,3,1,4,0,0,0,1,0,1,1,0,1,1,1,2,0,0,0,0,0,0,0,0,0,0,0,0,4035308,1849869,0,160703,937247,24,261,6,1073
33,2021,22,1,3.3,22,1,37,3,2,2,2,2,2,1,2,2010,2011,2,1,2,2,2,2,1,1,2,1,2,2,,2,2,1,2,2,1,2,2,,2,2,1,1,2,1,1,2,2,2,2,2,2,2,2,2,2,2,2,2,1,2,2,2,2,2,2,1,2,2,1,4,4,4,4,4,4,0,4,4,4,4,4,25,24,25,25,23,21,0,23,21,24,25,26,8,8,8,8,8,8,0,8,8,8,8,8,3,1,4,2,1,3,1,0,1,3,1,4,0,0,0,1,0,1,2,1,3,0,0,0,3,1,4,0,0,0,1,0,1,1,0,1,1,1,2,0,0,0,0,0,0,0,0,0,0,0,0,4335535,1992577,56163,234423,1015644,28,262,8,1073
33,2022,22,1,3.3,22,1,38,3,2,2,5,1,2,2,1,2010,2010,2,2,2,2,2,1,1,2,1,2,1,2,3,2,1,1,2,2,2,2,2,,2,2,2,1,2,2,4,2,2,2,2,2,2,2,2,1,2,2,2,2,2,2,1,2,2,1,2,2,1,1,1,5,5,5,5,0,0,5,0,5,5,5,5,21,25,21,26,0,0,27,0,22,24,25,25,10,10,10,10,0,0,10,0,10,10,10,10,3,2,5,2,1,3,1,1,2,3,2,5,0,0,0,1,1,2,2,1,3,0,0,0,3,2,5,0,0,0,1,0,1,1,1,2,1,1,2,0,0,0,0,0,0,0,0,0,0,0,0,3728256,1959124,0,155864,900962,26,216,10,1073
31,2022,31,1,3.4,31,2,44,5,1,1,3,2,1,1,2,2018,2019,2,2,1,1,2,1,2,1,2,1,2,2,,2,2,2,2,2,2,2,1,,2,1,2,2,2,2,1,2,2,1,1,2,2,2,2,2,2,2,2,1,2,2,2,1,1,2,2,1,2,1,1,2,2,2,2,0,2,2,2,2,2,2,2,24,26,26,24,0,22,23,27,24,26,21,24,7,7,7,7,0,7,7,7,7,7,7,7,1,1,2,1,1,2,0,0,0,1,1,2,0,0,0,0,0,0,1,1,2,0,0,0,1,1,2,0,0,0,0,0,0,0,0,0,1,1,2,0,0,0,0,0,0,0,0,0,0,0,0,3406223,1645565,0,276595,938642,27,267,7,1074
35,2019,14,2,3.5,14,2,28,4,2,2,2,2,1,1,2,2007,2007,2,1,2,2,2,2,2,2,2,1,1,1,2,2,2,1,2,2,2,2,1,,1,1,2,1,1,2,5,2,2,2,2,2,2,2,2,2,2,2,2,2,2,2,2,2,2,2,2,2,2,1,1,13,13,0,13,13,13,13,13,13,13,13,13,25,25,0,24,24,21,24,24,27,23,24,21,5,5,0,5,5,5,5,5,5,5,5,5,5,8,13,4,7,11,1,1,2,5,8,13,0,0,0,1,2,3,4,6,10,0,0,0,5,8,13,0,1,1,1,2,3,1,2,3,2,2,4,1,1,2,0,0,0,0,0,0,0,0,0,22378609,3540439,0,323150,1415464,24,262,5,1075
35,2020,14,2,3.5,14,2,29,4,2,2,3,2,2,2,1,2007,2007,2,1,1,2,2,2,2,2,2,1,2,2,,2,2,2,2,2,2,1,1,,2,2,1,2,2,2,5,2,2,2,2,2,1,2,2,1,1,2,1,2,2,2,2,2,2,2,2,2,2,1,2,14,14,14,14,14,14,14,14,14,14,14,0,26,26,25,24,21,22,25,25,22,26,28,0,7,7,7,7,7,7,7,7,7,7,7,0,5,9,14,4,7,11,1,2,3,5,9,14,0,0,0,1,2,3,4,7,11,0,0,0,5,9,14,0,1,1,1,2,3,1,2,3,2,3,5,1,1,2,0,0,0,0,0,0,0,0,0,15854419,2895909,0,313506,1360109,25,270,7,1075
35,2021,14,2,3.5,14,2,30,4,1,2,5,1,2,2,2,2007,2007,2,2,2,1,1,1,1,2,2,2,2,2,,2,1,2,2,2,2,2,2,,2,1,2,1,2,2,1,2,2,2,2,1,2,2,2,1,2,2,2,2,2,2,2,2,2,2,1,2,2,2,1,15,15,15,15,15,15,15,0,15,15,15,0,26,25,23,23,22,22,25,0,25,27,25,0,5,5,5,5,5,5,5,0,5,5,5,0,5,10,15,4,8,12,1,2,3,5,10,15,0,0,0,1,3,4,4,7,11,0,0,0,5,10,15,0,1,1,1,2,3,1,2,3,2,3,5,1,1,2,0,1,1,0,0,0,0,0,0,18308207,3192488,44467,301932,1695855,24,243,5,1075
35,2022,14,2,3.5,14,2,31,4,2,1,2,1,1,1,1,2007,2007,2,2,2,2,2,1,1,2,2,2,2,2,,2,2,2,2,2,2,2,1,,2,2,2,1,2,1,3,2,2,2,2,2,2,1,2,2,2,2,2,2,2,2,2,2,1,2,2,1,2,1,2,0,16,16,16,16,16,16,16,16,16,16,16,0,23,24,22,26,26,25,23,22,21,20,23,0,5,5,5,5,5,5,5,5,5,5,5,6,10,16,5,8,13,1,2,3,6,10,16,0,0,0,2,3,5,4,7,11,0,0,0,6,10,16,0,1,1,1,2,3,2,2,4,2,3,5,1,1,2,0,1,1,0,0,0,0,0,0,22547368,3960539,0,152646,1437603,22,255,5,1075
35,2019,31,1,3.6,31,1,25,2,2,1,1,1,2,1,2,2017,2017,2,2,1,2,2,2,1,2,2,1,1,2,4,2,2,2,1,2,2,2,1,,2,2,2,2,2,1,5,1,1,2,1,1,2,2,2,2,2,2,2,2,2,2,2,2,2,1,2,2,1,1,2,4,0,4,4,0,4,4,4,4,4,4,4,23,0,24,25,0,26,25,25,27,22,25,25,6,0,6,6,0,6,6,6,6,6,6,6,3,1,4,2,1,3,1,0,1,3,1,4,0,0,0,1,0,1,2,1,3,0,0,0,3,1,4,0,0,0,1,0,1,1,0,1,1,1,2,0,0,0,0,0,0,0,0,0,0,0,0,4134589,1381098,46313,148667,676756,26,247,6,1076
35,2020,31,1,3.6,31,1,26,2,1,2,2,1,1,2,1,2017,2017,2,2,2,2,2,2,2,2,1,1,2,2,,2,2,2,2,2,2,1,2,,1,1,1,2,1,1,1,2,2,2,2,2,2,2,2,2,2,1,2,2,2,2,2,2,2,2,2,2,2,2,1,4,4,4,4,4,4,4,4,4,4,4,4,22,26,24,25,28,25,24,24,22,24,26,24,8,8,8,8,8,8,8,8,8,8,8,8,3,1,4,2,1,3,1,0,1,3,1,4,0,0,0,1,0,1,2,1,3,0,0,0,3,1,4,0,0,0,1,0,1,1,0,1,1,1,2,0,0,0,0,0,0,0,0,0,0,0,0,4216080,1788941,0,214309,837919,24,294,8,1076
35,2021,31,1,3.6,31,1,27,2,1,2,2,2,1,2,2,2017,2017,1,2,1,1,2,1,2,2,2,2,2,1,,2,1,2,2,2,2,2,2,,2,1,2,2,2,2,1,2,2,2,2,2,2,2,2,2,2,2,2,2,2,2,2,2,2,2,2,1,2,1,1,4,4,0,4,4,4,0,4,4,4,0,0,26,23,0,23,24,20,0,26,26,24,0,0,7,7,0,7,7,7,0,7,7,7,0,0,3,1,4,2,1,3,1,0,1,3,1,4,0,0,0,1,0,1,2,1,3,0,0,0,3,1,4,0,0,0,1,0,1,1,0,1,1,1,2,0,0,0,0,0,0,0,0,0,0,0,0,3561162,2361578,58738,181613,1009890,22,192,7,1076
35,2022,31,1,3.6,31,1,28,2,1,2,3,1,2,1,2,2017,2018,2,2,1,1,1,1,2,2,1,2,2,1,2,2,2,2,2,2,2,1,2,,2,2,2,1,2,2,4,2,2,2,2,1,2,2,2,2,2,1,2,2,2,2,2,2,2,2,2,1,1,2,2,5,5,5,0,5,5,5,5,5,5,5,5,21,26,25,0,25,21,27,23,22,24,23,26,9,9,9,0,9,9,9,9,9,9,9,9,4,1,5,2,1,3,2,0,2,4,1,5,0,0,0,1,0,1,3,1,4,0,0,0,4,1,5,0,0,0,1,0,1,1,0,1,1,1,2,1,0,1,0,0,0,0,0,0,0,0,0,3928063,2490759,0,350904,945053,24,263,9,1076
32,2022,20,1,3.7,20,1,41,6,2,2,1,2,1,1,1,2019,2020,2,1,2,1,2,1,2,1,2,2,2,2,,2,2,2,2,2,2,2,2,2,2,2,2,2,2,1,4,2,2,2,2,2,1,2,2,2,2,2,2,2,2,1,2,2,2,2,2,1,1,2,2,1,1,1,1,1,1,1,1,1,1,1,1,25,22,22,22,24,26,26,25,25,25,23,26,8,8,8,8,8,8,8,8,8,8,8,8,1,0,1,1,0,1,0,0,0,1,0,1,0,0,0,0,0,0,1,0,1,0,0,0,1,0,1,0,0,0,0,0,0,0,0,0,1,0,1,0,0,0,0,0,0,0,0,0,0,0,0,1252933,1979662,8682,126887,790354,24,291,8,1077
33,2018,14,1,3.8,14,2,48,5,1,1,5,1,1,2,2,2012,2013,2,2,2,2,1,2,2,1,2,1,2,2,3,2,2,2,2,1,2,2,2,,2,2,1,2,2,2,4,2,2,2,2,1,2,2,2,2,2,1,2,1,1,2,1,2,2,2,1,1,1,1,2,0,1,1,1,1,1,0,1,1,1,1,1,0,27,23,27,25,24,0,25,23,24,25,23,0,5,5,5,5,5,0,5,5,5,5,5,0,1,1,0,1,1,0,0,0,0,1,1,0,0,0,0,0,0,0,1,1,0,0,0,0,1,1,0,0,0,0,0,0,0,0,0,0,1,1,0,0,0,0,0,0,0,0,0,0,0,0,1330069,1700194,23632,51006,701408,22,246,5,1078
33,2019,14,1,3.8,14,2,49,5,1,2,2,2,2,2,2,2012,2013,2,2,2,1,2,1,2,2,1,2,1,2,5,1,2,1,2,1,2,2,2,1,2,2,1,2,1,1,1,2,2,2,2,2,2,1,2,2,2,2,2,2,2,2,1,2,1,2,2,1,2,2,2,1,1,1,1,1,1,0,1,1,1,1,1,24,26,26,23,25,24,0,25,25,24,21,22,10,10,10,10,10,10,0,10,10,10,10,10,0,1,1,0,1,1,0,0,0,0,1,1,0,0,0,0,0,0,0,1,1,0,0,0,0,1,1,0,0,0,0,0,0,0,0,0,0,1,1,0,0,0,0,0,0,0,0,0,0,0,0,1162527,1846564,0,297529,731694,27,265,10,1078
33,2020,14,1,3.8,14,2,50,5,2,2,4,1,2,1,1,2012,2012,2,1,2,1,1,2,2,1,2,2,2,2,3,2,2,2,2,1,2,2,2,1,1,2,2,2,2,1,3,2,2,2,2,2,2,2,2,2,1,2,2,2,2,2,2,2,2,2,2,1,2,1,2,1,1,1,1,1,0,1,1,1,1,1,1,22,26,26,24,24,0,27,26,21,27,25,25,6,6,6,6,6,0,6,6,6,6,6,6,0,1,1,0,1,1,0,0,0,0,1,1,0,0,0,0,0,0,0,1,1,0,0,0,0,1,1,0,0,0,0,0,0,0,0,0,0,1,1,0,0,0,0,0,0,0,0,0,0,0,0,1542048,1815008,0,272408,873322,22,273,6,1078
33,2021,14,1,3.8,14,2,51,5,2,2,3,1,1,1,1,2012,2012,2,2,2,2,1,2,1,2,2,1,2,1,,2,1,2,2,1,2,1,2,2,2,2,1,2,2,2,1,2,2,2,2,2,1,2,2,2,2,2,2,1,1,2,2,2,2,2,2,1,2,2,2,1,1,1,1,1,1,1,1,1,1,1,1,21,25,25,26,22,25,24,24,22,24,24,23,10,10,10,10,10,10,10,10,10,10,10,10,0,1,1,0,1,1,0,0,0,0,1,1,0,0,0,0,0,0,0,1,1,0,0,0,0,1,1,0,0,0,0,0,0,0,0,0,0,1,1,0,0,0,0,0,0,0,0,0,0,0,0,1280384,1689987,0,252007,822150,27,285,10,1078
33,2022,14,1,3.8,14,2,52,5,2,2,1,1,2,1,2,2012,2013,2,2,1,2,2,2,2,2,2,2,2,2,,2,2,2,2,2,2,2,1,1,2,1,1,2,1,1,2,2,1,2,2,2,2,2,2,2,1,2,2,1,2,2,2,2,2,2,2,1,1,1,1,1,1,0,1,1,1,1,1,1,1,1,1,26,24,0,26,25,27,23,24,24,28,21,24,6,6,0,6,6,6,6,6,6,6,6,6,0,1,1,0,1,1,0,0,0,0,1,1,0,0,0,0,0,0,0,1,1,0,0,0,0,1,1,0,0,0,0,0,0,0,0,0,0,1,1,0,0,0,0,0,0,0,0,0,0,0,0,1340632,2019743,31811,231937,894612,26,272,6,1078
32,2020,22,1,3.9,22,1,45,6,2,1,5,1,2,2,2,2010,2011,2,2,2,1,2,1,2,2,2,1,2,2,,2,2,2,2,2,2,1,2,,2,2,1,2,2,2,4,1,2,2,2,2,2,2,2,2,2,2,2,2,2,2,2,2,2,2,2,2,1,2,1,1,1,1,1,1,1,1,1,1,1,1,1,23,24,24,24,22,26,24,24,20,24,23,24,9,9,9,9,9,9,9,9,9,9,9,9,1,0,1,1,0,1,0,0,0,1,0,1,0,0,0,0,0,0,1,0,1,0,0,0,1,0,1,0,0,0,0,0,0,0,0,0,1,0,1,0,0,0,0,0,0,0,0,0,0,0,0,1277312,2299123,102141,248851,946834,22,282,9,1079
32,2021,22,1,3.9,22,1,46,6,1,1,5,1,2,2,2,2010,2011,2,2,1,1,2,1,2,2,2,2,2,2,1,2,2,1,2,2,2,1,1,,2,1,2,1,1,2,2,2,1,2,2,2,2,2,2,1,2,2,1,2,2,2,2,2,2,1,2,1,1,1,1,1,1,1,1,0,1,1,1,1,1,1,0,25,24,24,21,0,26,28,27,28,29,26,0,7,7,7,7,0,7,7,7,7,7,7,0,1,0,1,1,0,1,0,0,0,1,0,1,0,0,0,0,0,0,1,0,1,0,0,0,1,0,1,0,0,0,0,0,0,0,0,0,1,0,1,0,0,0,0,0,0,0,0,0,0,0,0,1247662,1968136,14477,128648,785000,24,258,7,1079
32,2022,22,1,3.9,22,1,47,6,1,2,5,2,1,2,2,2010,2010,2,2,1,2,1,1,2,1,1,1,2,2,,2,2,2,2,1,2,2,2,,2,1,2,1,2,2,5,2,2,2,2,2,2,1,2,2,2,2,1,1,2,2,2,2,2,2,2,2,1,1,1,1,1,1,1,1,1,1,1,0,1,1,1,26,25,22,25,24,23,22,24,0,27,25,23,8,8,8,8,8,8,8,8,0,8,8,8,1,0,1,1,0,1,0,0,0,1,0,1,0,0,0,0,0,0,1,0,1,0,0,0,1,0,1,0,0,0,0,0,0,0,0,0,1,0,1,0,0,0,0,0,0,0,0,0,0,0,0,1168413,2332005,79555,280061,1135966,24,266,8,1079
12,2018,10,1,4.0,10,2,33,2,2,2,3,2,1,1,1,2006,2007,2,2,2,2,2,2,2,1,2,2,2,2,,1,2,2,2,2,2,2,2,1,1,2,2,1,1,1,5,2,2,2,2,2,2,2,2,2,2,2,2,2,2,2,2,2,2,2,2,2,1,1,1,3,3,3,3,0,0,3,3,3,3,0,3,22,24,22,25,0,0,25,23,25,26,0,25,7,7,7,7,0,0,7,7,7,7,0,7,2,1,3,1,1,2,1,0,1,2,1,3,0,0,0,1,0,1,1,1,2,0,0,0,2,1,3,0,0,0,0,0,0,1,0,1,1,1,2,0,0,0,0,0,0,0,0,0,0,0,0,2219285,2327764,46501,299247,812407,27,217,7,1080
12,2019,10,1,4.0,10,2,34,2,2,2,2,1,2,2,1,2006,2006,2,2,2,1,1,2,2,1,2,2,2,2,,2,1,1,2,2,2,2,1,,2,2,1,1,2,2,2,2,2,2,2,2,1,2,2,2,1,1,2,2,2,2,2,2,2,2,2,2,2,2,2,3,3,3,3,3,3,3,3,0,3,3,3,22,28,27,22,25,23,24,23,0,27,25,24,8,8,8,8,8,8,8,8,0,8,8,8,2,1,3,1,1,2,1,0,1,2,1,3,0,0,0,1,0,1,1,1,2,0,0,0,2,1,3,0,0,0,0,0,0,1,0,1,1,1,2,0,0,0,0,0,0,0,0,0,0,0,0,2412978,2068733,0,354721,1092308,26,270,8,1080
12,2020,10,1,4.0,10,2,35,2,2,2,5,2,2,1,1,2006,2007,1,2,1,2,1,1,2,2,1,1,2,2,1,1,2,2,2,2,1,2,2,,1,1,2,2,2,2,2,2,2,2,2,2,2,1,2,2,2,2,2,2,2,2,2,2,2,2,2,1,2,1,2,2,2,2,2,2,2,0,0,2,2,0,2,24,25,24,30,25,26,0,0,25,25,0,22,9,9,9,9,9,9,0,0,9,9,0,9,1,1,2,1,1,2,0,0,0,1,1,2,0,0,0,0,0,0,1,1,2,0,0,0,1,1,2,0,0,0,0,0,0,0,0,0,1,1,2,0,0,0,0,0,0,0,0,0,0,0,0,2853299,2216814,36089,180558,1214459,20,226,9,1080
12,2021,10,1,4.0,10,2,36,2,2,1,4,2,2,2,2,2006,2007,2,2,2,2,2,2,1,2,2,2,1,2,,1,1,2,2,2,2,2,2,1,2,1,2,1,2,2,5,2,2,2,2,2,2,2,2,2,2,2,2,1,2,1,2,2,2,1,2,1,1,2,2,3,3,3,3,3,3,3,3,3,3,3,3,23,26,21,24,24,27,28,22,22,25,24,27,7,7,7,7,7,7,7,7,7,7,7,7,2,1,3,1,1,2,1,0,1,2,1,3,0,0,0,1,0,1,1,1,2,0,0,0,2,1,3,0,0,0,0,0,0,1,0,1,1,1,2,0,0,0,0,0,0,0,0,0,0,0,0,2697462,1847343,52841,270120,880970,24,293,7,1080
12,2022,10,1,4.0,10,2,37,2,2,2,3,2,1,1,2,2006,2006,2,1,1,1,2,2,2,1,2,2,2,2,5,1,1,2,2,2,1,2,1,,2,2,1,1,1,1,4,2,1,2,2,2,2,2,2,1,2,2,1,2,2,2,2,2,2,2,2,2,1,1,2,3,3,3,3,3,3,3,3,3,3,3,3,24,24,23,25,25,24,26,25,22,27,25,24,8,8,8,8,8,8,8,8,8,8,8,8,2,1,3,1,1,2,1,0,1,2,1,3,0,0,0,1,0,1,1,1,2,0,0,0,2,1,3,0,0,0,0,0,0,1,0,1,1,1,2,0,0,0,0,0,0,0,0,0,0,0,0,2184321,1913930,50199,243996,464504,22,294,8,1080
35,2018,25,1,4.1,25,1,45,8,2,1,4,2,2,2,1,2012,2012,2,1,2,2,1,2,1,2,2,2,1,2,,1,2,2,2,2,1,2,2,2,1,2,2,2,2,2,2,1,2,2,2,2,2,2,2,2,2,2,2,2,2,2,2,1,2,2,2,2,2,2,2,1,1,1,1,1,1,1,1,1,1,1,1,23,23,24,24,27,26,27,23,26,26,27,26,9,9,9,9,9,9,9,9,9,9,9,9,1,0,1,0,0,0,1,0,1,1,0,1,0,0,0,0,0,0,1,0,1,0,0,0,1,0,1,0,0,0,0,0,0,0,0,0,1,0,1,0,0,0,0,0,0,0,0,0,0,0,0,0,2076235,16877,377785,850532,24,302,9,1081
35,2019,25,1,4.1,25,1,46,8,1,2,4,1,2,2,1,2012,2012,2,2,2,1,1,1,1,1,2,1,2,2,,2,2,2,2,1,2,2,1,3,2,1,1,2,2,1,1,2,2,2,2,2,2,2,2,2,2,2,2,2,2,2,2,2,1,2,2,2,2,2,2,0,1,1,1,1,1,1,1,1,1,1,1,0,24,23,24,24,25,28,21,22,22,23,21,0,7,7,7,7,7,7,7,7,7,7,7,1,0,1,0,0,0,1,0,1,1,0,1,0,0,0,0,0,0,1,0,1,0,0,0,1,0,1,0,0,0,0,0,0,0,0,0,1,0,1,0,0,0,0,0,0,0,0,0,0,0,0,0,2647114,0,445364,1120030,25,257,7,1081
35,2020,25,1,4.1,25,1,47,8,1,2,2,2,1,1,1,2012,2012,2,2,1,2,1,1,2,2,2,1,2,2,,2,1,2,2,1,2,2,2,,1,2,2,1,2,2,3,2,1,2,2,2,2,2,1,2,2,2,2,2,1,2,2,2,1,1,2,2,2,1,1,1,1,1,1,1,1,1,1,1,1,1,1,25,25,24,26,24,29,26,20,23,24,25,25,8,8,8,8,8,8,8,8,8,8,8,8,1,0,1,0,0,0,1,0,1,1,0,1,0,0,0,0,0,0,1,0,1,0,0,0,1,0,1,0,0,0,0,0,0,0,0,0,1,0,1,0,0,0,0,0,0,0,0,0,0,0,0,0,1783509,30432,53505,832011,23,296,8,1081
35,2021,25,1,4.1,25,1,48,8,2,2,3,2,1,1,2,2012,2013,2,2,2,1,2,1,2,1,1,2,1,2,,2,2,2,2,2,1,1,1,,2,2,2,1,1,2,2,2,2,2,2,2,2,2,2,2,2,1,2,1,2,2,2,1,2,2,2,2,1,2,2,1,1,1,1,1,1,0,1,1,1,1,1,26,25,22,27,22,22,0,26,23,24,25,21,7,7,7,7,7,7,0,7,7,7,7,7,1,0,1,0,0,0,1,0,1,1,0,1,0,0,0,0,0,0,1,0,1,0,0,0,1,0,1,0,0,0,0,0,0,0,0,0,1,0,1,0,0,0,0,0,0,0,0,0,0,0,0,0,2389936,64337,118378,1013930,26,263,7,1081
35,2022,25,1,4.1,25,1,49,8,1,1,2,1,2,1,1,2012,2012,2,2,1,2,2,2,2,1,2,2,2,1,3,2,2,2,2,2,2,2,2,,2,2,2,2,1,2,5,2,2,2,2,2,2,2,2,2,2,2,2,2,2,2,2,2,1,2,2,2,2,1,2,1,0,1,0,1,0,1,1,0,1,0,1,22,0,25,0,26,0,25,24,0,26,0,23,10,0,10,0,10,0,10,10,0,10,0,10,1,0,1,0,0,0,1,0,1,1,0,1,0,0,0,0,0,0,1,0,1,0,0,0,1,0,1,0,0,0,0,0,0,0,0,0,1,0,1,0,0,0,0,0,0,0,0,0,0,0,0,0,1924926,0,193050,955877,21,171,10,1081
36,2021,17,2,4.2,17,2,29,2,2,2,5,1,2,1,1,2015,2015,2,1,1,2,2,1,2,2,2,2,2,2,3,2,2,2,2,1,1,1,2,2,2,2,2,1,1,2,4,2,2,2,2,2,1,2,2,2,1,2,1,2,1,2,2,2,1,2,2,1,1,2,2,12,0,12,12,0,12,12,0,12,12,12,12,24,0,25,23,0,24,25,0,25,26,24,22,9,0,9,9,0,9,9,0,9,9,9,9,6,6,12,5,5,10,1,1,2,6,6,12,0,0,0,2,2,4,4,4,8,0,0,0,6,6,12,0,0,0,1,1,2,2,2,4,2,2,4,1,1,2,0,0,0,0,0,0,0,0,0,16527186,5229828,65033,393754,1230933,22,218,9,1082
36,2022,17,2,4.2,17,2,30,2,2,2,3,2,2,2,2,2015,2016,2,2,2,1,1,2,1,2,2,2,2,2,4,1,2,2,2,2,1,2,1,3,2,2,2,2,1,2,1,2,2,2,2,2,2,2,2,2,2,2,2,2,1,2,2,2,2,2,2,2,2,2,1,12,12,0,12,12,12,12,0,12,12,12,12,26,23,0,24,25,26,22,0,27,27,23,24,7,7,0,7,7,7,7,0,7,7,7,7,6,6,12,5,5,10,1,1,2,6,6,12,0,0,0,2,2,4,4,4,8,0,0,0,6,6,12,0,0,0,1,1,2,2,2,4,2,2,4,1,1,2,0,0,0,0,0,0,0,0,0,18489551,6118045,0,857420,2581327,24,247,7,1082
18,2018,10,1,4.3,10,2,35,3,1,2,3,1,1,2,2,2014,2014,2,2,2,1,2,1,1,2,2,2,2,2,,2,2,2,2,2,2,1,2,,2,2,1,2,2,2,1,2,2,2,2,2,2,2,2,2,2,2,2,2,2,2,2,2,2,2,2,2,2,1,1,0,4,4,4,4,4,0,4,4,0,0,4,0,20,21,29,30,24,0,24,21,0,0,23,0,7,7,7,7,7,0,7,7,0,0,7,2,2,4,1,1,2,1,1,2,2,2,4,0,0,0,1,1,2,1,1,2,0,0,0,2,2,4,0,0,0,0,0,0,1,1,2,1,1,2,0,0,0,0,0,0,0,0,0,0,0,0,2139208,2037541,67575,141194,1085365,25,192,7,1083
18,2019,10,1,4.3,10,2,36,3,1,2,2,1,1,1,1,2014,2015,2,2,2,2,2,2,2,2,2,2,2,1,1,2,1,2,2,2,2,2,2,1,2,1,1,1,2,2,5,2,2,2,1,2,2,2,2,2,2,2,1,2,2,2,1,2,2,2,2,1,2,2,2,5,0,5,0,5,5,0,5,5,5,5,5,26,0,30,0,23,26,0,26,27,26,26,20,9,0,9,0,9,9,0,9,9,9,9,9,2,3,5,1,2,3,1,1,2,2,3,5,0,0,0,1,1,2,1,2,3,0,0,0,2,3,5,0,0,0,0,1,1,1,1,2,1,1,2,0,0,0,0,0,0,0,0,0,0,0,0,3935299,2266949,30726,340319,1140882,26,230,9,1083
18,2020,10,1,4.3,10,2,37,3,1,2,5,1,1,1,1,2014,2015,2,2,2,1,2,1,2,2,2,2,1,2,1,2,1,2,2,2,2,2,2,,2,2,2,2,1,2,1,1,2,2,2,2,2,2,2,2,2,2,2,2,2,2,2,2,2,2,2,2,2,2,2,5,5,5,5,5,5,5,5,5,5,5,5,28,22,20,26,25,27,23,26,25,22,23,26,6,6,6,6,6,6,6,6,6,6,6,6,2,3,5,1,2,3,1,1,2,2,3,5,0,0,0,1,1,2,1,2,3,0,0,0,2,3,5,0,0,0,0,1,1,1,1,2,1,1,2,0,0,0,0,0,0,0,0,0,0,0,0,4065143,1806121,54762,233622,819684,29,293,6,1083
71,2018,25,2,4.4,25,2,55,5,2,2,1,1,1,1,1,2005,2005,2,2,2,2,2,2,2,2,1,1,2,2,,2,1,2,2,2,2,2,2,2,2,1,2,1,1,2,2,2,1,2,2,2,2,2,2,2,2,2,2,1,2,2,1,2,2,2,2,1,2,2,2,8,8,8,8,8,8,8,8,8,8,8,8,25,25,23,21,20,23,25,28,24,26,23,24,7,7,7,7,7,7,7,7,7,7,7,7,4,4,8,4,4,8,0,0,0,4,4,8,0,0,0,1,1,2,3,3,6,0,0,0,4,4,8,0,0,0,1,1,2,1,1,2,1,1,2,1,1,2,0,0,0,0,0,0,0,0,0,15848244,17282127,420464,1371268,7394077,25,287,7,1084
71,2019,25,2,4.4,25,2,56,5,2,2,1,1,2,1,2,2005,2005,2,2,1,2,2,2,2,1,2,1,1,2,4,2,2,2,2,2,2,2,2,,2,2,1,1,2,2,3,2,2,2,2,2,2,2,1,2,2,2,2,2,2,2,2,2,2,2,1,2,2,2,2,11,11,11,11,0,11,11,0,11,0,11,11,28,23,20,25,0,27,27,0,23,0,24,22,6,6,6,6,0,6,6,0,6,0,6,6,6,5,11,5,5,10,1,0,1,6,5,11,0,0,0,2,1,3,4,4,8,0,0,0,6,5,11,0,0,0,1,1,2,2,1,3,2,2,4,1,1,2,0,0,0,0,0,0,0,0,0,17984707,17826991,78754,2079511,7004372,25,219,6,1084
71,2020,25,2,4.4,25,2,57,5,2,2,2,1,2,2,2,2005,2006,2,2,1,1,2,1,2,1,1,2,2,2,,2,2,2,2,1,2,2,2,,2,1,2,2,2,1,3,2,1,1,2,2,2,2,1,2,2,2,2,2,2,2,1,2,2,2,2,2,2,2,2,7,7,7,7,7,7,7,7,7,7,7,7,26,19,25,27,25,22,25,23,23,28,23,26,6,6,6,6,6,6,6,6,6,6,6,6,4,3,7,4,3,7,0,0,0,4,3,7,0,0,0,1,1,2,3,2,5,0,0,0,4,3,7,0,0,0,1,1,2,1,1,2,1,1,2,1,0,1,0,0,0,0,0,0,0,0,0,17086813,15268914,403314,1097372,6481201,26,292,6,1084
71,2021,25,2,4.4,25,2,58,5,1,2,5,2,2,1,1,2005,2006,2,2,2,2,2,2,1,2,2,2,2,1,,2,2,2,2,1,2,2,2,2,2,2,2,2,1,2,4,2,2,2,2,2,2,2,2,2,2,2,2,2,2,2,2,2,2,2,2,1,2,2,2,9,9,9,9,9,9,9,0,0,9,9,9,25,28,23,26,24,21,21,0,0,24,25,26,6,6,6,6,6,6,6,0,0,6,6,6,5,4,9,5,4,9,0,0,0,5,4,9,0,0,0,1,1,2,4,3,7,0,0,0,5,4,9,0,0,0,1,1,2,1,1,2,2,1,3,1,1,2,0,0,0,0,0,0,0,0,0,20200441,17580270,234203,2566607,5715535,27,243,6,1084
71,2022,25,2,4.4,25,2,59,5,1,1,5,2,1,1,1,2005,2005,2,2,2,2,1,2,2,2,1,1,2,1,4,2,2,2,2,2,2,1,2,1,1,2,2,2,2,1,4,2,2,2,2,2,2,2,2,2,2,2,2,2,2,1,2,2,2,2,2,1,1,1,1,11,11,11,11,11,11,11,11,11,11,11,11,27,25,20,23,22,20,26,26,27,22,22,23,9,9,9,9,9,9,9,9,9,9,9,9,6,5,11,5,5,10,1,0,1,6,5,11,0,0,0,2,1,3,4,4,8,0,0,0,6,5,11,0,0,0,1,1,2,2,1,3,2,2,4,1,1,2,0,0,0,0,0,0,0,0,0,15845707,20886116,0,2273656,5958182,26,283,9,1084
12,2018,14,1,4.5,14,2,47,7,1,1,4,2,1,2,1,2008,2009,2,2,1,2,2,1,2,1,2,1,2,2,3,2,2,2,2,2,2,2,2,,2,2,2,2,2,1,5,1,2,2,2,2,2,1,2,2,2,2,2,2,2,2,2,2,2,2,2,2,2,1,1,4,4,4,4,4,0,0,4,4,4,4,4,28,25,22,26,25,0,0,24,22,25,21,22,5,5,5,5,5,0,0,5,5,5,5,5,2,2,4,0,0,0,2,2,4,2,2,4,0,0,0,1,1,2,1,1,2,0,0,0,2,2,4,0,0,0,0,0,0,1,1,2,1,1,2,0,0,0,0,0,0,0,0,0,0,0,0,0,6055071,0,626715,2369102,24,240,5,1085
12,2019,14,1,4.5,14,2,48,7,2,2,1,2,2,1,1,2008,2009,2,1,2,2,2,2,2,1,2,2,2,2,,2,1,1,2,1,2,2,2,,2,2,2,2,1,2,4,2,2,2,1,2,2,2,2,2,2,1,2,2,2,1,2,2,2,2,1,2,1,1,1,0,0,0,5,5,5,5,5,5,5,5,5,0,0,0,24,22,22,27,25,24,22,29,25,0,0,0,8,8,8,8,8,8,8,8,8,2,3,5,0,0,0,2,3,5,2,3,5,0,0,0,1,1,2,1,2,3,0,0,0,2,3,5,0,0,0,0,1,1,1,1,2,1,1,2,0,0,0,0,0,0,0,0,0,0,0,0,0,10522306,235575,1458843,5115385,24,220,8,1085
12,2020,14,1,4.5,14,2,49,7,1,2,2,2,2,2,2,2008,2008,2,1,2,2,2,1,2,2,2,2,1,2,2,2,2,2,2,2,2,2,2,,2,2,1,1,2,1,5,2,2,2,2,2,2,2,2,2,2,2,1,2,2,2,2,2,2,1,2,2,2,1,2,5,0,0,5,5,5,5,5,0,5,5,5,24,0,0,23,27,23,21,29,0,26,26,26,8,0,0,8,8,8,8,8,0,8,8,8,2,3,5,0,0,0,2,3,5,2,3,5,0,0,0,1,1,2,1,2,3,0,0,0,2,3,5,0,0,0,0,1,1,1,1,2,1,1,2,0,0,0,0,0,0,0,0,0,0,0,0,0,7371967,159122,817005,2296746,24,225,8,1085
12,2021,14,1,4.5,14,2,50,7,2,2,2,1,2,2,1,2008,2008,2,2,2,2,1,1,1,2,2,2,2,2,,2,2,1,2,2,2,1,2,,1,2,1,2,1,2,1,2,2,2,1,2,1,2,2,2,2,2,2,1,1,2,2,2,1,2,2,2,1,1,1,0,7,0,0,7,7,7,7,7,7,7,7,0,24,0,0,29,26,25,22,26,24,24,22,0,6,0,0,6,6,6,6,6,6,6,6,3,4,7,0,1,1,3,3,6,3,4,7,0,0,0,1,1,2,2,3,5,0,0,0,3,4,7,0,0,0,1,1,2,1,1,2,1,1,2,0,1,1,0,0,0,0,0,0,0,0,0,1351304,10945395,0,1628612,4644198,26,222,6,1085
12,2022,14,1,4.5,14,2,51,7,2,1,2,2,2,2,2,2008,2008,1,2,2,1,2,1,2,2,2,2,1,2,,2,2,2,2,2,2,2,1,,1,2,1,2,1,1,2,2,2,2,2,2,2,2,2,2,2,2,1,2,2,2,2,2,2,1,2,1,1,1,2,8,8,0,8,8,8,8,8,8,8,0,8,24,24,0,25,23,23,24,26,25,23,0,25,9,9,0,9,9,9,9,9,9,9,0,9,4,4,8,1,1,2,3,3,6,4,4,8,0,0,0,1,1,2,3,3,6,0,0,0,4,4,8,0,0,0,1,1,2,1,1,2,1,1,2,1,1,2,0,0,0,0,0,0,0,0,0,2261323,15921030,485150,1362568,6519711,26,242,9,1085
52,2018,32,1,4.6,32,1,55,3,1,1,3,1,1,2,2,2013,2013,2,1,1,2,2,1,2,2,2,1,2,2,,2,2,2,2,2,2,1,2,3,2,2,2,2,2,1,4,2,2,2,2,2,2,2,2,2,2,2,2,2,1,2,2,2,2,2,2,1,1,2,2,2,2,0,2,2,2,2,2,2,2,2,0,27,24,0,27,26,28,24,25,25,24,26,0,5,5,0,5,5,5,5,5,5,5,5,0,1,1,2,0,0,0,1,1,2,1,1,2,0,0,0,0,0,0,1,1,2,0,0,0,1,1,2,0,0,0,0,0,0,0,0,0,1,1,2,0,0,0,0,0,0,0,0,0,0,0,0,0,1856411,10897,164902,591299,28,256,5,1086
52,2019,32,1,4.6,32,1,56,3,2,2,1,1,1,2,1,2013,2014,2,1,2,2,1,2,1,2,1,1,1,2,3,2,1,2,2,2,2,2,1,3,2,2,2,1,2,2,2,2,2,2,2,2,2,2,2,2,2,1,2,2,1,2,2,1,2,2,2,2,1,2,1,3,3,3,3,3,3,3,3,3,3,3,3,21,23,29,27,23,25,22,25,26,24,28,23,7,7,7,7,7,7,7,7,7,7,7,7,2,1,3,1,0,1,1,1,2,2,1,3,0,0,0,1,0,1,1,1,2,0,0,0,2,1,3,0,0,0,0,0,0,1,0,1,1,1,2,0,0,0,0,0,0,0,0,0,0,0,0,1094031,1484621,0,247725,567773,25,296,7,1086
14,2018,10,1,4.7,10,1,46,4,1,1,5,1,2,2,1,2015,2016,2,2,2,2,2,2,1,2,1,2,2,1,,2,2,2,2,2,2,2,2,1,2,2,1,1,2,2,4,2,2,2,2,2,2,2,2,1,2,2,2,1,2,2,2,2,2,1,2,2,2,2,1,1,1,1,1,1,1,1,1,1,1,1,1,24,23,25,22,26,21,26,21,23,24,27,26,8,8,8,8,8,8,8,8,8,8,8,8,1,0,1,1,0,1,0,0,0,1,0,1,0,0,0,0,0,0,1,0,1,0,0,0,1,0,1,0,0,0,0,0,0,0,0,0,1,0,1,0,0,0,0,0,0,0,0,0,0,0,0,1445407,522531,0,83870,245336,26,288,8,1087
14,2019,10,1,4.7,10,1,47,4,1,2,4,2,2,2,1,2015,2016,2,1,2,2,2,2,1,1,2,2,2,1,,2,2,2,2,1,1,2,2,2,2,2,2,2,1,2,1,2,2,2,2,1,2,2,2,2,2,2,2,2,1,2,2,2,2,2,2,2,2,1,1,1,1,1,1,1,1,1,1,1,1,1,1,22,28,30,25,21,23,23,26,26,23,20,23,7,7,7,7,7,7,7,7,7,7,7,7,1,0,1,1,0,1,0,0,0,1,0,1,0,0,0,0,0,0,1,0,1,0,0,0,1,0,1,0,0,0,0,0,0,0,0,0,1,0,1,0,0,0,0,0,0,0,0,0,0,0,0,1131408,440170,0,81060,204138,21,290,7,1087
14,2020,10,1,4.7,10,1,48,4,1,2,5,2,1,2,1,2015,2016,2,1,2,2,2,2,2,1,2,1,1,2,4,2,2,2,2,2,1,2,2,,2,1,1,2,2,2,1,2,2,2,1,2,2,2,2,2,2,2,2,2,2,2,2,2,2,2,2,1,2,2,1,0,1,1,1,1,1,1,0,1,0,1,1,0,25,23,25,26,24,24,0,24,0,23,23,0,7,7,7,7,7,7,0,7,0,7,7,1,0,1,1,0,1,0,0,0,1,0,1,0,0,0,0,0,0,1,0,1,0,0,0,1,0,1,0,0,0,0,0,0,0,0,0,1,0,1,0,0,0,0,0,0,0,0,0,0,0,0,1513786,573843,0,47449,239218,21,217,7,1087
14,2021,10,1,4.7,10,1,49,4,1,1,4,2,2,2,1,2015,2015,2,2,2,1,2,2,1,1,2,2,2,2,5,2,2,2,2,2,2,2,2,,2,2,2,1,1,2,1,1,2,2,2,2,2,2,2,2,1,2,2,2,1,2,2,2,2,2,2,2,2,2,2,1,1,0,1,1,1,1,1,1,1,1,1,24,25,0,24,26,23,23,22,27,22,20,24,7,7,0,7,7,7,7,7,7,7,7,7,1,0,1,1,0,1,0,0,0,1,0,1,0,0,0,0,0,0,1,0,1,0,0,0,1,0,1,0,0,0,0,0,0,0,0,0,1,0,1,0,0,0,0,0,0,0,0,0,0,0,0,1575242,549640,0,41370,214392,28,260,7,1087
14,2022,10,1,4.7,10,1,50,4,1,2,2,1,2,1,1,2015,2015,2,1,2,2,1,2,2,2,2,2,2,2,,1,2,1,2,2,2,2,2,,2,2,1,2,2,1,5,2,2,2,2,2,2,1,2,2,2,2,2,2,2,2,2,1,2,2,2,2,1,2,1,1,1,1,1,1,1,1,1,1,1,1,1,24,25,24,23,21,22,24,26,26,25,25,25,10,10,10,10,10,10,10,10,10,10,10,10,1,0,1,1,0,1,0,0,0,1,0,1,0,0,0,0,0,0,1,0,1,0,0,0,1,0,1,0,0,0,0,0,0,0,0,0,1,0,1,0,0,0,0,0,0,0,0,0,0,0,0,1143805,587598,0,17628,292218,26,290,10,1087
36,2020,24,2,4.8,24,1,40,4,2,1,5,2,1,2,1,2015,2015,2,2,2,1,1,2,1,2,2,1,2,1,,2,2,2,2,2,2,1,2,,2,2,1,1,2,2,5,2,1,2,2,2,2,2,2,2,2,2,2,2,2,2,2,2,2,2,2,1,2,2,2,13,13,13,13,13,0,13,0,13,0,13,13,20,27,24,24,27,0,24,0,27,0,26,28,8,8,8,8,8,0,8,0,8,0,8,8,4,9,13,4,8,12,0,1,1,4,9,13,0,0,0,1,2,3,3,7,10,0,0,0,4,9,13,0,1,1,1,2,3,1,2,3,1,3,4,1,1,2,0,0,0,0,0,0,0,0,0,24415509,9450957,29634,1875297,2964978,22,227,8,1088
36,2021,24,2,4.8,24,1,41,4,2,2,2,2,1,2,2,2015,2015,2,1,2,2,1,1,2,1,2,2,2,1,,2,2,2,2,2,2,2,2,1,2,2,2,2,2,2,2,2,2,2,2,2,2,2,2,2,2,1,2,2,2,2,2,2,2,1,2,2,1,1,2,0,16,16,16,16,16,16,0,0,16,16,16,0,25,24,25,24,24,21,0,0,24,23,24,0,9,9,9,9,9,9,0,0,9,9,9,5,11,16,5,10,15,0,1,1,5,11,16,0,0,0,1,3,4,4,8,12,0,0,0,5,11,16,0,1,1,1,2,3,1,3,4,2,3,5,1,1,2,0,1,1,0,0,0,0,0,0,30653939,12857893,77963,2266775,5523706,25,214,9,1088
36,2022,24,2,4.8,24,1,42,4,1,2,4,1,2,2,2,2015,2015,2,2,1,2,2,2,2,2,1,2,1,1,,2,2,2,2,2,1,2,2,,2,2,2,2,1,2,1,2,2,2,2,2,2,2,2,2,2,2,2,2,2,1,2,1,1,2,2,1,2,1,2,17,17,17,17,17,17,17,17,17,17,17,17,22,26,23,22,26,23,24,27,26,24,26,22,6,6,6,6,6,6,6,6,6,6,6,6,5,12,17,5,11,16,0,1,1,5,12,17,0,0,0,1,3,4,4,9,13,0,0,0,5,12,17,0,1,1,1,2,3,1,3,4,2,3,5,1,1,2,0,1,1,0,1,1,0,0,0,37306922,11800574,0,883192,4339393,24,291,6,1088
34,2018,24,2,4.9,24,2,30,7,1,1,2,2,1,1,2,2009,2009,2,1,1,2,1,2,2,2,1,1,1,1,4,2,2,2,2,2,2,2,2,,2,2,1,2,2,2,1,2,2,2,1,2,2,2,2,2,2,2,2,2,2,2,2,2,2,2,2,1,1,2,2,16,16,16,16,16,16,16,16,16,16,16,16,26,25,26,24,29,26,22,25,25,24,24,25,6,6,6,6,6,6,6,6,6,6,6,6,9,7,16,9,7,16,0,0,0,9,7,16,0,0,0,2,2,4,7,5,12,0,0,0,9,7,16,1,1,2,2,1,3,2,2,4,3,2,5,1,1,2,0,0,0,0,0,0,0,0,0,27636491,6835624,0,731794,2736878,23,301,6,1089
34,2019,24,2,4.9,24,2,31,7,1,2,5,2,2,2,1,2009,2009,2,2,1,1,2,1,2,1,1,1,2,2,,2,2,2,2,1,2,1,2,,1,2,2,1,1,2,1,2,2,2,2,2,2,2,2,2,2,2,2,2,2,2,2,2,2,1,2,2,1,2,1,0,16,16,16,16,0,16,16,16,16,16,0,0,25,21,23,23,0,24,29,24,24,26,0,0,9,9,9,9,0,9,9,9,9,9,0,9,7,16,9,7,16,0,0,0,9,7,16,0,0,0,2,2,4,7,5,12,0,0,0,9,7,16,1,1,2,2,1,3,2,2,4,3,2,5,1,1,2,0,0,0,0,0,0,0,0,0,27457324,5178407,185771,525820,2024575,22,219,9,1089
34,2020,24,2,4.9,24,2,32,7,2,2,4,2,1,2,2,2009,2010,2,2,2,1,2,2,2,1,2,1,2,2,,1,2,1,2,2,1,1,2,,1,2,2,2,2,2,3,2,2,2,2,2,2,2,2,2,2,2,2,2,2,1,2,2,2,2,2,1,2,1,2,19,19,0,19,19,19,19,19,19,19,0,19,24,22,0,23,27,25,22,23,24,27,0,21,9,9,0,9,9,9,9,9,9,9,0,9,11,8,19,11,8,19,0,0,0,11,8,19,0,0,0,3,2,5,8,6,14,0,0,0,11,8,19,1,1,2,2,2,4,3,2,5,3,2,5,1,1,2,1,0,1,0,0,0,0,0,0,36459277,4996715,0,829057,2814912,22,238,9,1089
34,2021,24,2,4.9,24,2,33,7,2,2,2,2,2,2,1,2009,2010,2,2,1,2,2,1,2,2,2,1,1,2,,2,2,2,2,2,2,2,2,,1,2,1,2,2,1,1,1,2,2,2,2,2,2,2,2,2,2,2,1,2,2,2,2,2,1,2,1,2,2,1,15,15,15,15,0,15,15,15,15,15,0,15,24,25,24,23,0,25,25,22,26,21,0,25,9,9,9,9,0,9,9,9,9,9,0,9,9,6,15,9,6,15,0,0,0,9,6,15,0,0,0,2,2,4,7,4,11,0,0,0,9,6,15,1,0,1,2,1,3,2,2,4,3,2,5,1,1,2,0,0,0,0,0,0,0,0,0,29297823,5450346,0,408395,2211740,23,240,9,1089
34,2022,24,2,4.9,24,2,34,7,1,2,4,2,2,1,2,2009,2010,2,2,2,2,1,1,2,2,2,1,1,2,1,2,2,2,2,2,1,2,2,2,2,1,2,2,2,2,2,2,2,2,2,2,2,2,2,1,2,2,2,2,2,2,2,2,2,2,2,2,1,1,2,18,18,18,18,18,18,18,0,18,18,0,18,24,20,23,28,25,24,30,0,24,23,0,26,7,7,7,7,7,7,7,0,7,7,0,7,10,8,18,10,8,18,0,0,0,10,8,18,0,0,0,3,2,5,7,6,13,0,0,0,10,8,18,1,1,2,2,2,4,2,2,4,3,2,5,1,1,2,1,0,1,0,0,0,0,0,0,37698049,5544935,0,907280,1500965,25,247,7,1089
11,2018,29,2,5.0,29,1,52,4,1,1,5,2,1,2,2,2004,2004,1,2,1,1,1,2,2,2,2,2,2,1,2,2,2,2,2,2,2,2,2,,2,1,1,2,2,1,2,2,1,2,2,2,1,2,2,2,2,2,2,2,2,2,2,2,2,2,2,2,1,2,1,7,7,7,0,7,7,7,7,7,7,7,7,27,25,27,0,24,25,26,20,21,27,20,26,7,7,7,0,7,7,7,7,7,7,7,7,5,2,7,4,2,6,1,0,1,5,2,7,0,0,0,1,1,2,4,1,5,0,0,0,5,2,7,0,0,0,1,0,1,1,1,2,2,1,3,1,0,1,0,0,0,0,0,0,0,0,0,10523689,4863342,138179,512258,1668857,24,268,7,1090
11,2019,29,2,5.0,29,1,53,4,2,2,5,1,2,1,1,2004,2005,2,1,1,1,1,1,1,2,2,2,1,2,,2,2,2,2,2,2,2,2,,2,1,1,2,2,1,1,2,2,2,2,2,2,2,2,2,2,2,2,2,2,2,2,2,2,1,2,2,1,2,2,6,6,6,6,6,6,6,6,6,0,6,6,23,27,23,22,23,24,28,26,21,0,25,20,8,8,8,8,8,8,8,8,8,0,8,8,4,2,6,3,2,5,1,0,1,4,2,6,0,0,0,1,1,2,3,1,4,0,0,0,4,2,6,0,0,0,1,0,1,1,1,2,1,1,2,1,0,1,0,0,0,0,0,0,0,0,0,9691600,5082045,0,727015,2988150,26,262,8,1090
11,2020,29,2,5.0,29,1,54,4,2,2,1,2,2,2,2,2004,2005,2,2,2,1,2,2,2,2,2,2,2,2,3,2,2,2,2,1,2,2,2,,2,1,1,2,2,1,3,1,1,1,2,2,2,2,2,2,2,2,2,2,1,1,2,2,2,2,2,2,1,1,1,5,0,5,5,5,5,5,5,5,5,5,5,23,0,22,25,25,18,23,28,28,23,28,25,9,0,9,9,9,9,9,9,9,9,9,9,4,1,5,3,1,4,1,0,1,4,1,5,0,0,0,1,0,1,3,1,4,0,0,0,4,1,5,0,0,0,1,0,1,1,0,1,1,1,2,1,0,1,0,0,0,0,0,0,0,0,0,6564049,4554077,132121,795568,1541647,25,268,9,1090
11,2021,29,2,5.0,29,1,55,4,1,1,2,2,1,1,2,2004,2005,2,1,1,1,1,2,2,2,2,2,2,2,5,2,2,1,2,2,2,2,2,2,2,2,2,2,1,2,5,2,2,2,2,2,2,2,2,2,2,2,2,2,2,2,2,2,1,2,2,2,1,2,2,5,0,5,5,5,5,0,5,5,5,0,0,26,0,25,28,26,23,0,26,23,25,0,0,9,0,9,9,9,9,0,9,9,9,0,0,4,1,5,3,1,4,1,0,1,4,1,5,0,0,0,1,0,1,3,1,4,0,0,0,4,1,5,0,0,0,1,0,1,1,0,1,1,1,2,1,0,1,0,0,0,0,0,0,0,0,0,7559392,4370490,0,532591,2156026,27,202,9,1090
11,2022,29,2,5.0,29,1,56,4,1,1,2,1,1,2,2,2004,2004,2,2,2,2,2,2,2,1,2,2,2,2,,1,2,1,2,2,2,2,2,,1,2,1,2,1,2,5,1,1,2,2,2,2,2,2,2,2,2,1,2,2,2,2,2,1,1,2,2,2,1,2,6,6,0,0,6,6,0,0,6,6,0,6,26,26,0,0,19,21,0,0,26,26,0,25,10,10,0,0,10,10,0,0,10,10,0,10,4,2,6,3,2,5,1,0,1,4,2,6,0,0,0,1,1,2,3,1,4,0,0,0,4,2,6,0,0,0,1,0,1,1,1,2,1,1,2,1,0,1,0,0,0,0,0,0,0,0,0,7766389,3615536,0,513588,1486902,26,169,10,1090
35,2018,11,1,5.1,11,2,55,2,1,2,2,2,1,1,2,2004,2005,1,1,2,1,2,1,1,2,1,2,2,2,,2,1,2,2,2,1,2,2,,2,2,1,2,2,2,5,2,2,2,2,2,2,2,2,2,2,2,2,1,2,1,2,2,2,2,2,1,2,2,1,5,0,5,5,5,0,5,0,0,5,5,0,24,0,25,22,23,0,24,0,0,21,24,0,8,0,8,8,8,0,8,0,0,8,8,0,3,2,5,2,1,3,1,1,2,3,2,5,0,0,0,1,1,2,2,1,3,0,0,0,3,2,5,0,0,0,1,0,1,1,1,2,1,1,2,0,0,0,0,0,0,0,0,0,0,0,0,4080608,1276860,19053,38306,595355,27,163,8,1091
35,2019,11,1,5.1,11,2,56,2,1,2,5,2,2,1,1,2004,2004,2,2,2,2,1,1,2,2,2,2,1,2,3,2,1,2,2,2,2,1,2,,2,1,2,2,2,2,4,1,2,2,1,1,2,2,2,2,2,2,2,2,2,2,2,2,2,2,2,1,2,2,2,4,4,4,4,4,4,4,0,4,4,4,4,24,24,27,25,26,24,21,0,26,25,23,21,9,9,9,9,9,9,9,0,9,9,9,9,3,1,4,2,1,3,1,0,1,3,1,4,0,0,0,1,0,1,2,1,3,0,0,0,3,1,4,0,0,0,1,0,1,1,0,1,1,1,2,0,0,0,0,0,0,0,0,0,0,0,0,4550652,1524812,0,158714,803784,25,266,9,1091
35,2020,11,1,5.1,11,2,57,2,1,2,4,2,2,1,2,2004,2005,1,2,2,2,2,2,2,2,1,2,2,2,,1,1,2,2,2,2,2,2,,2,2,1,1,2,1,4,2,2,2,2,1,2,2,2,2,2,2,2,2,2,2,2,2,2,2,2,2,2,2,1,4,4,0,4,4,4,4,4,4,4,0,4,28,23,0,25,25,27,23,23,22,21,0,23,7,7,0,7,7,7,7,7,7,7,0,7,3,1,4,2,1,3,1,0,1,3,1,4,0,0,0,1,0,1,2,1,3,0,0,0,3,1,4,0,0,0,1,0,1,1,0,1,1,1,2,0,0,0,0,0,0,0,0,0,0,0,0,4295377,1651848,0,265466,826457,27,240,7,1091
35,2021,11,1,5.1,11,2,58,2,2,2,3,2,2,1,2,2004,2005,2,1,2,1,2,1,2,2,1,1,2,2,,2,2,1,2,2,2,2,2,3,2,2,2,1,2,1,3,2,1,2,2,2,2,2,2,2,2,2,2,2,2,2,2,2,2,2,1,1,2,1,2,0,0,5,5,5,5,5,0,0,5,5,5,0,0,25,26,27,24,29,0,0,26,25,25,0,0,9,9,9,9,9,0,0,9,9,9,3,2,5,2,1,3,1,1,2,3,2,5,0,0,0,1,1,2,2,1,3,0,0,0,3,2,5,0,0,0,1,0,1,1,1,2,1,1,2,0,0,0,0,0,0,0,0,0,0,0,0,4325643,1905533,63280,202269,774909,23,207,9,1091
35,2022,11,1,5.1,11,2,59,2,1,1,2,1,1,2,1,2004,2004,2,1,2,1,1,2,2,2,2,1,1,2,,1,1,2,2,2,2,2,2,3,1,1,2,2,1,1,5,2,2,2,2,2,2,2,2,2,1,2,2,2,2,1,2,1,1,2,2,1,1,1,2,7,0,7,7,7,0,7,7,7,0,7,7,25,0,24,26,25,0,25,21,26,0,24,26,8,0,8,8,8,0,8,8,8,0,8,8,5,2,7,3,1,4,2,1,3,5,2,7,0,0,0,1,1,2,4,1,5,0,0,0,5,2,7,0,0,0,1,0,1,1,1,2,2,1,3,1,0,1,0,0,0,0,0,0,0,0,0,4913149,1501117,0,180616,807686,26,222,8,1091
13,2020,28,1,5.2,28,1,52,8,2,1,3,2,2,2,1,2018,2018,1,2,2,2,2,2,2,2,2,2,2,1,3,2,1,2,2,2,2,1,2,,2,2,2,2,1,2,1,2,2,2,2,2,2,2,2,2,2,2,2,2,2,2,1,2,2,2,2,1,2,1,2,1,1,1,0,1,1,1,1,1,1,1,1,21,25,25,0,27,24,24,21,26,25,26,26,6,6,6,0,6,6,6,6,6,6,6,6,1,0,1,1,0,1,0,0,0,1,0,1,0,0,0,0,0,0,1,0,1,0,0,0,1,0,1,0,0,0,0,0,0,0,0,0,1,0,1,0,0,0,0,0,0,0,0,0,0,0,0,1267458,1476137,50699,206001,701566,24,270,6,1092
13,2021,28,1,5.2,28,1,53,8,2,2,1,1,1,1,1,2018,2018,2,2,1,1,2,2,2,2,2,2,2,2,1,2,2,2,2,1,2,2,2,,2,1,2,1,2,1,5,2,2,2,2,2,2,2,2,1,2,2,2,2,2,2,2,2,2,1,2,2,1,2,2,1,1,1,1,0,1,1,1,1,1,1,1,27,29,24,28,0,25,28,25,27,22,26,25,8,8,8,8,0,8,8,8,8,8,8,8,1,0,1,1,0,1,0,0,0,1,0,1,0,0,0,0,0,0,1,0,1,0,0,0,1,0,1,0,0,0,0,0,0,0,0,0,1,0,1,0,0,0,0,0,0,0,0,0,0,0,0,1166888,1720878,46770,126318,895871,23,286,8,1092
13,2022,28,1,5.2,28,1,54,8,2,2,5,2,1,2,2,2018,2019,2,2,2,1,2,1,1,1,2,2,2,2,4,2,1,2,2,1,2,2,2,3,1,2,2,2,2,2,2,1,2,2,2,2,2,2,2,2,2,2,2,2,2,2,2,2,2,2,2,1,1,2,2,0,1,1,0,1,1,1,1,1,1,1,0,0,26,27,0,21,24,27,23,25,24,26,0,0,9,9,0,9,9,9,9,9,9,9,0,1,0,1,1,0,1,0,0,0,1,0,1,0,0,0,0,0,0,1,0,1,0,0,0,1,0,1,0,0,0,0,0,0,0,0,0,1,0,1,0,0,0,0,0,0,0,0,0,0,0,0,1677171,2314664,0,270399,1062924,22,223,9,1092
14,2018,10,1,5.3,10,1,57,8,2,2,5,1,2,1,2,2018,2019,1,1,1,2,2,2,1,2,2,1,1,1,,2,2,2,2,2,2,1,2,,2,1,2,2,2,1,2,2,2,2,2,2,2,2,2,1,1,2,1,2,2,2,2,2,2,2,2,1,1,2,2,4,4,4,4,0,4,4,4,4,4,4,0,23,25,23,25,0,24,22,29,23,21,27,0,8,8,8,8,0,8,8,8,8,8,8,0,3,1,4,2,1,3,1,0,1,3,1,4,0,0,0,1,0,1,2,1,3,0,0,0,3,1,4,0,0,0,1,0,1,1,0,1,1,1,2,0,0,0,0,0,0,0,0,0,0,0,0,3699128,964839,0,103686,631345,25,242,8,1093
14,2019,10,1,5.3,10,1,58,8,2,2,2,1,2,1,1,2018,2019,2,2,2,1,2,2,2,2,2,1,2,2,,2,2,2,2,2,2,1,2,,1,2,2,1,2,1,3,1,2,1,1,2,2,2,2,2,2,2,2,2,2,2,2,1,2,2,2,2,1,2,1,4,4,4,4,4,4,4,4,4,4,4,4,23,23,23,26,24,27,24,25,24,25,23,25,7,7,7,7,7,7,7,7,7,7,7,7,3,1,4,2,1,3,1,0,1,3,1,4,0,0,0,1,0,1,2,1,3,0,0,0,3,1,4,0,0,0,1,0,1,1,0,1,1,1,2,0,0,0,0,0,0,0,0,0,0,0,0,4433118,984551,20812,125013,408706,22,292,7,1093
14,2020,10,1,5.3,10,1,59,8,2,2,3,1,2,1,2,2018,2018,2,2,2,2,1,2,1,2,2,2,2,2,,2,2,2,2,2,2,2,1,,1,2,2,1,2,2,5,2,2,2,1,2,2,2,2,2,2,2,2,2,2,2,1,2,1,2,2,1,2,2,2,0,4,4,4,0,4,4,4,4,0,4,4,0,21,23,30,0,27,26,26,26,0,30,26,0,7,7,7,0,7,7,7,7,0,7,7,3,1,4,2,1,3,1,0,1,3,1,4,0,0,0,1,0,1,2,1,3,0,0,0,3,1,4,0,0,0,1,0,1,1,0,1,1,1,2,0,0,0,0,0,0,0,0,0,0,0,0,4594354,1207173,0,184604,508919,25,235,7,1093
14,2021,10,1,5.3,10,1,60,8,1,2,4,2,1,1,2,2018,2018,2,2,1,2,1,1,2,2,1,2,2,2,,2,2,2,2,2,2,2,2,2,1,2,2,2,2,2,3,2,2,2,2,2,2,2,2,2,2,1,2,2,2,2,2,1,1,2,2,1,2,2,1,5,5,5,5,5,5,5,5,5,5,5,5,24,25,22,26,25,23,26,27,25,25,24,26,8,8,8,8,8,8,8,8,8,8,8,8,4,1,5,3,1,4,1,0,1,4,1,5,0,0,0,1,0,1,3,1,4,0,0,0,4,1,5,0,0,0,1,0,1,1,0,1,1,1,2,1,0,1,0,0,0,0,0,0,0,0,0,5284077,1602410,0,205753,688634,27,298,8,1093
14,2022,10,1,5.3,10,1,61,8,2,1,2,1,1,2,2,2018,2019,2,1,1,1,2,1,1,1,2,2,1,2,3,2,2,1,2,2,2,2,1,,2,1,2,1,2,2,4,2,2,2,1,2,2,1,2,2,2,2,1,2,2,1,2,1,2,2,2,2,2,1,1,4,4,4,4,4,4,4,4,4,4,4,4,29,25,23,26,26,25,26,24,23,26,25,24,9,9,9,9,9,9,9,9,9,9,9,9,3,1,4,2,1,3,1,0,1,3,1,4,0,0,0,1,0,1,2,1,3,0,0,0,3,1,4,0,0,0,1,0,1,1,0,1,1,1,2,0,0,0,0,0,0,0,0,0,0,0,0,2988833,1454133,46548,69033,605243,22,302,9,1093
32,2018,28,2,5.4,28,1,54,7,2,2,3,2,2,2,2,2006,2006,2,2,1,2,1,1,1,2,1,2,2,2,1,2,2,1,2,1,2,2,2,,2,1,1,2,2,2,2,1,2,2,2,2,2,2,2,2,2,2,2,2,2,2,2,2,1,2,2,2,1,1,2,0,15,15,15,15,15,15,15,15,0,15,15,0,23,22,23,25,23,29,23,22,0,24,24,0,7,7,7,7,7,7,7,7,0,7,7,9,6,15,8,5,13,1,1,2,9,6,15,0,0,0,2,2,4,7,4,11,0,0,0,9,6,15,1,0,1,2,1,3,2,2,4,3,2,5,1,1,2,0,0,0,0,0,0,0,0,0,25602132,9147001,0,393354,4501321,27,238,7,1094
32,2019,28,2,5.4,28,1,55,7,1,2,1,2,1,2,2,2006,2006,2,2,2,2,2,2,2,1,1,2,1,2,3,1,1,2,2,2,2,2,2,,2,2,2,2,2,2,2,1,2,2,2,2,2,2,2,2,2,2,2,2,2,2,2,2,2,2,2,1,2,2,2,0,19,19,19,19,19,19,0,19,19,19,19,0,22,19,26,26,29,24,0,28,22,26,24,0,8,8,8,8,8,8,0,8,8,8,8,12,7,19,10,6,16,2,1,3,12,7,19,0,0,0,3,2,5,9,5,14,0,0,0,12,7,19,1,1,2,2,1,3,3,2,5,3,2,5,1,1,2,1,0,1,1,0,1,0,0,0,36573803,12775791,0,1190839,5774902,22,246,8,1094
32,2020,28,2,5.4,28,1,56,7,2,1,1,1,2,2,2,2006,2007,1,1,1,2,2,2,2,2,1,2,1,2,4,2,2,1,2,2,1,1,2,,2,2,2,1,1,2,5,2,2,2,2,2,2,1,2,2,2,2,2,2,2,2,2,2,2,2,2,2,2,2,1,19,19,19,19,19,0,19,19,19,19,19,19,24,26,23,27,24,0,25,27,25,25,23,30,5,5,5,5,5,0,5,5,5,5,5,5,12,7,19,10,6,16,2,1,3,12,7,19,0,0,0,3,2,5,9,5,14,0,0,0,12,7,19,1,1,2,2,1,3,3,2,5,3,2,5,1,1,2,1,0,1,1,0,1,0,0,0,29115433,11402407,102067,1630731,3648847,25,279,5,1094
32,2021,28,2,5.4,28,1,57,7,2,2,2,1,1,2,1,2006,2006,2,2,2,2,2,2,1,1,2,1,2,1,,2,2,2,2,2,2,2,2,,2,1,2,2,1,2,5,2,2,2,2,2,2,1,2,2,2,2,2,2,2,2,2,2,2,2,2,1,2,2,2,19,19,19,19,19,19,19,19,19,0,19,19,22,22,23,24,27,29,27,26,30,0,26,27,7,7,7,7,7,7,7,7,7,0,7,7,12,7,19,10,6,16,2,1,3,12,7,19,0,0,0,3,2,5,9,5,14,0,0,0,12,7,19,1,1,2,2,1,3,3,2,5,3,2,5,1,1,2,1,0,1,1,0,1,0,0,0,25966503,14775370,0,1901786,7497259,24,283,7,1094
32,2022,28,2,5.4,28,1,58,7,1,1,4,2,1,1,1,2006,2007,1,1,2,2,2,2,2,2,2,2,1,2,,2,1,2,2,2,2,2,2,,1,2,2,1,2,2,3,2,2,2,1,1,2,2,1,2,2,2,1,2,2,2,2,1,2,2,2,1,1,1,1,19,19,19,19,19,19,19,19,19,19,19,0,25,26,22,26,27,25,28,23,26,25,22,0,6,6,6,6,6,6,6,6,6,6,6,0,12,7,19,10,6,16,2,1,3,12,7,19,0,0,0,3,2,5,9,5,14,0,0,0,12,7,19,1,1,2,2,1,3,3,2,5,3,2,5,1,1,2,1,0,1,1,0,1,0,0,0,28116708,14996411,247461,2900348,6160182,19,275,6,1094
34,2018,33,1,5.5,33,1,54,5,1,2,3,1,1,1,2,2018,2019,2,2,2,2,1,2,1,2,2,1,2,1,5,2,2,1,2,2,2,2,2,,2,2,2,2,1,2,4,2,2,2,2,2,2,1,2,2,2,2,2,2,2,2,1,2,2,2,2,2,2,1,1,4,4,4,4,0,4,4,4,4,4,4,4,26,28,27,24,0,27,23,25,25,27,23,25,9,9,9,9,0,9,9,9,9,9,9,9,3,1,4,2,1,3,1,0,1,3,1,4,0,0,0,1,0,1,2,1,3,0,0,0,3,1,4,0,0,0,1,0,1,1,0,1,1,1,2,0,0,0,0,0,0,0,0,0,0,0,0,2842101,524673,19572,96234,258297,24,280,9,1095
34,2019,33,1,5.5,33,1,55,5,1,1,3,2,1,1,1,2018,2018,2,2,1,2,2,1,2,2,2,2,1,2,,2,2,2,2,1,2,1,2,,2,2,2,2,2,2,1,2,2,2,2,1,2,2,2,2,2,2,2,2,1,2,2,1,2,2,2,1,2,2,2,3,3,3,3,3,3,3,3,3,3,3,3,24,27,24,28,20,28,26,24,24,22,23,26,6,6,6,6,6,6,6,6,6,6,6,6,2,1,3,2,1,3,0,0,0,2,1,3,0,0,0,1,0,1,1,1,2,0,0,0,2,1,3,0,0,0,0,0,0,1,0,1,1,1,2,0,0,0,0,0,0,0,0,0,0,0,0,3080771,505573,10860,50119,202603,24,296,6,1095
34,2020,33,1,5.5,33,1,56,5,2,2,1,1,1,2,1,2018,2019,2,2,2,1,2,2,1,2,2,1,1,2,3,1,2,2,2,2,2,2,2,,1,1,2,2,2,2,3,2,2,2,2,2,2,2,2,2,2,2,2,2,2,2,2,2,2,2,2,1,2,2,2,4,4,4,4,4,4,4,4,4,4,4,4,24,20,25,27,22,23,22,28,25,23,25,27,9,9,9,9,9,9,9,9,9,9,9,9,3,1,4,2,1,3,1,0,1,3,1,4,0,0,0,1,0,1,2,1,3,0,0,0,3,1,4,0,0,0,1,0,1,1,0,1,1,1,2,0,0,0,0,0,0,0,0,0,0,0,0,3435179,358887,4940,75523,141423,25,291,9,1095
34,2021,33,1,5.5,33,1,57,5,2,2,1,2,1,1,2,2018,2018,2,1,1,2,1,1,2,2,1,2,1,2,3,2,2,2,2,2,2,2,2,,2,2,1,2,1,2,4,2,2,2,2,2,2,1,2,2,2,2,2,1,2,2,1,2,2,2,2,1,1,2,2,4,4,4,4,0,4,4,4,4,4,4,4,24,21,27,25,0,23,24,24,24,21,27,27,7,7,7,7,0,7,7,7,7,7,7,7,3,1,4,2,1,3,1,0,1,3,1,4,0,0,0,1,0,1,2,1,3,0,0,0,3,1,4,0,0,0,1,0,1,1,0,1,1,1,2,0,0,0,0,0,0,0,0,0,0,0,0,3772940,557679,19225,57187,302083,24,267,7,1095
34,2022,33,1,5.5,33,1,58,5,2,2,5,2,1,2,1,2018,2018,1,1,1,1,2,1,1,2,2,2,2,2,,2,2,2,2,1,2,2,2,,2,2,2,2,2,1,2,2,2,2,2,2,2,2,2,2,2,2,2,2,2,2,2,2,2,2,2,2,1,1,2,4,4,4,4,4,4,4,4,0,4,0,4,20,21,22,28,24,24,25,25,0,28,0,26,11,11,11,11,11,11,11,11,0,11,0,11,3,1,4,2,1,3,1,0,1,3,1,4,0,0,0,1,0,1,2,1,3,0,0,0,3,1,4,0,0,0,1,0,1,1,0,1,1,1,2,0,0,0,0,0,0,0,0,0,0,0,0,4058679,524542,4486,62892,216875,25,243,11,1095
36,2022,23,2,5.6,23,1,34,2,2,2,2,2,1,1,1,2008,2009,2,2,2,1,2,2,1,2,2,2,2,2,3,2,2,1,2,2,1,2,2,,2,2,1,2,2,2,5,2,2,2,2,1,1,2,2,2,2,2,2,2,2,2,2,2,2,2,2,2,1,2,2,17,17,17,17,17,0,17,17,17,17,17,17,25,26,26,25,26,0,26,24,22,25,24,29,6,6,6,6,6,0,6,6,6,6,6,6,11,6,17,6,3,9,5,3,8,11,6,17,0,0,0,3,2,5,8,4,12,0,0,0,11,6,17,1,0,1,2,1,3,3,2,5,3,2,5,1,1,2,1,0,1,0,0,0,0,0,0,13761599,9413886,0,721796,4268456,23,278,6,1096
14,2018,32,1,5.7,32,2,57,6,1,2,4,1,2,2,2,2014,2015,2,1,1,1,2,2,1,2,2,2,1,1,4,1,2,2,2,2,2,2,2,,2,2,2,1,2,2,4,2,2,2,1,2,2,2,1,2,1,2,2,2,2,2,1,2,2,2,2,1,1,1,2,4,4,4,4,4,4,0,4,4,4,4,4,23,22,25,25,30,24,0,24,24,24,22,24,7,7,7,7,7,7,0,7,7,7,7,7,3,1,4,2,1,3,1,0,1,3,1,4,0,0,0,1,0,1,2,1,3,0,0,0,3,1,4,0,0,0,1,0,1,1,0,1,1,1,2,0,0,0,0,0,0,0,0,0,0,0,0,3590525,1133818,12224,155710,489074,25,267,7,1097
14,2019,32,1,5.7,32,2,58,6,2,2,4,1,2,1,1,2014,2015,2,2,1,2,1,1,2,1,2,1,2,2,4,2,2,2,2,1,2,2,2,,2,2,2,2,2,1,5,2,2,1,2,2,2,2,2,1,2,2,2,1,2,2,2,2,2,2,2,1,2,2,2,4,4,4,0,4,4,4,4,4,4,0,0,24,24,25,0,24,24,21,25,26,26,0,0,6,6,6,0,6,6,6,6,6,6,0,0,3,1,4,2,1,3,1,0,1,3,1,4,0,0,0,1,0,1,2,1,3,0,0,0,3,1,4,0,0,0,1,0,1,1,0,1,1,1,2,0,0,0,0,0,0,0,0,0,0,0,0,3651398,1430519,0,185083,673957,24,219,6,1097
14,2020,32,1,5.7,32,2,59,6,1,2,5,2,1,1,1,2014,2015,2,2,1,1,1,2,1,2,2,1,1,2,2,2,1,2,2,2,2,2,1,,1,2,2,2,2,2,5,2,2,2,2,2,2,2,1,2,2,2,2,2,2,2,2,1,2,2,2,2,2,2,2,5,5,0,0,5,5,5,0,5,0,5,5,24,24,0,0,26,23,28,0,27,0,22,23,8,8,0,0,8,8,8,0,8,0,8,8,3,2,5,2,2,4,1,0,1,3,2,5,0,0,0,1,1,2,2,1,3,0,0,0,3,2,5,0,0,0,1,0,1,1,1,2,1,1,2,0,0,0,0,0,0,0,0,0,0,0,0,5120739,1192121,0,96915,599363,26,197,8,1097
35,2020,24,2,5.8,24,1,30,2,1,2,5,2,1,2,1,2019,2019,2,2,2,2,1,1,2,2,1,2,2,2,,2,2,2,1,2,2,2,2,1,1,2,2,2,1,2,5,2,2,2,2,2,1,2,2,2,1,1,2,2,2,2,1,2,2,2,2,2,1,2,2,7,0,7,7,7,7,7,7,7,0,7,7,24,0,26,24,25,22,22,22,24,0,24,24,5,0,5,5,5,5,5,5,5,0,5,5,4,3,7,3,3,6,1,0,1,4,3,7,0,0,0,1,1,2,3,2,5,0,0,0,4,3,7,0,0,0,1,1,2,1,1,2,1,1,2,1,0,1,0,0,0,0,0,0,0,0,0,10068343,6040389,121033,813987,2758864,25,237,5,1098
35,2021,24,2,5.8,24,1,31,2,2,1,3,1,1,1,1,2019,2019,2,1,2,2,1,1,2,2,2,1,2,2,,2,2,2,2,2,2,2,2,,2,2,1,2,1,2,3,2,2,2,2,1,2,2,2,2,2,2,2,2,2,2,2,2,2,2,2,1,1,2,1,9,9,9,9,9,9,9,9,9,9,9,9,22,25,25,27,25,22,27,25,28,25,25,24,9,9,9,9,9,9,9,9,9,9,9,9,6,3,9,5,3,8,1,0,1,6,3,9,0,0,0,2,1,3,4,2,6,0,0,0,6,3,9,0,0,0,1,1,2,2,1,3,2,1,3,1,0,1,0,0,0,0,0,0,0,0,0,12960573,6831526,0,497875,3133036,23,300,9,1098
35,2022,24,2,5.8,24,1,32,2,2,2,5,1,1,2,2,2019,2020,2,1,2,1,2,2,2,1,2,2,2,1,,2,1,2,2,2,2,2,2,,1,2,2,2,2,2,2,2,2,2,2,2,1,2,2,2,2,2,1,2,2,2,2,2,2,2,2,1,1,2,1,8,8,8,8,8,8,8,8,8,8,8,8,24,25,27,27,26,25,23,24,24,24,22,23,5,5,5,5,5,5,5,5,5,5,5,5,5,3,8,4,3,7,1,0,1,5,3,8,0,0,0,1,1,2,4,2,6,0,0,0,5,3,8,0,0,0,1,1,2,1,1,2,2,1,3,1,0,1,0,0,0,0,0,0,0,0,0,11599034,7467150,225598,573032,3457039,23,294,5,1098
61,2022,17,1,5.9,17,1,26,3,2,1,3,2,2,2,2,2014,2014,2,1,1,2,2,2,2,2,2,2,2,2,,2,1,1,2,2,2,2,1,,2,2,1,1,2,1,5,2,2,2,2,2,2,2,2,2,2,2,2,2,2,1,2,2,2,2,2,2,1,2,1,4,4,4,4,0,4,4,4,4,0,4,4,22,25,25,23,0,23,23,23,23,0,23,25,7,7,7,7,0,7,7,7,7,0,7,7,3,1,4,2,1,3,1,0,1,3,1,4,0,0,0,1,0,1,2,1,3,0,0,0,3,1,4,0,0,0,1,0,1,1,0,1,1,1,2,0,0,0,0,0,0,0,0,0,0,0,0,3921460,1549003,24890,148253,676375,25,235,7,1099
14,2022,32,1,6.0,32,1,27,2,2,2,4,2,1,2,1,2014,2015,2,2,1,2,1,2,2,2,2,2,2,2,,2,2,1,2,2,2,2,2,3,2,2,2,2,2,2,5,2,2,2,2,2,2,2,2,2,2,2,2,2,1,2,2,2,2,2,2,2,2,2,2,2,0,2,2,2,2,2,0,2,2,2,0,26,0,26,22,28,23,25,0,23,23,23,0,8,0,8,8,8,8,8,0,8,8,8,0,1,1,2,0,0,0,1,1,2,1,1,2,0,0,0,0,0,0,1,1,2,0,0,0,1,1,2,0,0,0,0,0,0,0,0,0,1,1,2,0,0,0,0,0,0,0,0,0,0,0,0,0,1784387,0,259181,996047,25,219,8,1100
